Cycle start time,Cycle end time,Cycle timezone,Sleep onset,Wake onset,Sleep performance %,Respiratory rate (rpm),Asleep duration (min),In bed duration (min),Light sleep duration (min),Deep (SWS) duration (min),REM duration (min),Awake duration (min),Sleep need (min),Sleep debt (min),Sleep efficiency %,Sleep consistency %,Nap
2026-05-08 22:27:57,,UTC-05:00,2026-05-08 22:27:57,2026-05-09 07:04:00,83,16.1,474,516,237,65,172,42,475,47,93,62,false
2026-05-08 00:24:30,2026-05-08 22:27:57,UTC-05:00,2026-05-08 17:05:21,2026-05-08 18:00:21,26,15.5,50,55,16,34,0,5,520,47,90,,true
2026-05-08 00:24:30,2026-05-08 22:27:57,UTC-05:00,2026-05-08 00:24:30,2026-05-08 08:28:25,83,16.1,427,483,230,60,137,56,501,23,89,72,false
2026-05-06 22:38:43,2026-05-08 00:24:30,UTC-05:00,2026-05-06 22:38:43,2026-05-07 07:59:23,85,15.4,502,560,305,92,105,58,538,65,91,74,false
2026-05-05 22:46:56,2026-05-06 21:38:43,UTC-06:00,2026-05-05 22:46:56,2026-05-06 06:08:09,83,16.7,395,441,215,56,124,46,497,1,94,78,false
2026-05-04 22:38:21,2026-05-05 22:46:56,UTC-06:00,2026-05-04 22:38:21,2026-05-05 06:32:11,85,16.8,437,473,262,52,123,36,439,66,93,68,false
2026-05-03 22:14:00,2026-05-04 22:38:21,UTC-06:00,2026-05-04 10:08:46,2026-05-04 12:17:57,22,17.1,105,129,66,29,10,24,522,66,81,,true
2026-05-03 22:14:00,2026-05-04 22:38:21,UTC-06:00,2026-05-03 22:14:00,2026-05-04 06:49:10,79,17.7,415,515,236,88,91,100,519,58,81,86,false
2026-05-02 22:38:22,2026-05-03 22:14:00,UTC-06:00,2026-05-02 22:38:22,2026-05-03 07:22:47,89,17.5,471,524,248,59,164,53,562,102,91,88,false
2026-05-01 22:33:31,2026-05-02 22:38:22,UTC-06:00,2026-05-01 22:33:31,2026-05-02 07:01:54,85,16.5,452,508,275,64,113,56,611,125,91,87,false
2026-04-30 23:17:05,2026-05-01 22:33:31,UTC-06:00,2026-04-30 23:17:05,2026-05-01 06:33:06,81,16.6,392,436,196,81,115,44,588,108,92,85,false
2026-04-29 22:33:33,2026-04-30 23:17:05,UTC-06:00,2026-04-29 22:33:33,2026-04-30 06:16:39,85,16.7,430,463,232,50,148,33,598,127,93,92,false
2026-04-28 22:24:57,2026-04-29 22:33:33,UTC-06:00,2026-04-28 22:24:57,2026-04-29 06:05:37,47,17.6,285,460,150,76,59,175,547,74,62,83,false
2026-04-27 22:02:48,2026-04-28 22:24:57,UTC-06:00,2026-04-27 22:02:48,2026-04-28 06:19:11,82,17.1,440,496,219,80,141,56,556,75,90,74,false
2026-04-26 22:20:08,2026-04-27 22:02:48,UTC-06:00,2026-04-26 22:20:08,2026-04-27 06:16:41,81,17.5,438,476,206,71,161,38,556,85,93,71,false
2026-04-25 22:42:19,2026-04-26 22:20:08,UTC-06:00,2026-04-25 22:42:19,2026-04-26 07:35:52,78,17.2,447,533,252,48,147,86,581,103,87,65,false
2026-04-25 01:16:43,2026-04-25 22:42:19,UTC-06:00,2026-04-25 01:16:43,2026-04-25 08:37:04,73,17.4,405,440,212,82,111,35,613,127,93,51,false
2026-04-23 23:26:24,2026-04-25 01:16:43,UTC-06:00,2026-04-23 23:26:24,2026-04-24 06:11:01,76,16.9,350,404,193,67,90,54,575,89,87,85,false
2026-04-22 22:20:43,2026-04-23 23:26:24,UTC-06:00,2026-04-22 22:20:43,2026-04-23 06:17:27,83,17.0,437,476,203,85,149,39,576,102,93,80,false
2026-04-21 22:45:31,2026-04-22 22:20:43,UTC-06:00,2026-04-21 22:45:31,2026-04-22 06:06:07,79,16.9,398,440,170,88,140,42,558,79,93,69,false
2026-04-20 22:37:44,2026-04-21 22:45:31,UTC-06:00,2026-04-20 22:37:44,2026-04-21 06:14:27,78,16.8,408,456,231,74,103,48,532,63,90,58,false
2026-04-19 21:55:41,2026-04-20 22:37:44,UTC-06:00,2026-04-19 21:55:41,2026-04-20 06:21:20,76,17.6,485,505,231,59,195,20,584,127,97,42,false
2026-04-19 03:31:14,2026-04-19 21:55:41,UTC-06:00,2026-04-19 03:31:14,2026-04-19 09:34:51,58,17.9,327,363,140,87,100,36,584,127,91,37,false
2026-04-18 00:53:17,2026-04-19 03:31:14,UTC-06:00,2026-04-18 00:53:17,2026-04-18 07:49:46,57,16.6,313,416,167,53,93,103,606,127,85,59,false
2026-04-16 22:30:23,2026-04-18 00:53:17,UTC-06:00,2026-04-16 22:30:23,2026-04-17 06:07:55,83,16.2,398,457,217,53,128,59,596,121,92,92,false
2026-04-15 22:45:56,2026-04-16 22:30:23,UTC-06:00,2026-04-15 22:45:56,2026-04-16 06:16:07,84,16.5,398,450,207,63,128,52,587,118,90,92,false
2026-04-14 22:52:52,2026-04-15 22:45:56,UTC-06:00,2026-04-14 22:52:52,2026-04-15 06:19:44,73,16.6,366,446,204,76,86,80,603,125,83,85,false
2026-04-13 23:04:38,2026-04-14 22:52:52,UTC-06:00,2026-04-13 23:04:38,2026-04-14 06:13:48,79,16.5,380,429,169,86,125,49,574,104,90,78,false
2026-04-12 23:18:07,2026-04-13 23:04:38,UTC-06:00,2026-04-12 23:18:07,2026-04-13 06:19:40,80,17.0,372,421,181,55,136,49,535,78,92,72,false
2026-04-11 23:21:01,2026-04-12 23:18:07,UTC-06:00,2026-04-11 23:21:01,2026-04-12 08:35:28,82,16.8,497,554,239,77,181,57,618,127,90,71,false
2026-04-11 01:00:18,2026-04-11 23:21:01,UTC-06:00,2026-04-11 01:00:18,2026-04-11 08:08:29,78,16.5,392,428,178,83,131,36,593,127,93,74,false
2026-04-10 00:13:32,2026-04-11 01:00:18,UTC-06:00,2026-04-10 00:13:32,2026-04-10 06:43:17,70,16.7,327,389,150,79,98,62,606,127,90,94,false
2026-04-09 00:20:11,2026-04-10 00:13:32,UTC-06:00,2026-04-09 00:20:11,2026-04-09 06:39:56,60,16.6,302,379,120,71,111,77,610,127,84,88,false
2026-04-07 23:59:18,2026-04-09 00:20:11,UTC-06:00,2026-04-07 23:59:18,2026-04-08 06:45:22,78,16.9,376,406,185,80,111,30,607,126,94,86,false
2026-04-06 23:45:59,2026-04-07 23:59:18,UTC-06:00,2026-04-06 23:45:59,2026-04-07 07:01:38,77,17.1,368,435,165,64,139,67,564,89,85,82,false
2026-04-06 00:00:37,2026-04-06 23:45:59,UTC-06:00,2026-04-06 00:00:37,2026-04-06 07:00:10,77,18.3,352,419,129,73,150,67,532,126,90,73,false
2026-04-05 00:20:25,2026-04-06 00:00:37,UTC-06:00,2026-04-05 13:40:11,2026-04-05 14:50:11,21,18.5,57,70,18,39,0,13,586,126,81,,true
2026-04-05 00:20:25,2026-04-06 00:00:37,UTC-06:00,2026-04-05 00:20:25,2026-04-05 07:20:05,63,17.3,319,419,103,84,132,100,572,101,79,79,false
2026-04-04 00:54:51,2026-04-05 00:20:25,UTC-06:00,2026-04-04 00:54:51,2026-04-04 08:28:45,76,17.6,394,453,204,50,140,59,597,121,88,67,false
2026-04-02 23:41:21,2026-04-04 00:54:51,UTC-06:00,2026-04-02 23:41:21,2026-04-03 06:49:54,69,17.7,338,428,155,52,131,90,581,102,81,92,false
2026-04-01 23:37:51,2026-04-02 23:41:21,UTC-06:00,2026-04-01 23:37:51,2026-04-02 07:10:08,85,17.7,404,452,140,92,172,48,564,85,91,87,false
2026-03-31 23:07:55,2026-04-01 23:37:51,UTC-06:00,2026-03-31 23:07:55,2026-04-01 06:42:32,81,17.6,407,454,154,104,149,47,577,96,91,78,false
2026-03-30 23:31:58,2026-03-31 23:07:55,UTC-06:00,2026-03-30 23:31:58,2026-03-31 06:55:24,83,17.2,381,443,179,68,134,62,531,50,90,80,false
2026-03-29 23:50:55,2026-03-30 23:31:58,UTC-06:00,2026-03-29 23:50:55,2026-03-30 08:00:56,85,17.7,456,490,165,92,199,34,535,79,95,80,false
2026-03-29 00:22:42,2026-03-29 23:50:55,UTC-06:00,2026-03-29 00:22:42,2026-03-29 08:42:09,80,17.6,452,499,211,72,169,47,611,115,91,68,false
2026-03-27 23:44:54,2026-03-29 00:22:42,UTC-06:00,2026-03-27 23:44:54,2026-03-28 07:37:46,81,17.7,433,472,162,89,182,39,613,127,93,77,false
2026-03-26 23:10:17,2026-03-27 23:44:54,UTC-06:00,2026-03-26 23:10:17,2026-03-27 06:16:01,81,17.4,393,425,187,83,123,32,607,127,94,97,false
2026-03-25 23:08:46,2026-03-26 23:10:17,UTC-06:00,2026-03-25 23:08:46,2026-03-26 06:19:31,82,17.2,390,430,189,68,133,40,604,123,93,93,false
2026-03-24 23:06:04,2026-03-25 23:08:46,UTC-06:00,2026-03-24 23:06:04,2026-03-25 06:17:45,83,17.2,381,431,158,82,141,50,574,93,91,90,false
2026-03-23 22:54:00,2026-03-24 23:06:04,UTC-06:00,2026-03-23 22:54:00,2026-03-24 06:17:17,84,17.4,402,443,191,76,135,41,548,70,93,86,false
2026-03-22 22:21:59,2026-03-23 22:54:00,UTC-06:00,2026-03-22 22:21:59,2026-03-23 06:18:22,78,17.3,407,476,203,43,161,69,547,87,86,74,false
2026-03-21 23:18:54,2026-03-22 22:21:59,UTC-06:00,2026-03-21 23:18:54,2026-03-22 08:25:02,80,17.2,478,546,248,91,139,68,615,123,89,70,false
2026-03-20 23:02:07,2026-03-21 23:18:54,UTC-06:00,2026-03-20 23:02:07,2026-03-21 06:04:20,75,17.3,367,422,179,63,125,55,615,124,88,93,false
2026-03-19 22:53:09,2026-03-20 23:02:07,UTC-06:00,2026-03-19 22:53:09,2026-03-20 06:17:10,84,17.4,414,444,159,83,172,30,607,126,95,92,false
2026-03-18 22:47:43,2026-03-19 22:53:09,UTC-06:00,2026-03-18 22:47:43,2026-03-19 06:16:54,81,17.7,392,449,191,77,124,57,589,107,89,85,false
2026-03-17 22:44:47,2026-03-18 22:47:43,UTC-06:00,2026-03-17 22:44:47,2026-03-18 06:17:07,81,17.6,401,452,178,65,158,51,568,90,91,77,false
2026-03-16 22:55:45,2026-03-17 22:44:47,UTC-06:00,2026-03-16 22:55:45,2026-03-17 06:11:02,79,17.2,391,435,222,38,131,44,571,93,92,75,false
2026-03-16 00:34:16,2026-03-16 22:55:45,UTC-06:00,2026-03-16 00:34:16,2026-03-16 07:37:09,79,17.8,385,422,170,86,129,37,571,110,92,76,false
2026-03-14 23:43:06,2026-03-16 00:34:16,UTC-06:00,2026-03-14 23:43:06,2026-03-15 07:13:00,81,17.5,407,449,195,81,131,42,579,112,90,81,false
2026-03-13 23:37:10,2026-03-14 23:43:06,UTC-06:00,2026-03-14 12:15:41,2026-03-14 12:43:41,14,14.9,23,28,13,10,0,5,598,112,83,,true
2026-03-13 23:37:10,2026-03-14 23:43:06,UTC-06:00,2026-03-13 23:37:10,2026-03-14 06:53:06,78,17.7,386,435,226,52,108,49,610,127,89,86,false
2026-03-12 22:59:55,2026-03-13 23:37:10,UTC-06:00,2026-03-12 22:59:55,2026-03-13 06:17:46,83,17.4,392,437,185,64,143,45,598,115,93,95,false
2026-03-11 23:11:02,2026-03-12 22:59:55,UTC-06:00,2026-03-11 23:11:02,2026-03-12 06:18:04,79,17.5,377,427,200,49,128,50,608,127,90,93,false
2026-03-10 23:11:39,2026-03-11 23:11:02,UTC-06:00,2026-03-10 23:11:39,2026-03-11 06:19:26,81,17.7,382,427,181,61,140,45,589,114,90,88,false
2026-03-09 22:52:37,2026-03-10 23:11:39,UTC-06:00,2026-03-09 22:52:37,2026-03-10 06:21:26,81,17.7,403,448,185,77,141,45,582,106,91,80,false
2026-03-08 23:24:43,2026-03-09 22:52:37,UTC-06:00,2026-03-08 23:24:43,2026-03-09 06:18:08,77,17.6,370,413,169,64,137,43,583,116,90,78,false
2026-03-08 00:09:50,2026-03-08 23:24:43,UTC-06:00,2026-03-08 00:09:50,2026-03-08 08:00:10,82,17.6,429,470,159,78,192,41,610,113,92,78,false
2026-03-06 23:24:18,2026-03-08 00:09:50,UTC-06:00,2026-03-06 23:24:18,2026-03-07 07:05:30,79,17.7,423,461,174,71,178,38,600,127,94,90,false
2026-03-05 23:29:55,2026-03-06 23:24:18,UTC-06:00,2026-03-05 23:29:55,2026-03-06 07:05:19,79,17.6,392,455,211,63,118,63,604,127,88,86,false
2026-03-04 23:36:12,2026-03-05 23:29:55,UTC-06:00,2026-03-04 23:36:12,2026-03-05 05:56:21,69,17.8,328,380,147,61,120,52,603,124,91,90,false
2026-03-03 23:37:07,2026-03-04 23:36:12,UTC-06:00,2026-03-03 23:37:07,2026-03-04 06:17:17,76,17.8,354,400,174,48,132,46,603,117,90,90,false
2026-03-02 23:13:08,2026-03-03 23:37:07,UTC-06:00,2026-03-02 23:13:08,2026-03-03 06:17:53,82,17.9,383,424,133,86,164,41,565,91,92,86,false
2026-03-01 23:21:04,2026-03-02 23:13:08,UTC-06:00,2026-03-01 23:21:04,2026-03-02 06:17:30,83,17.8,388,416,156,106,126,28,530,72,94,82,false
2026-02-28 23:37:28,2026-03-01 23:21:04,UTC-06:00,2026-02-28 23:37:28,2026-03-01 08:40:42,82,17.6,512,543,234,111,167,31,626,127,95,73,false
2026-02-27 23:40:13,2026-02-28 23:37:28,UTC-06:00,2026-02-27 23:40:13,2026-02-28 06:32:09,79,17.9,372,411,122,96,154,39,605,127,93,94,false
2026-02-26 23:25:33,2026-02-27 23:40:13,UTC-06:00,2026-02-26 23:25:33,2026-02-27 06:29:30,83,17.5,407,423,224,45,138,16,609,127,96,91,false
2026-02-25 23:41:30,2026-02-26 23:25:33,UTC-06:00,2026-02-25 23:41:30,2026-02-26 06:19:25,71,17.7,339,397,143,75,121,58,603,127,90,86,false
2026-02-24 23:10:34,2026-02-25 23:41:30,UTC-06:00,2026-02-24 23:10:34,2026-02-25 06:17:19,80,17.3,376,426,172,94,110,50,575,97,91,82,false
2026-02-23 22:53:05,2026-02-24 23:10:34,UTC-06:00,2026-02-23 22:53:05,2026-02-24 06:32:05,80,17.5,397,458,210,75,112,61,549,74,87,78,false
2026-02-22 22:38:38,2026-02-23 22:53:05,UTC-06:00,2026-02-22 22:38:38,2026-02-23 06:52:42,80,17.6,457,494,197,95,165,37,574,116,94,66,false
2026-02-22 00:27:52,2026-02-22 22:38:38,UTC-06:00,2026-02-22 00:27:52,2026-02-22 08:21:41,80,17.8,434,473,207,75,152,39,616,127,92,72,false
2026-02-20 23:42:56,2026-02-22 00:27:52,UTC-06:00,2026-02-20 23:42:56,2026-02-21 07:07:01,80,17.9,396,444,160,105,131,48,605,127,90,83,false
2026-02-20 00:26:18,2026-02-20 23:42:56,UTC-06:00,2026-02-20 00:26:18,2026-02-20 06:19:52,62,17.6,302,353,130,78,94,51,610,121,88,85,false
2026-02-18 23:02:43,2026-02-20 00:26:18,UTC-06:00,2026-02-18 23:02:43,2026-02-19 06:17:55,84,18.0,416,435,158,81,177,19,605,127,96,91,false
2026-02-17 23:09:14,2026-02-18 23:02:43,UTC-06:00,2026-02-17 23:09:14,2026-02-18 06:16:30,78,16.9,371,427,191,56,124,56,603,127,91,87,false
2026-02-16 23:25:34,2026-02-17 23:09:14,UTC-06:00,2026-02-16 23:25:34,2026-02-17 06:15:59,70,17.3,345,410,162,41,142,65,605,127,85,85,false
2026-02-15 23:47:30,2026-02-16 23:25:34,UTC-06:00,2026-02-15 23:47:30,2026-02-16 06:19:09,79,17.8,363,391,148,85,130,28,571,114,93,84,false
2026-02-15 00:07:17,2026-02-15 23:47:30,UTC-06:00,2026-02-15 00:07:17,2026-02-15 07:47:25,81,17.5,409,460,192,73,144,51,587,127,89,80,false
2026-02-14 00:07:58,2026-02-15 00:07:17,UTC-06:00,2026-02-14 00:07:58,2026-02-14 06:56:28,80,17.7,384,408,185,48,151,24,597,127,95,85,false
2026-02-12 23:23:52,2026-02-14 00:07:58,UTC-06:00,2026-02-12 23:23:52,2026-02-13 06:18:43,81,17.2,380,414,188,59,133,34,594,127,93,91,false
2026-02-11 23:29:15,2026-02-12 23:23:52,UTC-06:00,2026-02-11 23:29:15,2026-02-12 06:18:39,78,17.7,369,409,184,45,140,40,581,103,92,81,false
2026-02-10 23:19:49,2026-02-11 23:29:15,UTC-06:00,2026-02-10 23:19:49,2026-02-11 06:45:37,80,17.2,404,445,223,63,118,41,565,105,92,70,false
2026-02-09 23:47:49,2026-02-10 23:19:49,UTC-06:00,2026-02-09 23:47:49,2026-02-10 06:17:44,71,16.7,334,389,158,67,109,55,544,71,88,60,false
2026-02-08 23:10:14,2026-02-09 23:47:49,UTC-06:00,2026-02-08 23:10:14,2026-02-09 06:49:16,76,17.9,425,459,142,113,170,34,536,80,94,48,false
2026-02-08 03:03:06,2026-02-08 23:10:14,UTC-06:00,2026-02-08 03:03:06,2026-02-08 10:16:38,69,18.6,401,433,118,124,159,32,562,83,94,42,false
2026-02-07 00:30:34,2026-02-08 03:03:06,UTC-06:00,2026-02-07 00:30:34,2026-02-07 09:12:55,76,18.2,456,522,174,98,184,66,586,127,89,58,false
2026-02-06 00:06:45,2026-02-07 00:30:34,UTC-06:00,2026-02-06 00:06:45,2026-02-06 05:22:36,46,17.1,256,315,89,70,97,59,593,117,83,80,false
2026-02-04 23:42:38,2026-02-06 00:06:45,UTC-06:00,2026-02-04 23:42:38,2026-02-05 06:17:05,76,17.5,363,394,171,79,113,31,598,117,93,83,false
2026-02-03 23:33:19,2026-02-04 23:42:38,UTC-06:00,2026-02-03 23:33:19,2026-02-04 06:20:47,64,17.0,326,407,157,85,84,81,560,89,81,72,false
2026-02-02 23:38:55,2026-02-03 23:33:19,UTC-06:00,2026-02-02 23:38:55,2026-02-03 06:17:56,76,17.3,355,399,142,94,119,44,534,52,93,65,false
2026-02-02 00:39:59,2026-02-02 23:38:55,UTC-06:00,2026-02-02 00:39:59,2026-02-02 08:49:08,87,17.8,435,489,153,104,178,54,516,60,90,85,false
2026-02-01 00:39:24,2026-02-02 00:39:59,UTC-06:00,2026-02-01 00:39:24,2026-02-01 09:22:16,82,17.6,465,522,169,74,222,57,559,76,90,70,false
2026-01-31 00:11:59,2026-02-01 00:39:24,UTC-06:00,2026-01-31 00:11:59,2026-01-31 08:36:23,82,17.3,465,504,156,113,196,39,584,113,93,72,false
2026-01-29 23:44:51,2026-01-31 00:11:59,UTC-06:00,2026-01-29 23:44:51,2026-01-30 07:15:18,71,17.2,359,450,161,92,106,91,585,125,80,87,false
2026-01-28 23:48:03,2026-01-29 23:44:51,UTC-06:00,2026-01-28 23:48:03,2026-01-29 06:18:55,70,16.6,320,390,145,67,108,70,572,104,86,89,false
2026-01-27 23:28:55,2026-01-28 23:48:03,UTC-06:00,2026-01-27 23:28:55,2026-01-28 06:20:36,83,16.7,375,411,183,62,130,36,538,68,92,85,false
2026-01-26 23:23:09,2026-01-27 23:28:55,UTC-06:00,2026-01-26 23:23:09,2026-01-27 06:21:55,83,16.9,377,418,212,46,119,41,484,18,91,77,false
2026-01-25 23:20:07,2026-01-26 23:23:09,UTC-06:00,2026-01-25 23:20:07,2026-01-26 07:21:38,87,17.2,437,481,217,87,133,44,466,8,92,77,false
2026-01-24 23:34:40,2026-01-25 23:20:07,UTC-06:00,2026-01-24 23:34:40,2026-01-25 08:48:35,89,17.4,508,553,224,100,184,45,522,62,93,77,false
2026-01-23 23:38:46,2026-01-24 23:34:40,UTC-06:00,2026-01-23 23:38:46,2026-01-24 09:14:30,78,17.0,497,575,228,86,183,78,595,127,86,63,false
2026-01-23 00:18:35,2026-01-23 23:38:46,UTC-06:00,2026-01-23 00:18:35,2026-01-23 06:19:53,63,17.4,306,361,152,41,113,55,599,127,91,79,false
2026-01-22 00:17:30,2026-01-23 00:18:35,UTC-06:00,2026-01-22 00:17:30,2026-01-22 06:17:58,60,17.3,296,360,153,31,112,64,539,68,83,62,false
2026-01-20 23:59:52,2026-01-22 00:17:30,UTC-06:00,2026-01-20 23:59:52,2026-01-21 07:42:53,76,17.8,401,463,209,62,130,62,507,51,88,51,false
2026-01-20 00:21:57,2026-01-20 23:59:52,UTC-06:00,2026-01-20 00:21:57,2026-01-20 07:31:54,72,17.3,375,429,175,62,138,54,455,127,87,30,false
2026-01-19 05:16:00,2026-01-20 01:21:57,UTC-05:00,2026-01-19 17:35:44,2026-01-19 20:03:18,21,18.0,130,147,76,48,6,17,585,127,88,,true
2026-01-19 05:16:00,2026-01-20 01:21:57,UTC-05:00,2026-01-19 05:16:00,2026-01-19 07:40:42,29,18.5,130,144,66,47,17,14,586,127,90,72,false
2026-01-18 04:54:47,2026-01-19 05:16:00,UTC-05:00,2026-01-18 04:54:47,2026-01-18 10:07:41,56,19.1,289,312,109,83,97,23,590,127,92,62,false
2026-01-17 04:05:14,2026-01-18 04:54:47,UTC-05:00,2026-01-17 04:05:14,2026-01-17 09:42:10,31,18.9,307,336,82,113,112,29,584,127,92,48,false
2026-01-16 06:10:09,2026-01-17 04:05:14,UTC-05:00,2026-01-16 06:10:09,2026-01-16 10:38:09,23,18.3,258,267,87,98,73,9,588,127,96,25,false
2026-01-14 23:28:59,2026-01-16 05:10:09,UTC-06:00,2026-01-14 23:28:59,2026-01-15 04:18:23,47,16.9,266,289,117,61,88,23,588,127,94,65,false
2026-01-14 00:30:09,2026-01-14 23:28:59,UTC-06:00,2026-01-14 00:30:09,2026-01-14 06:17:07,66,17.4,323,346,142,92,89,23,580,99,96,81,false
2026-01-12 23:43:17,2026-01-14 00:30:09,UTC-06:00,2026-01-12 23:43:17,2026-01-13 06:21:04,67,17.9,356,397,129,99,128,41,555,81,90,77,false
2026-01-11 23:39:57,2026-01-12 23:43:17,UTC-06:00,2026-01-11 23:39:57,2026-01-12 06:48:01,68,17.9,388,428,187,75,126,40,550,91,93,70,false
2026-01-11 00:31:15,2026-01-11 23:39:57,UTC-06:00,2026-01-11 00:31:15,2026-01-11 09:35:17,53,17.2,429,544,216,73,140,115,613,104,79,72,false
2026-01-09 23:57:50,2026-01-11 00:31:15,UTC-06:00,2026-01-09 23:57:50,2026-01-10 07:21:07,74,17.1,383,443,183,65,135,60,592,116,89,90,false
2026-01-09 00:25:24,2026-01-09 23:57:50,UTC-06:00,2026-01-09 00:25:24,2026-01-09 07:22:40,77,16.9,368,417,210,48,110,49,600,127,90,93,false
2026-01-08 00:23:18,2026-01-09 00:25:24,UTC-06:00,2026-01-08 00:23:18,2026-01-08 07:20:31,65,16.9,329,417,161,62,106,88,588,126,80,88,false
2026-01-07 00:43:08,2026-01-08 00:23:18,UTC-06:00,2026-01-07 00:43:08,2026-01-07 08:02:36,81,16.9,391,439,235,57,99,48,588,111,90,84,false
2026-01-06 01:00:52,2026-01-07 00:43:08,UTC-06:00,2026-01-06 01:00:52,2026-01-06 07:19:12,71,16.5,317,378,158,76,83,61,540,66,87,78,false
2026-01-04 23:57:06,2026-01-06 01:00:52,UTC-06:00,2026-01-04 23:57:06,2026-01-05 07:17:35,81,16.9,365,440,196,68,101,75,499,39,87,82,false
2026-01-04 00:04:16,2026-01-04 23:57:06,UTC-06:00,2026-01-04 00:04:16,2026-01-04 09:16:32,85,17.1,487,552,254,56,177,65,548,61,88,79,false
2026-01-03 00:03:42,2026-01-04 00:04:16,UTC-06:00,2026-01-03 00:03:42,2026-01-03 08:13:29,84,17.6,447,489,185,85,177,42,544,74,92,84,false
2026-01-01 23:14:46,2026-01-03 00:03:42,UTC-06:00,2026-01-01 23:14:46,2026-01-02 07:32:11,81,16.4,419,497,239,41,139,78,535,73,85,86,false
2026-01-01 00:13:13,2026-01-01 23:14:46,UTC-06:00,2026-01-01 00:13:13,2026-01-01 07:38:13,83,16.5,376,445,181,58,137,69,490,33,89,80,false
2025-12-30 22:52:32,2026-01-01 00:13:13,UTC-06:00,2025-12-30 22:52:32,2025-12-31 08:00:04,81,16.6,453,547,246,37,170,94,506,46,83,82,false
2025-12-29 22:45:36,2025-12-30 22:52:32,UTC-06:00,2025-12-29 22:45:36,2025-12-30 07:50:00,84,17.0,491,544,287,67,137,53,563,92,91,75,false
2025-12-29 01:21:51,2025-12-29 22:45:36,UTC-06:00,2025-12-29 01:21:51,2025-12-29 06:55:49,75,16.2,317,333,192,59,66,16,503,45,95,71,false
2025-12-27 23:15:17,2025-12-29 01:21:51,UTC-06:00,2025-12-27 23:15:17,2025-12-28 07:34:23,85,16.7,468,499,254,82,132,31,539,82,94,79,false
2025-12-27 00:27:48,2025-12-27 23:15:17,UTC-06:00,2025-12-27 00:27:48,2025-12-27 08:03:14,83,16.4,412,455,206,83,123,43,541,74,90,78,false
2025-12-25 23:16:02,2025-12-27 00:27:48,UTC-06:00,2025-12-25 23:16:02,2025-12-26 07:51:25,82,17.5,468,515,233,98,137,47,584,127,91,71,false
2025-12-25 02:50:53,2025-12-25 23:16:02,UTC-06:00,2025-12-25 02:50:53,2025-12-25 07:54:15,57,17.5,297,303,175,53,69,6,589,127,98,59,false
2025-12-24 00:01:02,2025-12-25 02:50:53,UTC-06:00,2025-12-24 00:01:02,2025-12-24 06:48:30,82,16.8,387,407,203,77,107,20,585,116,95,88,false
2025-12-23 00:27:03,2025-12-24 00:01:02,UTC-06:00,2025-12-23 00:27:03,2025-12-23 06:48:04,80,17.1,357,381,187,82,88,24,538,56,93,82,false
2025-12-21 23:40:58,2025-12-23 00:27:03,UTC-06:00,2025-12-21 23:40:58,2025-12-22 07:15:49,85,17.4,416,454,202,65,149,38,503,46,92,79,false
2025-12-20 23:33:25,2025-12-21 23:40:58,UTC-06:00,2025-12-20 23:33:25,2025-12-21 09:06:19,81,17.5,539,572,233,102,204,33,611,127,95,64,false
2025-12-20 00:04:31,2025-12-20 23:33:25,UTC-06:00,2025-12-20 00:04:31,2025-12-20 06:52:50,79,16.5,386,408,193,55,138,22,590,127,96,79,false
2025-12-19 01:58:45,2025-12-20 00:04:31,UTC-06:00,2025-12-19 01:58:45,2025-12-19 07:59:18,37,17.9,333,360,139,86,108,27,609,123,93,58,false
2025-12-18 00:22:56,2025-12-19 01:58:45,UTC-06:00,2025-12-18 00:22:56,2025-12-18 06:14:22,71,16.6,335,351,179,70,86,16,582,113,95,74,false
2025-12-17 00:08:57,2025-12-18 00:22:56,UTC-06:00,2025-12-17 00:08:57,2025-12-17 06:21:30,76,17.0,350,372,166,61,123,22,527,61,95,62,false
2025-12-15 23:16:23,2025-12-17 00:08:57,UTC-06:00,2025-12-15 23:16:23,2025-12-16 06:05:20,79,16.5,382,408,211,65,106,26,477,0,94,59,false
2025-12-14 21:59:23,2025-12-15 23:16:23,UTC-06:00,2025-12-14 21:59:23,2025-12-15 08:53:32,79,17.6,613,654,278,104,231,41,481,110,95,44,false
2025-12-13 22:13:49,2025-12-14 21:59:23,UTC-06:00,2025-12-14 12:26:04,2025-12-14 14:13:44,10,18.2,106,107,26,63,17,1,586,110,99,,true
2025-12-13 22:13:49,2025-12-14 21:59:23,UTC-06:00,2025-12-13 22:13:49,2025-12-14 04:20:38,65,17.3,323,366,159,86,78,43,545,58,90,46,false
2025-12-12 23:42:32,2025-12-13 22:13:49,UTC-06:00,2025-12-12 23:42:32,2025-12-13 08:29:27,79,17.5,501,526,238,92,171,25,592,127,95,72,false
2025-12-11 23:51:33,2025-12-12 23:42:32,UTC-06:00,2025-12-11 23:51:33,2025-12-12 06:21:51,80,17.1,376,390,148,109,119,14,595,127,97,96,false
2025-12-10 23:54:39,2025-12-11 23:51:33,UTC-06:00,2025-12-10 23:54:39,2025-12-11 06:20:06,78,16.0,364,385,150,71,143,21,601,127,96,94,false
2025-12-10 00:24:29,2025-12-10 23:54:39,UTC-06:00,2025-12-10 00:24:29,2025-12-10 06:21:59,71,16.2,333,357,128,89,116,24,603,127,95,93,false
2025-12-09 00:07:32,2025-12-10 00:24:29,UTC-06:00,2025-12-09 00:07:32,2025-12-09 06:18:27,73,15.5,334,370,151,95,88,36,591,104,92,88,false
2025-12-08 00:18:52,2025-12-09 00:07:32,UTC-06:00,2025-12-08 00:18:52,2025-12-08 06:22:12,74,17.3,318,363,166,54,98,45,528,70,89,81,false
2025-12-05 23:26:13,2025-12-07 01:00:00,UTC-06:00,2025-12-05 23:26:13,2025-12-06 08:08:59,82,17.5,474,522,199,85,190,48,584,127,91,75,false
2025-12-04 23:50:10,2025-12-05 23:26:13,UTC-06:00,2025-12-04 23:50:10,2025-12-05 06:21:31,77,16.4,357,391,189,77,91,34,596,127,93,93,false
2025-12-03 23:55:06,2025-12-04 23:50:10,UTC-06:00,2025-12-03 23:55:06,2025-12-04 06:23:02,75,16.3,349,387,181,40,128,38,589,121,93,85,false
2025-12-02 23:10:09,2025-12-03 23:55:06,UTC-06:00,2025-12-02 23:10:09,2025-12-03 06:19:57,73,16.2,362,429,213,40,109,67,606,120,86,81,false
2025-12-01 23:24:06,2025-12-02 23:10:09,UTC-06:00,2025-12-01 23:24:06,2025-12-02 06:18:12,78,16.6,368,414,162,97,109,46,555,95,93,71,false
2025-11-30 23:09:02,2025-12-01 23:24:06,UTC-06:00,2025-11-30 23:09:02,2025-12-01 06:32:03,79,17.5,417,443,237,51,129,26,566,106,95,64,false
2025-11-30 04:05:36,2025-12-01 00:09:02,UTC-05:00,2025-11-30 04:05:36,2025-11-30 09:10:30,39,18.6,270,304,79,100,91,34,484,4,90,45,false
2025-11-28 22:44:25,2025-11-30 04:05:36,UTC-05:00,2025-11-28 22:44:25,2025-11-29 08:15:05,85,16.8,525,570,291,67,167,45,532,63,94,69,false
2025-11-28 00:06:11,2025-11-28 22:44:25,UTC-05:00,2025-11-28 00:06:11,2025-11-28 08:47:32,84,16.1,481,521,234,109,138,40,579,123,94,76,false
2025-11-26 23:27:12,2025-11-27 23:06:11,UTC-06:00,2025-11-26 23:27:12,2025-11-27 05:50:34,76,16.7,352,383,174,66,112,31,599,120,93,89,false
2025-11-25 23:25:30,2025-11-26 23:27:12,UTC-06:00,2025-11-25 23:25:30,2025-11-26 06:13:17,77,16.3,371,407,206,54,111,36,612,120,96,88,false
2025-11-24 23:01:34,2025-11-25 23:25:30,UTC-06:00,2025-11-24 23:01:34,2025-11-25 06:19:15,82,16.5,403,437,203,70,130,34,590,108,93,84,false
2025-11-23 23:48:03,2025-11-24 23:01:34,UTC-06:00,2025-11-23 23:48:03,2025-11-24 06:22:43,82,17.3,361,394,200,58,103,33,530,70,93,84,false
2025-11-22 22:39:31,2025-11-23 23:48:03,UTC-06:00,2025-11-22 22:39:31,2025-11-23 07:32:25,76,17.1,497,532,246,53,198,35,639,114,93,76,false
2025-11-22 00:07:12,2025-11-22 22:39:31,UTC-06:00,2025-11-22 00:07:12,2025-11-22 07:10:56,82,16.3,395,423,217,70,108,28,574,109,94,83,false
2025-11-20 23:42:35,2025-11-22 00:07:12,UTC-06:00,2025-11-20 23:42:35,2025-11-21 06:20:54,79,15.9,360,398,172,67,121,38,580,105,92,93,false
2025-11-19 23:19:23,2025-11-20 23:42:35,UTC-06:00,2025-11-19 23:19:23,2025-11-20 06:19:50,79,16.0,382,420,217,53,112,38,594,112,92,82,false
2025-11-18 23:45:32,2025-11-19 23:19:23,UTC-06:00,2025-11-18 23:45:32,2025-11-19 06:20:56,76,16.3,350,395,215,56,79,45,576,87,92,80,false
2025-11-17 23:44:37,2025-11-18 23:45:32,UTC-06:00,2025-11-17 23:44:37,2025-11-18 06:19:25,79,16.9,372,394,183,68,121,22,548,70,95,71,false
2025-11-17 00:09:16,2025-11-17 23:44:37,UTC-06:00,2025-11-17 00:09:16,2025-11-17 08:08:23,85,17.1,434,479,242,56,136,45,543,85,91,83,false
2025-11-16 00:41:14,2025-11-17 00:09:16,UTC-06:00,2025-11-16 00:41:14,2025-11-16 08:47:56,82,17.2,477,486,218,81,178,9,609,111,98,75,false
2025-11-15 00:29:09,2025-11-16 00:41:14,UTC-06:00,2025-11-15 00:29:09,2025-11-15 07:52:10,81,16.6,416,443,227,80,109,27,590,107,95,78,false
2025-11-14 00:03:45,2025-11-15 00:29:09,UTC-06:00,2025-11-14 00:03:45,2025-11-14 07:22:35,77,16.2,387,438,223,76,88,51,602,118,89,80,false
2025-11-12 23:47:45,2025-11-14 00:03:45,UTC-06:00,2025-11-12 23:47:45,2025-11-13 06:20:11,74,16.3,341,392,176,63,102,51,579,105,88,86,false
2025-11-11 23:19:13,2025-11-12 23:47:45,UTC-06:00,2025-11-11 23:19:13,2025-11-12 06:22:46,83,16.3,398,423,164,116,118,25,562,87,95,81,false
2025-11-10 23:19:13,2025-11-11 23:19:13,UTC-06:00,2025-11-10 23:19:13,2025-11-11 06:23:55,79,16.5,371,424,159,90,122,53,546,68,89,72,false
2025-11-09 23:05:47,2025-11-10 23:19:13,UTC-06:00,2025-11-09 23:05:47,2025-11-10 06:37:00,79,17.2,420,451,220,75,125,31,556,97,95,64,false
2025-11-09 01:26:11,2025-11-09 23:05:47,UTC-06:00,2025-11-09 01:26:11,2025-11-09 08:58:36,75,17.4,392,452,203,57,132,60,587,89,87,61,false
2025-11-08 00:12:48,2025-11-09 01:26:11,UTC-06:00,2025-11-08 00:12:48,2025-11-08 08:05:48,80,16.4,428,473,225,45,158,45,607,127,92,71,false
2025-11-06 23:27:24,2025-11-08 00:12:48,UTC-06:00,2025-11-06 23:27:24,2025-11-07 06:17:07,81,16.2,382,409,180,88,114,27,602,122,94,95,false
2025-11-05 23:40:22,2025-11-06 23:27:24,UTC-06:00,2025-11-05 23:40:22,2025-11-06 06:13:34,76,16.2,354,393,172,64,118,39,598,119,91,90,false
2025-11-04 23:19:30,2025-11-05 23:40:22,UTC-06:00,2025-11-04 23:19:30,2025-11-05 06:17:58,82,16.2,379,418,179,69,131,39,565,91,92,85,false
2025-11-03 23:05:05,2025-11-04 23:19:30,UTC-06:00,2025-11-03 23:05:05,2025-11-04 06:17:14,82,16.3,406,432,230,53,123,26,549,70,95,75,false
2025-11-02 23:39:59,2025-11-03 23:05:05,UTC-06:00,2025-11-02 23:39:59,2025-11-03 06:16:09,80,17.3,373,396,134,79,160,23,515,58,94,71,false
2025-11-02 00:25:50,2025-11-02 23:39:59,UTC-06:00,2025-11-02 00:25:50,2025-11-02 08:42:55,83,17.1,461,497,241,101,119,36,552,95,94,72,false
2025-11-01 00:18:52,2025-11-02 00:25:50,UTC-06:00,2025-11-01 00:18:52,2025-11-01 07:34:06,79,16.1,394,435,209,46,139,41,585,102,92,77,false
2025-10-30 23:30:46,2025-11-01 00:18:52,UTC-06:00,2025-10-30 23:30:46,2025-10-31 06:42:56,81,16.3,383,432,210,65,108,49,588,109,91,88,false
2025-10-29 23:11:17,2025-10-30 23:30:46,UTC-06:00,2025-10-29 23:11:17,2025-10-30 06:18:17,82,16.0,377,427,229,40,108,50,548,73,93,83,false
2025-10-28 22:54:20,2025-10-29 23:11:17,UTC-06:00,2025-10-28 22:54:20,2025-10-29 06:30:38,80,16.5,405,456,241,71,93,51,552,85,90,74,false
2025-10-28 00:29:54,2025-10-28 22:54:20,UTC-06:00,2025-10-28 00:29:54,2025-10-28 06:30:20,75,16.7,314,360,179,51,84,46,485,5,88,69,false
2025-10-26 22:44:11,2025-10-28 00:29:54,UTC-06:00,2025-10-26 22:44:11,2025-10-27 07:57:53,90,17.5,519,553,283,70,166,34,529,69,95,78,false
2025-10-26 00:38:10,2025-10-26 22:44:11,UTC-06:00,2025-10-26 00:38:10,2025-10-26 08:09:01,80,17.8,403,450,187,84,132,47,512,39,89,80,false
2025-10-25 01:09:20,2025-10-26 00:38:10,UTC-06:00,2025-10-25 01:09:20,2025-10-25 08:31:44,76,17.8,384,442,200,58,126,58,464,0,86,66,false
2025-10-23 22:34:45,2025-10-25 01:09:20,UTC-06:00,2025-10-23 22:34:45,2025-10-24 08:17:09,91,16.2,531,582,297,47,187,51,510,52,92,79,false
2025-10-22 22:50:27,2025-10-23 22:34:45,UTC-06:00,2025-10-22 22:50:27,2025-10-23 08:22:58,83,15.9,507,572,247,89,171,65,589,127,89,73,false
2025-10-21 23:23:11,2025-10-22 22:50:27,UTC-06:00,2025-10-21 23:23:11,2025-10-22 06:20:46,80,16.4,374,417,226,71,77,43,597,109,90,88,false
2025-10-20 23:44:57,2025-10-21 23:23:11,UTC-06:00,2025-10-20 23:44:57,2025-10-21 06:21:41,72,17.0,328,396,142,95,91,68,547,64,86,83,false
2025-10-19 23:20:22,2025-10-20 23:44:57,UTC-06:00,2025-10-19 23:20:22,2025-10-20 06:48:41,85,17.9,395,448,200,65,130,53,496,33,94,81,false
2025-10-18 22:25:42,2025-10-19 23:20:22,UTC-06:00,2025-10-18 22:25:42,2025-10-19 08:27:54,79,17.6,548,602,259,65,224,54,600,127,91,62,false
2025-10-17 23:41:45,2025-10-18 22:25:42,UTC-06:00,2025-10-17 23:41:45,2025-10-18 06:19:56,77,16.7,362,398,175,54,133,36,605,127,92,96,false
2025-10-16 23:34:14,2025-10-17 23:41:45,UTC-06:00,2025-10-16 23:34:14,2025-10-17 06:20:53,80,16.6,384,406,227,62,95,22,612,127,96,93,false
2025-10-15 23:45:32,2025-10-16 23:34:14,UTC-06:00,2025-10-15 23:45:32,2025-10-16 05:53:09,69,16.2,330,367,208,42,80,37,604,127,92,83,false
2025-10-14 23:31:38,2025-10-15 23:45:32,UTC-06:00,2025-10-14 23:31:38,2025-10-15 06:23:22,79,16.3,387,411,205,72,110,24,593,127,95,78,false
2025-10-13 23:33:07,2025-10-14 23:31:38,UTC-06:00,2025-10-13 23:33:07,2025-10-14 06:20:48,73,16.4,360,407,155,83,122,47,593,116,93,69,false
2025-10-12 23:02:38,2025-10-13 23:33:07,UTC-06:00,2025-10-12 23:02:38,2025-10-13 06:16:09,77,17.7,408,433,171,77,160,25,589,127,95,60,false
2025-10-12 02:14:18,2025-10-12 23:02:38,UTC-06:00,2025-10-12 02:14:18,2025-10-12 08:41:55,23,18.9,295,372,77,107,111,77,578,70,79,60,false
2025-10-11 00:47:03,2025-10-12 02:14:18,UTC-06:00,2025-10-11 00:47:03,2025-10-11 09:00:36,78,16.5,451,493,241,54,156,42,591,119,92,58,false
2025-10-09 23:45:32,2025-10-11 00:47:03,UTC-06:00,2025-10-09 23:45:32,2025-10-10 06:20:53,78,16.2,369,395,173,64,132,26,608,127,94,94,false
2025-10-08 23:44:44,2025-10-09 23:45:32,UTC-06:00,2025-10-08 23:44:44,2025-10-09 06:18:58,80,16.9,367,394,144,74,149,27,574,115,94,89,false
2025-10-07 23:13:22,2025-10-08 23:44:44,UTC-06:00,2025-10-07 23:13:22,2025-10-08 06:02:39,77,16.7,361,409,166,87,108,48,593,118,94,86,false
2025-10-06 23:20:12,2025-10-07 23:13:22,UTC-06:00,2025-10-06 23:20:12,2025-10-07 06:14:13,82,16.8,387,414,211,75,101,27,571,87,95,83,false
2025-10-05 22:48:57,2025-10-06 23:20:12,UTC-06:00,2025-10-05 22:48:57,2025-10-06 06:23:11,81,17.2,408,454,157,105,146,46,545,86,90,71,false
2025-10-04 23:46:54,2025-10-05 22:48:57,UTC-06:00,2025-10-04 23:46:54,2025-10-05 08:26:44,83,16.9,478,519,231,72,175,41,613,114,92,76,false
2025-10-03 23:34:14,2025-10-04 23:46:54,UTC-06:00,2025-10-03 23:34:14,2025-10-04 07:04:03,84,16.6,423,449,213,69,141,26,602,127,95,87,false
2025-10-02 23:58:45,2025-10-03 23:34:14,UTC-06:00,2025-10-02 23:58:45,2025-10-03 06:12:33,69,16.4,322,373,159,80,83,51,595,125,89,90,false
2025-10-01 23:30:54,2025-10-02 23:58:45,UTC-06:00,2025-10-01 23:30:54,2025-10-02 06:15:32,82,16.6,368,404,229,40,99,36,563,96,93,89,false
2025-09-30 23:33:57,2025-10-01 23:30:54,UTC-06:00,2025-09-30 23:33:57,2025-10-01 06:18:41,79,16.9,358,404,197,34,127,46,551,86,90,83,false
2025-09-29 22:55:14,2025-09-30 23:33:57,UTC-06:00,2025-09-29 22:55:14,2025-09-30 06:44:59,79,16.2,406,469,208,57,141,63,579,98,87,81,false
2025-09-28 22:48:34,2025-09-29 22:55:14,UTC-06:00,2025-09-28 22:48:34,2025-09-29 06:01:45,80,17.2,393,433,191,66,136,40,547,88,92,69,false
2025-09-28 00:01:00,2025-09-28 22:48:34,UTC-06:00,2025-09-28 00:01:00,2025-09-28 08:20:47,80,17.0,453,499,234,62,157,46,591,95,94,73,false
2025-09-26 23:21:01,2025-09-28 00:01:00,UTC-06:00,2025-09-26 23:21:01,2025-09-27 07:28:41,84,16.8,457,487,235,85,137,30,606,127,94,83,false
2025-09-25 23:23:26,2025-09-26 23:21:01,UTC-06:00,2025-09-25 23:23:26,2025-09-26 06:12:14,79,16.1,371,408,208,53,110,37,598,127,92,94,false
2025-09-24 23:12:32,2025-09-25 23:23:26,UTC-06:00,2025-09-24 23:12:32,2025-09-25 06:15:03,81,15.5,384,422,252,15,117,38,602,125,92,89,false
2025-09-23 23:10:44,2025-09-24 23:12:32,UTC-06:00,2025-09-23 23:10:44,2025-09-24 06:10:35,80,16.2,377,419,218,55,104,42,572,102,90,81,false
2025-09-22 23:07:17,2025-09-23 23:10:44,UTC-06:00,2025-09-22 23:07:17,2025-09-23 06:13:53,77,16.4,373,426,206,50,117,53,579,96,89,74,false
2025-09-21 23:08:59,2025-09-22 23:07:17,UTC-06:00,2025-09-21 23:08:59,2025-09-22 06:21:58,72,17.1,376,432,237,30,109,56,569,109,92,58,false
2025-09-21 01:30:53,2025-09-21 23:08:59,UTC-06:00,2025-09-21 01:30:53,2025-09-21 09:24:59,64,17.6,399,474,202,64,133,75,617,119,87,48,false
2025-09-19 23:31:13,2025-09-21 01:30:53,UTC-06:00,2025-09-19 23:31:13,2025-09-20 07:00:16,83,16.6,414,449,218,59,137,35,599,114,93,85,false
2025-09-18 22:57:01,2025-09-19 23:31:13,UTC-06:00,2025-09-18 22:57:01,2025-09-19 06:16:59,82,16.7,385,439,216,44,125,54,562,80,89,85,false
2025-09-17 22:56:43,2025-09-18 22:57:01,UTC-06:00,2025-09-17 22:56:43,2025-09-18 06:22:32,82,16.2,400,445,212,53,135,45,526,61,91,76,false
2025-09-16 23:25:40,2025-09-17 22:56:43,UTC-06:00,2025-09-16 23:25:40,2025-09-17 06:17:20,79,16.8,352,411,160,77,115,59,474,0,91,68,false
2025-09-15 23:43:34,2025-09-16 23:25:40,UTC-06:00,2025-09-15 23:43:34,2025-09-16 08:53:39,85,16.8,491,550,336,56,99,59,476,0,90,67,false
2025-09-14 22:24:22,2025-09-15 23:43:34,UTC-06:00,2025-09-14 22:24:22,2025-09-15 08:59:24,83,17.0,574,635,327,50,197,61,522,62,91,61,false
2025-09-13 21:05:32,2025-09-14 22:24:22,UTC-06:00,2025-09-13 21:05:32,2025-09-14 06:05:35,79,17.0,473,540,246,80,147,67,598,124,90,67,false
2025-09-12 23:26:52,2025-09-13 21:05:32,UTC-06:00,2025-09-12 23:26:52,2025-09-13 07:01:26,83,17.0,410,454,196,57,157,44,603,127,93,86,false
2025-09-11 23:10:02,2025-09-12 23:26:52,UTC-06:00,2025-09-11 23:10:02,2025-09-12 06:13:27,83,16.5,398,423,199,74,125,25,602,123,96,96,false
2025-09-10 22:57:00,2025-09-11 23:10:02,UTC-06:00,2025-09-10 22:57:00,2025-09-11 06:15:10,81,17.2,401,438,178,84,139,37,592,117,94,92,false
2025-09-09 23:17:14,2025-09-10 22:57:00,UTC-06:00,2025-09-09 23:17:14,2025-09-10 06:12:48,76,16.3,355,415,168,86,101,60,591,127,87,92,false
2025-09-08 23:15:20,2025-09-09 23:17:14,UTC-06:00,2025-09-08 23:15:20,2025-09-09 06:16:26,79,16.7,367,421,198,52,117,54,585,105,88,88,false
2025-09-07 23:30:30,2025-09-08 23:15:20,UTC-06:00,2025-09-07 23:30:30,2025-09-08 06:22:18,84,17.4,379,411,210,33,136,32,544,87,93,89,false
2025-09-06 23:37:42,2025-09-07 23:30:30,UTC-06:00,2025-09-06 23:37:42,2025-09-07 07:11:22,85,17.0,411,453,216,63,132,42,547,88,94,89,false
2025-09-05 23:29:51,2025-09-06 23:37:42,UTC-06:00,2025-09-05 23:29:51,2025-09-06 07:47:59,84,16.8,464,498,221,80,163,34,602,127,94,81,false
2025-09-04 23:35:25,2025-09-05 23:29:51,UTC-06:00,2025-09-04 23:35:25,2025-09-05 06:20:53,78,16.9,370,405,190,69,111,35,604,127,92,95,false
2025-09-03 23:29:52,2025-09-04 23:35:25,UTC-06:00,2025-09-03 23:29:52,2025-09-04 06:18:11,77,16.3,362,408,206,61,95,46,598,121,89,88,false
2025-09-02 23:32:20,2025-09-03 23:29:52,UTC-06:00,2025-09-02 23:32:20,2025-09-03 06:00:51,74,16.1,346,388,159,54,133,42,590,127,91,80,false
2025-09-01 23:40:18,2025-09-02 23:32:20,UTC-06:00,2025-09-01 23:40:18,2025-09-02 06:16:12,77,17.2,364,395,194,62,108,31,580,95,96,76,false
2025-08-31 23:38:11,2025-09-01 23:40:18,UTC-06:00,2025-08-31 23:38:11,2025-09-01 06:11:29,62,17.3,368,393,180,54,134,25,559,101,97,58,false
2025-08-31 01:19:00,2025-08-31 23:38:11,UTC-06:00,2025-08-31 01:19:00,2025-08-31 09:42:16,68,17.3,423,503,204,77,142,80,625,127,84,59,false
2025-08-30 00:15:16,2025-08-31 01:19:00,UTC-06:00,2025-08-30 00:15:16,2025-08-30 06:47:11,72,16.8,340,391,174,40,126,51,596,125,88,95,false
2025-08-29 00:20:43,2025-08-30 00:15:16,UTC-06:00,2025-08-29 00:20:43,2025-08-29 06:46:08,75,16.9,352,385,192,46,114,33,602,127,93,91,false
2025-08-28 00:34:01,2025-08-29 00:20:43,UTC-06:00,2025-08-28 00:34:01,2025-08-28 06:59:27,72,16.6,339,385,166,59,114,46,593,112,91,84,false
2025-08-26 23:58:54,2025-08-28 00:34:01,UTC-06:00,2025-08-26 23:58:54,2025-08-27 07:02:39,81,16.8,364,423,210,53,101,59,539,71,89,83,false
2025-08-26 00:03:11,2025-08-26 23:58:54,UTC-06:00,2025-08-26 00:03:11,2025-08-26 07:21:22,83,17.1,395,438,252,37,106,43,507,25,90,76,false
2025-08-24 22:45:18,2025-08-26 00:03:11,UTC-06:00,2025-08-24 22:45:18,2025-08-25 06:38:56,87,17.3,425,473,236,50,139,48,465,6,91,78,false
2025-08-23 22:28:35,2025-08-24 22:45:18,UTC-06:00,2025-08-23 22:28:35,2025-08-24 08:11:10,85,16.3,496,582,263,83,150,86,506,45,86,78,false
2025-08-22 22:43:41,2025-08-23 22:28:35,UTC-06:00,2025-08-22 22:43:41,2025-08-23 08:14:17,83,16.0,522,560,273,69,180,38,593,127,93,69,false
2025-08-22 00:28:53,2025-08-22 22:43:41,UTC-06:00,2025-08-22 00:28:53,2025-08-22 06:39:35,71,16.3,328,370,198,42,88,42,587,98,90,85,false
2025-08-21 00:17:21,2025-08-22 00:28:53,UTC-06:00,2025-08-21 00:17:21,2025-08-21 08:07:58,83,16.2,440,470,215,59,166,30,593,127,94,79,false
2025-08-19 23:55:56,2025-08-21 00:17:21,UTC-06:00,2025-08-19 23:55:56,2025-08-20 06:44:24,77,15.8,362,408,191,73,98,46,586,113,89,81,false
2025-08-18 23:59:28,2025-08-19 23:55:56,UTC-06:00,2025-08-18 23:59:28,2025-08-19 06:11:05,76,16.1,332,371,175,61,96,39,509,31,90,69,false
2025-08-17 23:41:37,2025-08-18 23:59:28,UTC-06:00,2025-08-17 23:41:37,2025-08-18 07:40:58,84,16.7,437,479,213,62,162,42,486,27,91,71,false
2025-08-17 00:06:35,2025-08-17 23:41:37,UTC-06:00,2025-08-17 00:06:35,2025-08-17 09:47:32,78,17.6,541,580,273,54,214,39,583,114,94,65,false
2025-08-16 01:35:00,2025-08-17 00:06:35,UTC-06:00,2025-08-16 01:35:00,2025-08-16 08:16:04,48,17.6,371,401,169,68,134,30,600,127,93,75,false
2025-08-15 00:53:47,2025-08-16 01:35:00,UTC-06:00,2025-08-15 00:53:47,2025-08-15 07:01:48,69,16.2,330,368,162,65,103,38,612,127,91,87,false
2025-08-14 00:24:38,2025-08-15 00:53:47,UTC-06:00,2025-08-14 00:24:38,2025-08-14 07:09:07,79,15.9,369,404,189,65,115,35,583,110,92,85,false
2025-08-13 00:16:49,2025-08-14 00:24:38,UTC-06:00,2025-08-13 00:16:49,2025-08-13 06:47:29,75,15.9,356,390,218,72,66,34,576,101,92,75,false
2025-08-12 00:22:06,2025-08-13 00:16:49,UTC-06:00,2025-08-12 00:22:06,2025-08-12 08:00:21,79,16.1,378,458,147,116,115,80,537,57,83,83,false
2025-08-10 23:27:04,2025-08-12 00:22:06,UTC-06:00,2025-08-10 23:27:04,2025-08-11 08:01:40,81,16.8,457,514,278,27,152,57,546,88,89,64,false
2025-08-10 01:09:39,2025-08-10 23:27:04,UTC-06:00,2025-08-10 01:09:39,2025-08-10 09:44:45,80,17.1,467,515,237,81,149,48,604,108,91,67,false
2025-08-09 00:35:36,2025-08-10 01:09:39,UTC-06:00,2025-08-09 00:35:36,2025-08-09 08:00:37,85,16.7,426,439,220,56,150,13,595,127,97,87,false
2025-08-08 00:24:59,2025-08-09 00:35:36,UTC-06:00,2025-08-08 00:24:59,2025-08-08 06:44:42,74,16.7,344,379,183,73,88,35,580,103,90,83,false
2025-08-06 23:49:26,2025-08-08 00:24:59,UTC-06:00,2025-08-06 23:49:26,2025-08-07 08:04:24,82,16.9,442,494,243,45,154,52,602,127,96,77,false
2025-08-06 00:32:56,2025-08-06 23:49:26,UTC-06:00,2025-08-06 00:32:56,2025-08-06 07:32:36,75,16.3,383,419,198,57,128,36,620,127,96,73,false
2025-08-05 00:27:26,2025-08-06 00:32:56,UTC-06:00,2025-08-05 00:27:26,2025-08-05 06:55:36,71,16.9,329,388,185,52,92,59,536,63,95,60,false
2025-08-03 22:50:52,2025-08-05 00:27:26,UTC-06:00,2025-08-03 22:50:52,2025-08-04 08:06:19,77,18.1,485,555,190,106,189,70,584,127,89,52,false
2025-08-03 04:17:12,2025-08-03 22:50:52,UTC-06:00,2025-08-03 04:17:12,2025-08-03 09:56:10,15,18.4,267,338,105,65,97,71,556,73,80,36,false
2025-08-02 00:20:49,2025-08-03 04:17:12,UTC-06:00,2025-08-02 00:20:49,2025-08-02 08:49:31,81,17.7,457,508,247,68,142,51,572,102,91,68,false
2025-07-31 23:28:12,2025-08-02 00:20:49,UTC-06:00,2025-07-31 23:28:12,2025-08-01 06:54:34,83,16.5,384,446,208,64,112,62,545,61,92,81,false
2025-07-30 22:57:25,2025-07-31 23:28:12,UTC-06:00,2025-07-30 22:57:25,2025-07-31 07:41:04,83,16.8,471,523,221,81,169,52,566,102,92,73,false
2025-07-29 23:09:13,2025-07-30 22:57:25,UTC-06:00,2025-07-29 23:09:13,2025-07-30 05:59:22,67,16.3,335,410,213,57,65,75,540,62,88,57,false
2025-07-29 00:02:34,2025-07-29 23:09:13,UTC-06:00,2025-07-29 00:02:34,2025-07-29 07:49:14,81,16.2,402,466,237,78,87,64,499,15,90,70,false
2025-07-27 23:10:07,2025-07-29 00:02:34,UTC-06:00,2025-07-27 23:10:07,2025-07-28 07:48:16,79,17.5,486,518,236,91,159,32,510,127,96,49,false
2025-07-27 02:36:06,2025-07-27 23:10:07,UTC-06:00,2025-07-27 13:08:08,2025-07-27 14:34:10,10,18.8,82,83,17,49,16,1,584,127,98,,true
2025-07-27 02:36:06,2025-07-27 23:10:07,UTC-06:00,2025-07-27 02:36:06,2025-07-27 09:37:12,21,18.8,318,421,140,67,111,103,603,100,76,56,false
2025-07-26 00:06:40,2025-07-27 02:36:06,UTC-06:00,2025-07-26 00:06:40,2025-07-26 08:37:22,82,17.3,441,510,237,70,134,69,597,127,88,80,false
2025-07-25 00:10:41,2025-07-26 00:06:40,UTC-06:00,2025-07-25 00:10:41,2025-07-25 06:40:30,72,16.2,343,389,182,65,96,46,599,113,92,80,false
2025-07-24 00:37:46,2025-07-25 00:10:41,UTC-06:00,2025-07-24 00:37:46,2025-07-24 08:10:27,83,15.7,411,452,203,77,131,41,588,113,93,82,false
2025-07-23 00:32:18,2025-07-24 00:37:46,UTC-06:00,2025-07-23 00:32:18,2025-07-23 07:08:21,76,16.1,350,396,182,85,83,46,576,111,92,80,false
2025-07-22 01:12:37,2025-07-23 00:32:18,UTC-06:00,2025-07-22 01:12:37,2025-07-22 07:24:03,80,16.6,355,371,171,70,114,16,529,49,95,77,false
2025-07-20 23:02:07,2025-07-22 01:12:37,UTC-06:00,2025-07-20 23:02:07,2025-07-21 07:31:47,77,17.8,476,509,211,88,177,33,574,104,94,61,false
2025-07-20 01:21:29,2025-07-20 23:02:07,UTC-06:00,2025-07-20 01:21:29,2025-07-20 09:21:21,72,17.7,419,479,204,87,128,60,628,113,88,61,false
2025-07-19 00:07:24,2025-07-20 01:21:29,UTC-06:00,2025-07-19 00:07:24,2025-07-19 06:46:30,78,16.9,355,399,159,87,109,44,582,109,91,87,false
2025-07-17 23:48:30,2025-07-19 00:07:24,UTC-06:00,2025-07-17 23:48:30,2025-07-18 07:24:42,85,16.3,412,456,216,58,138,44,583,97,93,91,false
2025-07-16 23:55:24,2025-07-17 23:48:30,UTC-06:00,2025-07-16 23:55:24,2025-07-17 07:31:27,84,16.5,427,456,260,48,119,29,578,90,95,82,false
2025-07-15 23:59:13,2025-07-16 23:55:24,UTC-06:00,2025-07-15 23:59:13,2025-07-16 07:28:56,81,16.4,415,449,256,52,107,34,555,76,92,73,false
2025-07-14 22:31:14,2025-07-15 23:59:13,UTC-06:00,2025-07-14 22:31:14,2025-07-15 07:22:00,79,15.9,463,530,243,90,130,67,583,109,89,60,false
2025-07-13 23:07:22,2025-07-14 22:31:14,UTC-06:00,2025-07-13 23:07:22,2025-07-14 05:47:46,75,16.8,386,397,175,58,153,11,557,96,97,52,false
2025-07-13 02:00:05,2025-07-13 23:07:22,UTC-06:00,2025-07-13 02:00:05,2025-07-13 09:22:32,73,17.1,395,442,181,64,150,47,589,95,89,59,false
2025-07-12 00:13:52,2025-07-13 02:00:05,UTC-06:00,2025-07-12 00:13:52,2025-07-12 08:42:58,81,16.7,458,509,209,101,148,51,606,127,90,73,false
2025-07-11 00:05:07,2025-07-12 00:13:52,UTC-06:00,2025-07-11 00:05:07,2025-07-11 06:48:16,76,16.3,341,403,140,86,115,62,557,83,90,83,false
2025-07-09 23:34:15,2025-07-11 00:05:07,UTC-06:00,2025-07-09 23:34:15,2025-07-10 07:33:15,83,16.8,457,478,202,87,168,21,587,127,97,78,false
2025-07-08 23:32:58,2025-07-09 23:34:15,UTC-06:00,2025-07-08 23:32:58,2025-07-09 05:36:40,67,16.5,331,363,192,64,75,32,591,117,94,63,false
2025-07-08 00:17:17,2025-07-08 23:32:58,UTC-06:00,2025-07-08 00:17:17,2025-07-08 07:01:46,78,16.7,361,404,191,56,114,43,543,59,90,71,false
2025-07-06 22:47:35,2025-07-08 00:17:17,UTC-06:00,2025-07-06 22:47:35,2025-07-07 07:35:58,78,17.1,486,528,223,70,193,42,579,121,93,51,false
2025-07-06 02:33:46,2025-07-06 22:47:35,UTC-06:00,2025-07-06 02:33:46,2025-07-06 09:19:25,56,18.0,383,405,161,85,137,22,626,119,94,61,false
2025-07-05 00:18:52,2025-07-06 02:33:46,UTC-06:00,2025-07-05 00:18:52,2025-07-05 07:24:30,82,17.1,404,425,198,62,144,21,591,127,96,85,false
2025-07-04 02:30:32,2025-07-05 00:18:52,UTC-06:00,2025-07-04 02:30:32,2025-07-04 07:01:33,42,17.2,234,271,78,93,63,37,584,109,88,68,false
2025-07-03 00:16:34,2025-07-04 02:30:32,UTC-06:00,2025-07-03 00:16:34,2025-07-03 07:37:09,85,16.9,402,440,203,77,122,38,573,96,92,90,false
2025-07-02 00:35:32,2025-07-03 00:16:34,UTC-06:00,2025-07-02 00:35:32,2025-07-02 07:31:01,79,16.5,361,415,162,80,119,54,555,76,90,83,false
2025-07-01 00:07:59,2025-07-02 00:35:32,UTC-06:00,2025-07-01 00:07:59,2025-07-01 07:46:35,84,17.4,417,458,189,66,162,41,535,40,92,82,false
2025-06-29 23:21:37,2025-07-01 00:07:59,UTC-06:00,2025-06-29 23:21:37,2025-06-30 07:30:40,85,18.2,441,489,241,81,119,48,505,47,92,80,false
2025-06-28 22:01:43,2025-06-29 23:21:37,UTC-06:00,2025-06-28 22:01:43,2025-06-29 08:34:18,68,18.5,528,632,268,104,156,104,623,127,83,64,false
2025-06-28 00:33:50,2025-06-28 22:01:43,UTC-06:00,2025-06-28 00:33:50,2025-06-28 07:48:10,79,17.1,374,434,160,92,122,60,587,127,87,88,false
2025-06-27 00:03:58,2025-06-28 00:33:50,UTC-06:00,2025-06-27 00:03:58,2025-06-27 07:01:28,71,15.8,338,417,161,55,122,79,604,123,88,89,false
2025-06-25 23:51:37,2025-06-27 00:03:58,UTC-06:00,2025-06-25 23:51:37,2025-06-26 07:36:33,83,16.0,391,464,216,69,106,73,582,91,89,92,false
2025-06-25 00:00:52,2025-06-25 23:51:37,UTC-06:00,2025-06-25 00:00:52,2025-06-25 07:49:14,85,16.3,423,468,238,55,130,45,565,80,91,88,false
2025-06-24 00:07:55,2025-06-25 00:00:52,UTC-06:00,2025-06-24 00:07:55,2025-06-24 07:40:47,84,16.6,411,452,196,64,151,41,536,50,92,82,false
2025-06-22 23:26:25,2025-06-24 00:07:55,UTC-06:00,2025-06-22 23:26:25,2025-06-23 07:30:35,81,17.2,447,484,247,65,135,37,526,66,93,66,false
2025-06-22 00:07:12,2025-06-22 23:26:25,UTC-06:00,2025-06-22 00:07:12,2025-06-22 09:54:22,82,17.6,524,587,253,94,177,63,627,127,90,70,false
2025-06-21 01:00:34,2025-06-22 00:07:12,UTC-06:00,2025-06-21 01:00:34,2025-06-21 08:29:16,79,17.1,393,448,154,87,152,55,604,127,91,80,false
2025-06-20 01:10:31,2025-06-21 01:00:34,UTC-06:00,2025-06-20 01:10:31,2025-06-20 06:59:00,73,17.2,323,346,165,68,90,23,523,44,93,63,false
2025-06-19 00:02:12,2025-06-20 01:10:31,UTC-06:00,2025-06-19 00:02:12,2025-06-19 08:23:04,79,17.4,429,500,274,49,106,71,498,21,89,63,false
2025-06-17 23:38:35,2025-06-19 00:02:12,UTC-06:00,2025-06-17 23:38:35,2025-06-18 08:32:59,77,17.8,473,534,280,63,130,61,507,36,89,44,false
2025-06-16 23:27:15,2025-06-17 23:38:35,UTC-06:00,2025-06-16 23:27:15,2025-06-17 07:52:51,71,17.2,430,505,271,31,128,75,486,127,91,25,false
2025-06-16 02:05:02,2025-06-16 22:27:15,UTC-07:00,2025-06-16 16:10:31,2025-06-16 17:57:13,19,17.0,103,106,80,19,4,3,588,127,97,,true
2025-06-16 02:05:02,2025-06-16 22:27:15,UTC-07:00,2025-06-16 02:05:02,2025-06-16 07:59:17,59,16.5,321,349,197,52,72,28,591,127,91,42,false
2025-06-15 05:48:00,2025-06-16 02:05:02,UTC-07:00,2025-06-15 05:48:00,2025-06-15 11:01:53,33,17.9,278,313,97,63,118,35,598,124,89,28,false
2025-06-14 03:28:34,2025-06-15 05:48:00,UTC-07:00,2025-06-14 03:28:34,2025-06-14 09:37:43,30,18.4,352,369,142,86,124,17,601,127,95,27,false
2025-06-13 00:41:02,2025-06-14 04:28:34,UTC-06:00,2025-06-13 00:41:02,2025-06-13 05:48:23,54,16.3,276,307,145,77,54,31,594,108,91,76,false
2025-06-11 23:22:58,2025-06-13 00:41:02,UTC-06:00,2025-06-11 23:22:58,2025-06-12 07:15:14,83,16.5,424,472,199,77,148,48,593,127,91,82,false
2025-06-11 00:04:02,2025-06-11 23:22:58,UTC-06:00,2025-06-11 00:04:02,2025-06-11 06:20:44,72,16.4,347,376,176,54,117,29,608,127,95,80,false
2025-06-10 00:20:44,2025-06-11 00:04:02,UTC-06:00,2025-06-10 00:20:44,2025-06-10 07:15:40,80,16.3,367,414,187,68,112,47,578,91,93,86,false
2025-06-08 23:53:46,2025-06-10 00:20:44,UTC-06:00,2025-06-08 23:53:46,2025-06-09 07:23:03,82,17.0,401,449,189,75,137,48,543,84,93,77,false
2025-06-08 00:24:30,2025-06-08 23:53:46,UTC-06:00,2025-06-08 00:24:30,2025-06-08 09:10:22,50,18.2,450,525,195,88,167,75,619,107,87,80,false
2025-06-07 00:10:33,2025-06-08 00:24:30,UTC-06:00,2025-06-07 00:10:33,2025-06-07 08:20:21,83,17.2,439,489,229,84,126,50,607,127,92,82,false
2025-06-06 00:49:15,2025-06-07 00:10:33,UTC-06:00,2025-06-06 00:49:15,2025-06-06 07:05:28,67,16.2,324,376,143,62,119,52,596,115,88,81,false
2025-06-05 00:30:07,2025-06-06 00:49:15,UTC-06:00,2025-06-05 00:30:07,2025-06-05 07:32:51,81,16.7,391,422,181,71,139,31,571,84,93,77,false
2025-06-03 23:51:00,2025-06-05 00:30:07,UTC-06:00,2025-06-03 23:51:00,2025-06-04 08:01:53,82,17.3,459,490,212,98,149,31,591,116,94,73,false
2025-06-02 23:11:20,2025-06-03 23:51:00,UTC-06:00,2025-06-02 23:11:20,2025-06-03 06:15:12,79,16.2,399,423,193,68,138,24,580,103,95,72,false
2025-06-01 23:44:03,2025-06-02 23:11:20,UTC-06:00,2025-06-01 23:44:03,2025-06-02 06:17:35,70,17.0,329,393,175,55,99,64,536,75,85,65,false
2025-06-01 00:58:22,2025-06-01 23:44:03,UTC-06:00,2025-06-01 00:58:22,2025-06-01 09:49:22,76,17.9,466,531,189,83,194,65,618,127,89,58,false
2025-05-31 00:00:38,2025-06-01 00:58:22,UTC-06:00,2025-05-31 00:00:38,2025-05-31 06:33:52,78,16.9,354,393,173,72,109,39,584,121,91,92,false
2025-05-29 23:47:35,2025-05-31 00:00:38,UTC-06:00,2025-05-29 23:47:35,2025-05-30 07:16:44,84,16.3,422,449,228,64,130,27,610,127,95,87,false
2025-05-29 00:16:37,2025-05-29 23:47:35,UTC-06:00,2025-05-29 00:16:37,2025-05-29 06:53:02,78,16.1,371,387,208,50,113,16,608,127,95,90,false
2025-05-27 23:50:32,2025-05-29 00:16:37,UTC-06:00,2025-05-27 23:50:32,2025-05-28 06:40:22,76,16.0,366,409,161,91,114,43,602,125,90,82,false
2025-05-27 00:08:40,2025-05-27 23:50:32,UTC-06:00,2025-05-27 00:08:40,2025-05-27 06:48:33,80,16.8,371,399,182,55,134,28,565,77,93,80,false
2025-05-26 00:19:16,2025-05-27 00:08:40,UTC-06:00,2025-05-26 00:19:16,2025-05-26 06:51:49,79,17.5,384,390,216,48,120,6,505,127,98,65,false
2025-05-25 00:04:40,2025-05-26 00:19:16,UTC-06:00,2025-05-25 12:27:25,2025-05-25 14:08:22,24,17.6,85,98,29,55,1,13,586,127,86,,true
2025-05-25 00:04:40,2025-05-26 00:19:16,UTC-06:00,2025-05-25 00:04:40,2025-05-25 07:41:25,80,17.0,427,456,179,67,181,29,634,127,95,80,false
2025-05-24 01:04:43,2025-05-25 00:04:40,UTC-06:00,2025-05-24 01:04:43,2025-05-24 08:00:55,78,16.3,386,416,176,83,127,30,598,127,93,76,false
2025-05-23 01:44:49,2025-05-24 01:04:43,UTC-06:00,2025-05-23 01:44:49,2025-05-23 07:14:43,54,17.3,284,329,85,102,97,45,608,127,89,71,false
2025-05-21 23:53:59,2025-05-23 01:44:49,UTC-06:00,2025-05-21 23:53:59,2025-05-22 07:05:10,78,17.1,394,431,197,72,125,37,607,127,92,76,false
2025-05-21 00:45:09,2025-05-21 23:53:59,UTC-06:00,2025-05-21 00:45:09,2025-05-21 06:37:31,69,16.8,329,352,160,57,112,23,591,127,95,76,false
2025-05-19 23:13:42,2025-05-21 00:45:09,UTC-06:00,2025-05-19 23:13:42,2025-05-20 04:53:44,58,17.1,307,340,167,52,88,33,610,127,91,67,false
2025-05-19 00:58:11,2025-05-19 23:13:42,UTC-06:00,2025-05-19 00:58:11,2025-05-19 05:32:10,54,17.3,265,271,101,41,123,6,588,127,97,83,false
2025-05-18 00:13:54,2025-05-19 00:58:11,UTC-06:00,2025-05-18 00:13:54,2025-05-18 05:37:25,53,17.3,287,323,90,100,97,36,644,127,90,77,false
2025-05-17 01:11:38,2025-05-18 00:13:54,UTC-06:00,2025-05-17 01:11:38,2025-05-17 07:08:35,70,17.1,328,354,182,28,118,26,601,127,92,86,false
2025-05-16 00:35:04,2025-05-17 01:11:38,UTC-06:00,2025-05-16 00:35:04,2025-05-16 07:15:40,75,17.1,358,400,137,94,127,42,620,127,91,91,false
2025-05-15 00:28:32,2025-05-16 00:35:04,UTC-06:00,2025-05-15 00:28:32,2025-05-15 06:03:51,60,16.1,295,335,141,74,80,40,604,127,91,83,false
2025-05-14 00:24:03,2025-05-15 00:28:32,UTC-06:00,2025-05-14 00:24:03,2025-05-14 07:18:29,81,16.7,374,414,204,36,134,40,587,120,91,90,false
2025-05-13 00:32:30,2025-05-14 00:24:03,UTC-06:00,2025-05-13 00:32:30,2025-05-13 06:46:10,74,16.5,345,373,191,59,95,28,585,106,94,82,false
2025-05-12 00:17:18,2025-05-13 00:32:30,UTC-06:00,2025-05-12 00:17:18,2025-05-12 07:23:05,82,17.1,392,425,206,76,110,33,558,100,95,81,false
2025-05-11 00:25:45,2025-05-12 00:17:18,UTC-06:00,2025-05-11 00:25:45,2025-05-11 09:13:49,80,16.8,477,528,240,77,160,51,633,127,91,68,false
2025-05-10 01:22:54,2025-05-11 00:25:45,UTC-06:00,2025-05-10 01:22:54,2025-05-10 07:21:55,71,17.0,331,359,150,60,121,28,590,127,92,84,false
2025-05-09 00:35:27,2025-05-10 01:22:54,UTC-06:00,2025-05-09 00:35:27,2025-05-09 07:18:21,76,16.4,371,402,184,48,139,31,602,127,92,77,false
2025-05-08 01:49:53,2025-05-09 00:35:27,UTC-06:00,2025-05-08 01:49:53,2025-05-08 06:26:24,45,17.2,249,276,131,46,72,27,596,127,92,65,false
2025-05-07 00:18:41,2025-05-08 01:49:53,UTC-06:00,2025-05-07 00:18:41,2025-05-07 06:51:08,74,16.7,343,392,155,85,103,49,555,79,91,71,false
2025-05-05 23:41:57,2025-05-07 00:18:41,UTC-06:00,2025-05-05 23:41:57,2025-05-06 06:21:47,78,16.8,367,399,173,89,105,32,491,0,94,62,false
2025-05-04 19:44:16,2025-05-05 23:41:57,UTC-06:00,2025-05-04 19:44:16,2025-05-05 07:22:40,100,18.0,615,691,378,91,146,76,522,55,88,44,false
2025-05-04 00:14:07,2025-05-04 19:44:16,UTC-06:00,2025-05-04 00:14:07,2025-05-04 08:23:26,84,16.6,440,489,247,44,149,49,526,64,91,79,false
2025-05-02 23:49:06,2025-05-04 00:14:07,UTC-06:00,2025-05-02 23:49:06,2025-05-03 08:42:51,84,16.8,510,533,268,51,191,23,611,127,96,66,false
2025-05-02 01:34:32,2025-05-02 23:49:06,UTC-06:00,2025-05-02 01:34:32,2025-05-02 07:06:40,51,17.0,306,325,176,34,96,19,605,127,94,86,false
2025-05-01 01:58:10,2025-05-02 01:34:32,UTC-06:00,2025-05-01 01:58:10,2025-05-01 07:14:14,49,16.5,290,308,145,50,95,18,590,127,94,78,false
2025-04-30 00:19:11,2025-05-01 01:58:10,UTC-06:00,2025-04-30 00:19:11,2025-04-30 07:17:31,66,16.4,386,418,222,40,124,32,586,114,93,79,false
2025-04-29 00:30:10,2025-04-30 00:19:11,UTC-06:00,2025-04-29 00:30:10,2025-04-29 07:21:16,69,16.8,393,411,185,86,122,18,572,91,96,72,false
2025-04-28 00:48:44,2025-04-29 00:30:10,UTC-06:00,2025-04-28 00:48:44,2025-04-28 07:08:42,71,17.1,344,374,155,46,143,30,486,127,92,60,false
2025-04-27 02:30:45,2025-04-28 00:48:44,UTC-06:00,2025-04-27 13:34:52,2025-04-27 15:17:15,17,18.1,97,98,29,43,25,1,584,127,98,,true
2025-04-27 02:30:45,2025-04-28 00:48:44,UTC-06:00,2025-04-27 02:30:45,2025-04-27 07:02:49,41,18.1,259,269,101,55,103,10,627,127,96,78,false
2025-04-26 02:17:15,2025-04-27 02:30:45,UTC-06:00,2025-04-26 02:17:15,2025-04-26 08:24:32,55,16.9,333,365,173,63,97,32,609,127,91,77,false
2025-04-25 01:56:45,2025-04-26 02:17:15,UTC-06:00,2025-04-25 01:56:45,2025-04-25 07:13:42,48,16.6,293,316,145,33,115,23,606,127,94,84,false
2025-04-24 01:12:39,2025-04-25 01:56:45,UTC-06:00,2025-04-24 01:12:39,2025-04-24 06:59:56,48,16.6,286,347,154,57,75,61,590,127,83,80,false
2025-04-23 01:28:31,2025-04-24 01:12:39,UTC-06:00,2025-04-23 01:28:31,2025-04-23 06:59:49,46,16.5,281,331,135,69,77,50,609,116,85,67,false
2025-04-22 01:29:06,2025-04-23 01:28:31,UTC-06:00,2025-04-22 01:29:06,2025-04-22 07:57:49,61,16.8,367,388,207,35,125,21,601,97,97,55,false
2025-04-21 00:50:24,2025-04-22 01:29:06,UTC-06:00,2025-04-21 00:50:24,2025-04-21 06:59:52,67,16.8,306,369,142,49,115,63,458,127,86,35,false
2025-04-19 23:57:37,2025-04-21 00:50:24,UTC-06:00,2025-04-20 11:40:20,2025-04-20 14:08:23,22,17.4,127,148,57,51,19,21,583,127,85,,true
2025-04-19 23:57:37,2025-04-21 00:50:24,UTC-06:00,2025-04-19 23:57:37,2025-04-20 06:43:18,66,16.3,387,405,234,44,109,18,585,127,95,47,false
2025-04-19 03:06:57,2025-04-19 23:57:37,UTC-06:00,2025-04-19 03:06:57,2025-04-19 10:32:31,64,17.5,375,445,182,67,126,70,587,127,84,67,false
2025-04-18 03:53:19,2025-04-19 03:06:57,UTC-06:00,2025-04-18 03:53:19,2025-04-18 10:27:28,54,17.9,319,394,68,104,147,75,589,127,81,47,false
2025-04-17 02:59:28,2025-04-18 03:53:19,UTC-06:00,2025-04-17 02:59:28,2025-04-17 06:48:45,36,17.6,210,218,56,104,50,8,585,112,96,73,false
2025-04-16 01:48:44,2025-04-17 02:59:28,UTC-06:00,2025-04-16 01:48:44,2025-04-16 07:35:47,60,17.3,338,344,156,78,104,6,563,96,98,77,false
2025-04-15 00:39:41,2025-04-16 01:48:44,UTC-06:00,2025-04-15 00:39:41,2025-04-15 07:28:00,65,16.6,366,408,157,74,135,42,560,85,91,85,false
2025-04-13 23:45:31,2025-04-15 00:39:41,UTC-06:00,2025-04-13 23:45:31,2025-04-14 07:17:34,76,17.3,418,452,169,87,162,34,551,87,95,86,false
2025-04-12 23:20:31,2025-04-13 23:45:31,UTC-06:00,2025-04-12 23:20:31,2025-04-13 07:52:10,77,17.3,445,511,190,45,210,66,581,122,87,79,false
2025-04-12 00:08:30,2025-04-12 23:20:31,UTC-06:00,2025-04-12 00:08:30,2025-04-12 07:36:14,68,17.1,406,447,194,82,130,41,597,127,93,86,false
2025-04-11 00:44:29,2025-04-12 00:08:30,UTC-06:00,2025-04-11 00:44:29,2025-04-11 06:50:49,57,17.1,332,366,161,43,128,34,587,124,91,83,false
2025-04-10 00:20:18,2025-04-11 00:44:29,UTC-06:00,2025-04-10 00:20:18,2025-04-10 06:46:33,56,16.5,316,386,199,50,67,70,566,102,88,85,false
2025-04-09 00:32:07,2025-04-10 00:20:18,UTC-06:00,2025-04-09 00:32:07,2025-04-09 07:21:04,64,16.6,372,408,197,59,116,36,577,93,92,78,false
2025-04-07 23:57:22,2025-04-09 00:32:07,UTC-06:00,2025-04-07 23:57:22,2025-04-08 07:18:44,74,17.2,419,441,222,43,154,22,564,106,95,82,false
2025-04-06 23:26:38,2025-04-07 23:57:22,UTC-06:00,2025-04-06 23:26:38,2025-04-07 08:21:33,71,18.7,402,534,199,111,92,132,567,110,76,72,false
2025-04-06 01:44:40,2025-04-06 23:26:38,UTC-06:00,2025-04-06 01:44:40,2025-04-06 08:57:40,63,17.7,367,432,166,71,130,65,587,127,85,71,false
2025-04-05 00:46:22,2025-04-06 01:44:40,UTC-06:00,2025-04-05 00:46:22,2025-04-05 07:45:19,65,16.8,381,418,216,39,126,37,585,115,91,89,false
2025-04-03 23:56:12,2025-04-05 00:46:22,UTC-06:00,2025-04-03 23:56:12,2025-04-04 07:40:04,70,17.0,410,463,186,64,160,53,590,118,90,86,false
2025-04-03 00:20:36,2025-04-03 23:56:12,UTC-06:00,2025-04-03 00:20:36,2025-04-03 08:03:30,69,17.2,415,462,194,73,148,47,598,112,91,84,false
2025-04-02 00:32:05,2025-04-03 00:20:36,UTC-06:00,2025-04-02 00:32:05,2025-04-02 07:32:20,63,16.6,380,420,210,44,126,40,606,127,91,81,false
2025-03-31 23:59:36,2025-04-02 00:32:05,UTC-06:00,2025-03-31 23:59:36,2025-04-01 07:07:39,65,16.8,391,428,233,38,120,37,607,127,93,76,false
2025-03-31 00:05:59,2025-03-31 23:59:36,UTC-06:00,2025-03-31 00:05:59,2025-03-31 06:00:15,55,17.6,314,354,147,56,111,40,568,106,90,76,false
2025-03-30 00:53:48,2025-03-31 00:05:59,UTC-06:00,2025-03-30 00:53:48,2025-03-30 08:53:05,72,16.9,437,479,232,37,168,42,604,126,92,79,false
2025-03-29 01:15:54,2025-03-30 00:53:48,UTC-06:00,2025-03-29 01:15:54,2025-03-29 07:49:06,57,17.0,334,393,186,57,91,59,587,124,85,84,false
2025-03-28 00:18:53,2025-03-29 01:15:54,UTC-06:00,2025-03-28 00:18:53,2025-03-28 07:07:14,59,16.9,357,408,173,53,131,51,606,127,88,90,false
2025-03-27 00:18:41,2025-03-28 00:18:53,UTC-06:00,2025-03-27 00:18:41,2025-03-27 07:50:07,66,16.6,393,451,222,44,127,58,598,112,87,79,false
2025-03-26 00:39:07,2025-03-27 00:18:41,UTC-06:00,2025-03-26 00:39:07,2025-03-26 07:41:22,62,15.9,369,422,204,30,135,53,595,114,91,67,false
2025-03-24 23:46:24,2025-03-26 00:39:07,UTC-06:00,2025-03-24 23:46:24,2025-03-25 07:04:33,61,16.2,360,438,192,42,126,78,589,106,82,62,false
2025-03-23 23:44:26,2025-03-24 23:46:24,UTC-06:00,2025-03-23 23:44:26,2025-03-24 07:12:30,71,16.3,404,448,255,38,111,44,569,106,93,60,false
2025-03-23 03:23:33,2025-03-23 23:44:26,UTC-06:00,2025-03-23 03:23:33,2025-03-23 09:08:22,61,16.8,328,343,129,76,123,15,542,64,95,38,false
2025-03-21 23:38:02,2025-03-23 03:23:33,UTC-06:00,2025-03-21 23:38:02,2025-03-22 11:48:09,83,17.6,488,730,304,62,122,242,588,127,68,48,false
2025-03-21 00:22:47,2025-03-21 23:38:02,UTC-06:00,2025-03-21 00:22:47,2025-03-21 07:37:43,56,17.5,346,434,209,49,88,88,615,127,82,83,false
2025-03-20 01:28:13,2025-03-21 00:22:47,UTC-06:00,2025-03-20 01:28:13,2025-03-20 08:10:48,57,16.3,343,402,169,44,130,59,605,118,86,75,false
2025-03-19 00:25:44,2025-03-20 01:28:13,UTC-06:00,2025-03-19 00:25:44,2025-03-19 07:15:38,60,16.3,351,409,132,76,143,58,589,113,86,77,false
2025-03-18 00:05:56,2025-03-19 00:25:44,UTC-06:00,2025-03-18 00:05:56,2025-03-18 07:15:23,62,16.7,368,429,191,92,85,61,595,107,90,70,false
2025-03-17 00:55:48,2025-03-18 00:05:56,UTC-06:00,2025-03-17 00:55:48,2025-03-17 08:00:56,64,16.5,380,425,162,66,152,45,596,117,90,61,false
2025-03-16 02:13:59,2025-03-17 00:55:48,UTC-06:00,2025-03-16 02:13:59,2025-03-16 10:19:17,70,16.8,433,485,198,54,181,52,615,127,89,51,false
2025-03-15 01:08:03,2025-03-16 02:13:59,UTC-06:00,2025-03-15 01:08:03,2025-03-15 07:30:42,57,16.8,341,382,179,57,105,41,600,127,89,82,false
2025-03-14 00:37:22,2025-03-15 01:08:03,UTC-06:00,2025-03-14 00:37:22,2025-03-14 06:32:22,52,16.8,316,354,147,57,112,38,613,127,92,84,false
2025-03-13 01:08:26,2025-03-14 00:37:22,UTC-06:00,2025-03-13 01:08:26,2025-03-13 06:14:37,48,16.2,283,305,143,84,56,22,596,115,92,72,false
2025-03-12 00:16:26,2025-03-13 01:08:26,UTC-06:00,2025-03-12 00:16:26,2025-03-12 06:44:43,58,16.7,320,388,159,87,74,68,551,64,84,67,false
2025-03-10 23:36:15,2025-03-12 00:16:26,UTC-06:00,2025-03-10 23:36:15,2025-03-11 06:52:04,80,16.9,392,435,212,60,120,43,492,0,91,58,false
2025-03-09 22:35:43,2025-03-10 23:36:15,UTC-06:00,2025-03-09 22:35:43,2025-03-10 06:55:49,100,16.5,467,500,230,64,173,33,461,0,94,45,false
2025-03-08 23:34:02,2025-03-09 22:35:43,UTC-06:00,2025-03-08 23:34:02,2025-03-09 08:15:33,100,17.1,513,519,227,107,179,6,495,127,98,31,false
2025-03-08 06:44:39,2025-03-08 23:34:02,UTC-06:00,2025-03-08 12:14:23,2025-03-08 13:57:15,16,18.9,95,102,41,37,17,7,584,127,94,,true
2025-03-08 06:44:39,2025-03-08 23:34:02,UTC-06:00,2025-03-08 06:44:39,2025-03-08 10:02:12,29,18.9,166,195,40,70,56,29,584,123,85,23,false
2025-03-07 00:38:56,2025-03-08 06:44:39,UTC-06:00,2025-03-07 00:38:56,2025-03-07 06:59:06,58,16.4,336,380,155,54,127,44,584,117,89,86,false
2025-03-06 00:09:44,2025-03-07 00:38:56,UTC-06:00,2025-03-06 00:09:44,2025-03-06 07:11:33,62,17.0,381,421,249,30,102,40,616,121,91,73,false
2025-03-05 00:41:10,2025-03-06 00:09:44,UTC-06:00,2025-03-05 00:41:10,2025-03-05 07:14:10,58,16.8,333,392,179,74,80,59,577,88,88,68,false
2025-03-04 00:26:16,2025-03-05 00:41:10,UTC-06:00,2025-03-04 00:26:16,2025-03-04 07:51:20,75,16.2,401,445,187,91,123,44,538,50,94,60,false
2025-03-02 23:36:07,2025-03-04 00:26:16,UTC-06:00,2025-03-02 23:36:07,2025-03-03 08:21:07,86,17.6,505,525,260,73,172,20,584,122,97,50,false
2025-03-02 04:04:34,2025-03-02 23:36:07,UTC-06:00,2025-03-02 04:04:34,2025-03-02 10:18:04,60,18.3,362,373,131,94,137,11,606,127,97,50,false
2025-03-01 03:25:36,2025-03-02 04:04:34,UTC-06:00,2025-03-01 03:25:36,2025-03-01 10:31:28,67,18.0,393,425,139,104,150,32,591,127,92,35,false
2025-02-28 00:45:01,2025-03-01 03:25:36,UTC-06:00,2025-02-28 00:45:01,2025-02-28 07:23:33,64,17.0,374,395,190,55,129,21,582,124,94,78,false
2025-02-26 23:28:24,2025-02-28 00:45:01,UTC-06:00,2025-02-26 23:28:24,2025-02-27 05:36:14,58,16.4,340,367,196,66,78,27,589,127,93,84,false
2025-02-26 00:28:14,2025-02-26 23:28:24,UTC-06:00,2025-02-26 00:28:14,2025-02-26 07:00:59,54,16.8,330,392,173,53,104,62,609,127,93,85,false
2025-02-25 00:19:55,2025-02-26 00:28:14,UTC-06:00,2025-02-25 00:19:55,2025-02-25 07:02:12,56,16.7,336,402,262,42,32,66,602,111,88,84,false
2025-02-23 22:57:41,2025-02-25 00:19:55,UTC-06:00,2025-02-23 22:57:41,2025-02-24 07:14:04,71,17.2,417,496,213,62,142,79,590,127,88,68,false
2025-02-23 00:36:59,2025-02-23 22:57:41,UTC-06:00,2025-02-23 00:36:59,2025-02-23 08:37:18,67,16.9,413,480,241,58,114,67,618,127,88,81,false
2025-02-22 00:22:41,2025-02-23 00:36:59,UTC-06:00,2025-02-22 00:22:41,2025-02-22 07:22:04,65,17.3,384,408,171,71,142,24,591,127,95,92,false
2025-02-21 00:24:40,2025-02-22 00:22:41,UTC-06:00,2025-02-21 00:24:40,2025-02-21 07:13:39,60,17.3,357,408,204,64,89,51,596,127,91,89,false
2025-02-20 00:25:31,2025-02-21 00:24:40,UTC-06:00,2025-02-20 00:25:31,2025-02-20 07:25:37,61,17.1,357,420,224,78,55,63,589,127,88,80,false
2025-02-19 00:08:50,2025-02-20 00:25:31,UTC-06:00,2025-02-19 00:08:50,2025-02-19 06:25:37,55,16.8,324,376,175,56,93,52,594,127,89,78,false
2025-02-18 01:22:51,2025-02-19 00:08:50,UTC-06:00,2025-02-18 01:22:51,2025-02-18 07:46:19,51,15.9,309,383,154,50,105,74,605,126,85,72,false
2025-02-16 21:44:06,2025-02-17 23:22:51,UTC-08:00,2025-02-16 21:44:06,2025-02-17 06:02:19,68,15.5,411,498,196,84,131,87,607,127,87,71,false
2025-02-16 00:56:32,2025-02-16 23:44:06,UTC-06:00,2025-02-16 00:56:32,2025-02-16 05:49:22,45,17.3,259,291,135,39,85,32,577,76,88,68,false
2025-02-14 23:58:24,2025-02-16 00:56:32,UTC-06:00,2025-02-14 23:58:24,2025-02-15 09:42:16,80,17.1,466,583,253,96,117,117,585,124,82,66,false
2025-02-14 00:27:20,2025-02-14 23:58:24,UTC-06:00,2025-02-14 00:27:20,2025-02-14 07:20:28,59,16.6,363,413,206,72,85,50,612,127,91,90,false
2025-02-13 01:05:09,2025-02-14 00:27:20,UTC-06:00,2025-02-13 01:05:09,2025-02-13 07:30:41,49,17.0,291,385,213,31,47,94,595,127,83,86,false
2025-02-12 00:48:23,2025-02-13 01:05:09,UTC-06:00,2025-02-12 00:48:23,2025-02-12 07:26:57,57,17.0,334,398,239,41,54,64,592,111,89,80,false
2025-02-11 00:52:20,2025-02-12 00:48:23,UTC-06:00,2025-02-11 00:52:20,2025-02-11 07:24:55,58,16.8,306,392,168,49,89,86,530,59,81,74,false
2025-02-09 23:06:18,2025-02-11 00:52:20,UTC-06:00,2025-02-09 23:06:18,2025-02-10 07:39:07,83,17.8,454,512,260,60,134,58,547,73,91,77,false
2025-02-08 23:50:55,2025-02-09 23:06:18,UTC-06:00,2025-02-08 23:50:55,2025-02-09 08:41:58,80,17.4,464,531,314,70,80,67,577,113,89,75,false
2025-02-08 00:59:34,2025-02-08 23:50:55,UTC-06:00,2025-02-08 00:59:34,2025-02-08 08:41:27,68,17.2,381,461,181,86,114,80,557,95,86,73,false
2025-02-06 23:52:50,2025-02-07 22:59:34,UTC-08:00,2025-02-06 23:52:50,2025-02-07 07:07:50,66,15.8,370,435,131,81,158,65,560,101,88,60,false
2025-02-05 23:33:10,2025-02-06 23:52:50,UTC-08:00,2025-02-05 23:33:10,2025-02-06 06:52:50,69,16.3,357,439,162,67,128,82,516,54,83,51,false
2025-02-04 23:37:40,2025-02-06 01:33:10,UTC-06:00,2025-02-04 23:37:40,2025-02-05 06:19:16,80,17.8,340,401,197,50,93,61,424,92,88,46,false
2025-02-04 00:11:25,2025-02-04 23:37:40,UTC-06:00,2025-02-04 15:15:32,2025-02-04 17:54:38,23,18.5,129,157,80,22,27,28,551,92,85,,true
2025-02-04 00:11:25,2025-02-04 23:37:40,UTC-06:00,2025-02-04 00:11:25,2025-02-04 07:07:33,63,17.6,322,416,246,31,45,94,508,29,80,69,false
2025-02-02 23:15:07,2025-02-04 00:11:25,UTC-06:00,2025-02-02 23:15:07,2025-02-03 09:04:25,92,17.3,531,589,257,99,175,58,577,118,90,53,false
2025-02-02 02:06:11,2025-02-02 23:15:07,UTC-06:00,2025-02-02 02:06:11,2025-02-02 10:36:10,69,18.2,404,509,240,65,99,105,588,127,79,52,false
2025-01-31 23:59:57,2025-02-02 02:06:11,UTC-06:00,2025-01-31 23:59:57,2025-02-01 07:06:05,65,17.2,385,426,219,53,113,41,589,127,92,82,false
2025-01-31 01:43:16,2025-01-31 23:59:57,UTC-06:00,2025-01-31 01:43:16,2025-01-31 07:41:05,51,17.7,308,357,186,51,71,49,604,127,88,80,false
2025-01-30 00:36:10,2025-01-31 01:43:16,UTC-06:00,2025-01-30 00:36:10,2025-01-30 07:44:56,56,17.0,334,428,195,49,90,94,600,127,82,86,false
2025-01-29 00:49:03,2025-01-30 00:36:10,UTC-06:00,2025-01-29 00:49:03,2025-01-29 06:55:52,52,17.2,306,366,170,61,75,60,589,127,86,83,false
2025-01-28 00:30:42,2025-01-29 00:49:03,UTC-06:00,2025-01-28 00:30:42,2025-01-28 06:48:16,50,17.3,312,377,214,49,49,65,623,127,86,80,false
2025-01-27 00:17:26,2025-01-28 00:30:42,UTC-06:00,2025-01-27 00:17:26,2025-01-27 07:10:50,59,17.5,347,413,180,43,124,66,588,127,89,83,false
2025-01-26 01:05:23,2025-01-27 00:17:26,UTC-06:00,2025-01-26 01:05:23,2025-01-26 08:27:32,60,17.4,368,442,198,70,100,74,617,127,86,89,false
2025-01-25 01:16:10,2025-01-26 01:05:23,UTC-06:00,2025-01-25 01:16:10,2025-01-25 08:25:06,58,17.1,347,428,244,43,60,81,597,127,86,85,false
2025-01-24 01:33:20,2025-01-25 01:16:10,UTC-06:00,2025-01-24 01:33:20,2025-01-24 07:41:33,51,16.8,310,368,168,68,74,58,606,127,88,79,false
2025-01-22 23:52:12,2025-01-23 23:33:20,UTC-08:00,2025-01-22 23:52:12,2025-01-23 07:03:34,63,16.3,377,431,176,95,106,54,598,127,90,76,false
2025-01-21 23:49:43,2025-01-22 23:52:12,UTC-08:00,2025-01-21 23:49:43,2025-01-22 06:02:14,51,16.6,316,372,136,83,97,56,616,127,89,80,false
2025-01-20 22:27:29,2025-01-21 23:49:43,UTC-08:00,2025-01-20 22:27:29,2025-01-21 05:32:33,59,16.2,355,425,231,54,70,70,607,127,84,92,false
2025-01-20 00:44:25,2025-01-21 00:27:29,UTC-06:00,2025-01-20 00:44:25,2025-01-20 07:31:18,55,17.4,325,406,170,56,99,81,589,127,83,88,false
2025-01-19 00:51:51,2025-01-20 00:44:25,UTC-06:00,2025-01-19 00:51:51,2025-01-19 08:00:43,49,17.6,298,428,193,31,74,130,609,127,76,85,false
2025-01-17 23:57:12,2025-01-19 00:51:51,UTC-06:00,2025-01-17 23:57:12,2025-01-18 07:28:38,62,17.2,372,451,217,54,101,79,595,127,86,86,false
2025-01-17 00:57:57,2025-01-17 23:57:12,UTC-06:00,2025-01-17 00:57:57,2025-01-17 07:22:57,53,17.1,325,381,195,64,66,56,615,127,87,86,false
2025-01-16 00:27:37,2025-01-17 00:57:57,UTC-06:00,2025-01-16 00:27:37,2025-01-16 06:46:03,45,17.2,267,378,145,54,68,111,590,127,75,88,false
2025-01-15 00:24:40,2025-01-16 00:27:37,UTC-06:00,2025-01-15 00:24:40,2025-01-15 07:05:00,54,17.2,336,400,164,73,99,64,618,127,86,81,false
2025-01-14 00:41:39,2025-01-15 00:24:40,UTC-06:00,2025-01-14 00:41:39,2025-01-14 07:01:02,47,17.0,294,379,217,31,46,85,619,127,83,87,false
2025-01-13 00:19:35,2025-01-14 00:41:39,UTC-06:00,2025-01-13 00:19:35,2025-01-13 07:56:05,62,17.4,376,456,224,43,109,80,605,127,86,82,false
2025-01-12 01:04:34,2025-01-13 00:19:35,UTC-06:00,2025-01-12 01:04:34,2025-01-12 08:46:59,55,17.3,351,462,202,44,105,111,634,127,78,89,false
2025-01-11 01:16:48,2025-01-12 01:04:34,UTC-06:00,2025-01-11 01:16:48,2025-01-11 08:28:55,56,17.1,334,432,189,59,86,98,599,127,77,88,false
2025-01-10 01:05:01,2025-01-11 01:16:48,UTC-06:00,2025-01-10 01:05:01,2025-01-10 07:25:00,45,16.9,274,379,159,56,59,105,613,127,87,90,false
2025-01-09 01:33:04,2025-01-10 01:05:01,UTC-06:00,2025-01-09 01:33:04,2025-01-09 08:06:37,49,16.8,297,393,168,67,62,96,609,127,80,86,false
2025-01-08 01:04:31,2025-01-09 01:33:04,UTC-06:00,2025-01-08 01:04:31,2025-01-08 08:37:44,54,16.3,326,453,217,57,52,127,603,127,75,84,false
2025-01-07 02:19:31,2025-01-08 01:04:31,UTC-06:00,2025-01-07 02:19:31,2025-01-07 08:00:26,45,16.6,275,334,139,62,74,59,613,127,82,84,false
2025-01-06 01:03:07,2025-01-07 02:19:31,UTC-06:00,2025-01-06 01:03:07,2025-01-06 08:17:08,64,17.0,371,434,201,66,104,63,582,123,89,79,false
2025-01-05 02:20:46,2025-01-06 01:03:07,UTC-06:00,2025-01-05 02:20:46,2025-01-05 09:09:49,59,17.5,355,409,203,77,75,54,603,122,86,74,false
2025-01-04 01:22:04,2025-01-05 02:20:46,UTC-06:00,2025-01-04 01:22:04,2025-01-04 08:14:00,59,16.5,350,409,172,66,112,59,594,127,87,81,false
2025-01-03 00:22:01,2025-01-04 01:22:04,UTC-06:00,2025-01-03 00:22:01,2025-01-03 07:56:18,61,16.0,364,454,214,42,108,90,594,127,87,72,false
2025-01-02 01:55:16,2025-01-03 00:22:01,UTC-06:00,2025-01-02 01:55:16,2025-01-02 08:16:26,54,16.6,326,381,184,51,91,55,607,127,87,73,false
2025-01-01 04:09:19,2025-01-02 01:55:16,UTC-06:00,2025-01-01 04:09:19,2025-01-01 08:44:16,41,17.7,249,274,151,61,37,25,606,118,90,52,false
2024-12-31 01:01:27,2025-01-01 04:09:19,UTC-06:00,2024-12-31 01:01:27,2024-12-31 09:06:55,69,16.7,409,483,206,82,121,74,594,111,86,75,false
2024-12-30 00:23:24,2024-12-31 01:01:27,UTC-06:00,2024-12-30 00:23:24,2024-12-30 08:03:52,70,17.3,403,455,193,104,106,52,576,104,88,80,false
2024-12-28 23:01:37,2024-12-30 00:23:24,UTC-06:00,2024-12-28 23:01:37,2024-12-29 07:09:58,72,17.1,425,486,230,83,112,61,587,119,87,66,false
2024-12-28 00:46:57,2024-12-28 23:01:37,UTC-06:00,2024-12-28 00:46:57,2024-12-28 08:57:13,70,16.8,426,490,230,81,115,64,613,127,88,78,false
2024-12-27 00:49:59,2024-12-28 00:46:57,UTC-06:00,2024-12-27 00:49:59,2024-12-27 07:26:06,54,16.8,328,396,190,47,91,68,604,127,89,86,false
2024-12-25 23:52:28,2024-12-27 00:49:59,UTC-06:00,2024-12-25 23:52:28,2024-12-26 07:51:42,66,17.0,387,479,206,82,99,92,588,127,82,77,false
2024-12-25 00:46:48,2024-12-25 23:52:28,UTC-06:00,2024-12-25 00:46:48,2024-12-25 06:30:29,54,17.5,320,343,177,49,94,23,590,127,93,88,false
2024-12-24 00:41:51,2024-12-25 00:46:48,UTC-06:00,2024-12-24 00:41:51,2024-12-24 07:42:28,46,16.5,284,420,163,46,75,136,613,127,71,83,false
2024-12-23 01:30:56,2024-12-24 00:41:51,UTC-06:00,2024-12-23 01:30:56,2024-12-23 07:31:54,55,16.6,315,360,207,34,74,45,573,108,87,88,false
2024-12-22 01:12:50,2024-12-23 01:30:56,UTC-06:00,2024-12-22 01:12:50,2024-12-22 08:49:28,71,17.1,417,456,219,74,124,39,586,127,91,88,false
2024-12-21 01:11:21,2024-12-22 01:12:50,UTC-06:00,2024-12-21 01:11:21,2024-12-21 08:26:21,63,17.6,373,434,242,44,87,61,596,127,88,85,false
2024-12-20 00:48:17,2024-12-21 01:11:21,UTC-06:00,2024-12-20 00:48:17,2024-12-20 08:05:48,62,16.9,365,437,202,71,92,72,593,127,86,75,false
2024-12-19 01:40:31,2024-12-20 00:48:17,UTC-06:00,2024-12-19 01:40:31,2024-12-19 07:36:48,47,16.6,282,356,140,69,73,74,600,127,84,85,false
2024-12-18 00:15:04,2024-12-18 23:40:31,UTC-08:00,2024-12-18 00:15:04,2024-12-18 06:49:41,64,15.2,357,392,186,52,119,35,559,102,91,78,false
2024-12-16 23:24:03,2024-12-18 00:15:04,UTC-08:00,2024-12-16 23:24:03,2024-12-17 07:08:22,72,16.6,402,462,184,73,145,60,561,103,87,73,false
2024-12-16 00:10:36,2024-12-16 23:24:03,UTC-08:00,2024-12-16 00:10:36,2024-12-16 06:47:37,69,16.3,359,394,164,79,116,35,520,127,91,58,false
2024-12-15 00:07:58,2024-12-16 02:10:36,UTC-06:00,2024-12-15 12:54:38,2024-12-15 14:12:59,12,18.3,68,78,55,13,0,10,585,127,89,,true
2024-12-15 00:07:58,2024-12-16 02:10:36,UTC-06:00,2024-12-15 00:07:58,2024-12-15 08:05:45,67,17.6,420,470,185,74,161,50,624,127,90,88,false
2024-12-14 00:47:20,2024-12-15 00:07:58,UTC-06:00,2024-12-14 00:47:20,2024-12-14 08:00:25,49,18.7,288,429,130,70,88,141,593,127,67,90,false
2024-12-13 00:25:07,2024-12-14 00:47:20,UTC-06:00,2024-12-13 00:25:07,2024-12-13 07:08:41,53,16.4,313,403,147,76,90,90,594,127,86,89,false
2024-12-12 00:38:31,2024-12-13 00:25:07,UTC-06:00,2024-12-12 00:38:31,2024-12-12 07:56:09,62,16.3,375,437,202,49,124,62,606,124,88,85,false
2024-12-11 01:04:06,2024-12-12 00:38:31,UTC-06:00,2024-12-11 01:04:06,2024-12-11 08:11:52,58,16.8,350,427,167,89,94,77,599,124,85,77,false
2024-12-10 01:08:23,2024-12-11 01:04:06,UTC-06:00,2024-12-10 01:08:23,2024-12-10 07:24:26,56,17.0,322,376,193,55,74,54,572,100,90,70,false
2024-12-08 23:40:23,2024-12-10 01:08:23,UTC-06:00,2024-12-08 23:40:23,2024-12-09 07:37:47,72,17.5,404,477,186,74,144,73,560,96,88,70,false
2024-12-07 23:12:56,2024-12-08 23:40:23,UTC-06:00,2024-12-07 23:12:56,2024-12-08 08:29:09,76,17.5,480,556,215,98,167,76,630,127,88,55,false
2024-12-07 03:50:27,2024-12-07 23:12:56,UTC-06:00,2024-12-07 03:50:27,2024-12-07 09:25:57,48,17.7,286,335,189,40,57,49,596,127,85,60,false
2024-12-06 01:28:08,2024-12-07 03:50:27,UTC-06:00,2024-12-06 01:28:08,2024-12-06 07:36:07,52,17.0,324,367,195,56,73,43,619,127,91,89,false
2024-12-05 01:08:01,2024-12-06 01:28:08,UTC-06:00,2024-12-05 01:08:01,2024-12-05 08:08:44,62,16.9,375,420,225,62,88,45,602,127,93,90,false
2024-12-04 01:38:22,2024-12-05 01:08:01,UTC-06:00,2024-12-04 01:38:22,2024-12-04 08:49:40,54,16.9,331,431,180,33,118,100,618,127,79,87,false
2024-12-03 01:22:32,2024-12-04 01:38:22,UTC-06:00,2024-12-03 01:22:32,2024-12-03 08:46:07,60,16.7,354,443,231,75,48,89,595,127,83,84,false
2024-12-02 00:25:33,2024-12-03 01:22:32,UTC-06:00,2024-12-02 00:25:33,2024-12-02 08:13:18,63,17.6,387,467,213,57,117,80,611,127,86,77,false
2024-12-01 01:28:39,2024-12-02 00:25:33,UTC-06:00,2024-12-01 01:28:39,2024-12-01 09:05:12,57,17.2,359,456,233,57,69,97,634,127,83,79,false
2024-11-30 00:47:04,2024-12-01 01:28:39,UTC-06:00,2024-11-30 00:47:04,2024-11-30 07:19:51,55,16.7,322,392,226,47,49,70,586,127,86,75,false
2024-11-29 01:59:20,2024-11-30 00:47:04,UTC-06:00,2024-11-29 01:59:20,2024-11-29 08:22:00,55,15.9,327,382,149,74,104,55,598,127,90,79,false
2024-11-28 00:11:44,2024-11-28 23:59:20,UTC-08:00,2024-11-28 00:11:44,2024-11-28 07:21:32,57,16.4,343,429,188,66,89,86,598,127,84,72,false
2024-11-27 00:52:15,2024-11-28 00:11:44,UTC-08:00,2024-11-27 00:52:15,2024-11-27 06:56:42,46,15.1,270,306,154,53,63,36,588,125,88,60,false
2024-11-26 01:00:26,2024-11-27 02:52:15,UTC-06:00,2024-11-26 01:00:26,2024-11-26 07:34:08,56,16.4,318,393,165,72,81,75,568,94,84,77,false
2024-11-24 23:02:33,2024-11-26 01:00:26,UTC-06:00,2024-11-24 23:02:33,2024-11-25 07:44:39,75,17.2,442,522,233,67,142,80,589,127,89,62,false
2024-11-24 01:06:52,2024-11-24 23:02:33,UTC-06:00,2024-11-24 01:06:52,2024-11-24 09:20:59,67,17.9,409,491,238,81,90,82,610,127,83,81,false
2024-11-23 00:56:20,2024-11-24 01:06:52,UTC-06:00,2024-11-23 00:56:20,2024-11-23 07:06:57,47,17.4,282,370,183,51,48,88,599,127,82,89,false
2024-11-22 01:23:30,2024-11-23 00:56:20,UTC-06:00,2024-11-22 01:23:30,2024-11-22 08:31:46,56,16.8,339,428,203,59,77,89,608,127,82,86,false
2024-11-21 01:29:02,2024-11-22 01:23:30,UTC-06:00,2024-11-21 01:29:02,2024-11-21 08:51:42,55,16.6,325,442,171,66,88,117,596,127,76,72,false
2024-11-20 01:09:09,2024-11-21 01:29:02,UTC-06:00,2024-11-20 01:09:09,2024-11-20 07:49:25,57,17.3,306,400,189,54,63,94,539,72,79,64,false
2024-11-19 00:37:22,2024-11-20 01:09:09,UTC-06:00,2024-11-19 00:37:22,2024-11-19 08:48:22,79,17.6,431,491,190,98,143,60,544,82,87,50,false
2024-11-17 23:43:36,2024-11-19 00:37:22,UTC-06:00,2024-11-17 23:43:36,2024-11-18 09:01:55,78,17.1,456,558,202,107,147,102,584,127,82,24,false
2024-11-17 07:21:34,2024-11-17 23:43:36,UTC-06:00,2024-11-17 07:21:34,2024-11-17 11:50:15,40,18.2,234,264,129,44,61,30,588,127,89,29,false
2024-11-16 03:43:46,2024-11-17 07:21:34,UTC-06:00,2024-11-16 03:43:46,2024-11-16 08:41:18,54,17.3,283,297,164,29,90,14,528,127,95,60,false
2024-11-15 04:34:40,2024-11-16 03:43:46,UTC-06:00,2024-11-15 21:12:31,2024-11-15 22:22:12,10,18.5,57,69,46,11,0,12,585,127,86,,true
2024-11-15 04:34:40,2024-11-16 03:43:46,UTC-06:00,2024-11-15 04:34:40,2024-11-15 08:35:29,33,18.5,196,240,94,50,52,44,591,127,84,54,false
2024-11-14 01:18:27,2024-11-15 04:34:40,UTC-06:00,2024-11-14 01:18:27,2024-11-14 07:06:04,39,16.5,245,347,149,44,52,102,630,127,77,85,false
2024-11-13 00:54:18,2024-11-14 01:18:27,UTC-06:00,2024-11-13 00:54:18,2024-11-13 08:29:47,60,17.0,371,455,223,60,88,84,622,127,84,79,false
2024-11-12 01:26:11,2024-11-13 00:54:18,UTC-06:00,2024-11-12 01:26:11,2024-11-12 07:37:43,48,16.9,297,371,168,76,53,74,620,127,82,76,false
2024-11-11 00:39:33,2024-11-12 01:26:11,UTC-06:00,2024-11-11 00:39:33,2024-11-11 07:49:19,61,17.1,360,429,218,62,80,69,593,127,85,71,false
2024-11-10 02:17:44,2024-11-11 00:39:33,UTC-06:00,2024-11-10 02:17:44,2024-11-10 09:04:22,59,17.5,350,406,175,76,99,56,594,86,88,75,false
2024-11-09 01:49:36,2024-11-10 02:17:44,UTC-06:00,2024-11-09 01:49:36,2024-11-09 09:26:00,73,17.0,362,456,224,55,83,94,498,127,81,63,false
2024-11-07 23:27:49,2024-11-08 23:49:36,UTC-08:00,2024-11-08 16:30:12,2024-11-08 18:04:53,16,17.3,91,94,75,0,16,3,588,127,100,,true
2024-11-07 23:27:49,2024-11-08 23:49:36,UTC-08:00,2024-11-07 23:27:49,2024-11-08 05:55:19,49,16.5,294,380,123,74,97,86,596,127,80,87,false
2024-11-07 00:29:33,2024-11-07 23:27:49,UTC-08:00,2024-11-07 00:29:33,2024-11-07 06:19:58,45,15.9,280,350,159,45,76,70,617,127,84,85,false
2024-11-05 23:41:34,2024-11-07 00:29:33,UTC-08:00,2024-11-05 23:41:34,2024-11-06 06:00:29,48,15.6,288,378,147,60,81,90,602,127,80,90,false
2024-11-05 02:14:25,2024-11-06 01:41:34,UTC-06:00,2024-11-05 02:14:25,2024-11-05 07:41:00,41,16.8,251,326,197,29,25,75,612,124,81,83,false
2024-11-04 01:34:00,2024-11-05 02:14:25,UTC-06:00,2024-11-04 01:34:00,2024-11-04 07:57:27,58,17.6,339,383,215,53,71,44,587,127,89,86,false
2024-11-03 00:27:36,2024-11-04 01:34:00,UTC-06:00,2024-11-03 00:27:36,2024-11-03 08:12:10,49,17.9,312,464,209,45,58,152,632,127,70,85,false
2024-11-02 01:29:54,2024-11-03 00:27:36,UTC-06:00,2024-11-02 01:29:54,2024-11-02 07:49:38,51,17.1,316,379,200,50,66,63,619,127,87,79,false
2024-11-01 00:03:00,2024-11-02 01:29:54,UTC-06:00,2024-11-01 00:03:00,2024-11-01 08:03:36,65,17.1,397,480,262,55,80,83,613,127,86,75,false
2024-10-31 00:00:23,2024-10-31 23:03:00,UTC-07:00,2024-10-31 00:00:23,2024-10-31 06:15:32,45,16.3,273,375,180,59,34,102,611,123,78,73,false
2024-10-30 00:05:34,2024-10-31 00:00:23,UTC-07:00,2024-10-30 00:05:34,2024-10-30 06:11:15,53,16.6,274,365,202,32,40,91,521,38,80,60,false
2024-10-28 22:18:44,2024-10-30 01:05:34,UTC-06:00,2024-10-28 22:18:44,2024-10-29 06:54:31,88,17.2,421,515,245,61,115,94,480,16,84,76,false
2024-10-27 22:48:27,2024-10-28 23:18:44,UTC-05:00,2024-10-27 22:48:27,2024-10-28 09:15:36,96,16.9,562,627,277,113,172,65,588,127,90,69,false
2024-10-26 23:56:42,2024-10-27 22:48:27,UTC-05:00,2024-10-26 23:56:42,2024-10-27 06:20:13,58,18.3,333,383,178,45,110,50,576,113,87,83,false
2024-10-25 23:24:23,2024-10-26 23:56:42,UTC-05:00,2024-10-25 23:24:23,2024-10-26 08:21:47,70,17.3,420,537,293,59,68,117,597,127,80,76,false
2024-10-24 23:02:55,2024-10-25 23:24:23,UTC-05:00,2024-10-24 23:02:55,2024-10-25 07:52:57,67,16.4,416,530,261,74,81,114,622,127,85,65,false
2024-10-24 00:31:57,2024-10-24 22:02:55,UTC-06:00,2024-10-24 00:31:57,2024-10-24 07:28:13,46,17.0,289,416,207,48,34,127,626,127,81,91,false
2024-10-23 01:01:52,2024-10-24 00:31:57,UTC-06:00,2024-10-23 01:01:52,2024-10-23 08:02:15,55,17.0,332,420,196,58,78,88,609,127,82,85,false
2024-10-22 00:28:41,2024-10-23 01:01:52,UTC-06:00,2024-10-22 00:28:41,2024-10-22 07:46:11,50,17.5,307,437,230,35,42,130,608,127,72,86,false
2024-10-21 00:37:40,2024-10-22 00:28:41,UTC-06:00,2024-10-21 00:37:40,2024-10-21 07:52:45,50,17.1,287,435,152,41,94,148,573,114,74,85,false
2024-10-19 22:17:49,2024-10-21 00:37:40,UTC-06:00,2024-10-19 22:17:49,2024-10-20 08:19:01,73,17.2,469,601,271,62,136,132,647,127,80,70,false
2024-10-19 00:38:34,2024-10-19 22:17:49,UTC-06:00,2024-10-19 00:38:34,2024-10-19 08:19:42,54,17.1,335,461,240,60,35,126,620,127,77,90,false
2024-10-18 00:31:54,2024-10-19 00:38:34,UTC-06:00,2024-10-18 00:31:54,2024-10-18 07:39:14,52,17.0,324,427,201,63,60,103,618,127,81,91,false
2024-10-17 00:43:18,2024-10-18 00:31:54,UTC-06:00,2024-10-17 00:43:18,2024-10-17 07:48:03,57,16.6,353,424,225,64,64,71,614,127,86,86,false
2024-10-16 00:26:54,2024-10-17 00:43:18,UTC-06:00,2024-10-16 00:26:54,2024-10-16 08:09:04,56,17.1,347,462,233,63,51,115,621,127,77,81,false
2024-10-15 01:15:42,2024-10-16 00:26:54,UTC-06:00,2024-10-15 01:15:42,2024-10-15 07:05:18,44,16.8,270,349,131,38,101,79,614,120,78,76,false
2024-10-13 22:55:06,2024-10-15 01:15:42,UTC-06:00,2024-10-13 22:55:06,2024-10-14 07:46:18,68,17.5,399,531,139,76,184,132,587,127,77,73,false
2024-10-13 00:40:48,2024-10-13 22:55:06,UTC-06:00,2024-10-13 00:40:48,2024-10-13 08:03:27,56,17.4,358,442,201,63,94,84,636,127,84,80,false
2024-10-12 00:15:53,2024-10-13 00:40:48,UTC-06:00,2024-10-12 00:15:53,2024-10-12 06:51:53,49,17.0,281,396,190,34,57,115,578,83,75,81,false
2024-10-11 00:16:55,2024-10-12 00:15:53,UTC-06:00,2024-10-11 00:16:55,2024-10-11 08:30:04,77,17.1,446,493,183,100,163,47,576,116,92,74,false
2024-10-10 00:13:26,2024-10-10 23:16:55,UTC-07:00,2024-10-10 00:13:26,2024-10-10 07:52:38,69,17.2,409,459,181,86,142,50,590,127,92,61,false
2024-10-08 23:47:50,2024-10-10 01:13:26,UTC-06:00,2024-10-08 23:47:50,2024-10-09 05:31:24,38,16.2,233,343,160,37,36,110,606,109,73,76,false
2024-10-07 23:51:58,2024-10-08 23:47:50,UTC-06:00,2024-10-07 23:51:58,2024-10-08 07:30:06,62,16.5,355,458,208,50,97,103,575,78,82,69,false
2024-10-06 23:21:08,2024-10-07 23:51:58,UTC-06:00,2024-10-06 23:21:08,2024-10-07 07:56:58,78,17.5,445,515,227,87,131,70,567,110,89,58,false
2024-10-06 00:40:27,2024-10-06 23:21:08,UTC-06:00,2024-10-06 00:40:27,2024-10-06 08:16:35,71,17.5,419,456,247,100,72,37,590,127,94,48,false
2024-10-05 04:54:01,2024-10-06 00:40:27,UTC-06:00,2024-10-05 04:54:01,2024-10-05 11:11:40,53,18.2,319,377,180,62,77,58,604,127,86,29,false
2024-10-04 00:24:05,2024-10-05 04:54:01,UTC-06:00,2024-10-04 00:24:05,2024-10-04 07:36:24,57,16.8,349,432,205,68,76,83,618,127,84,92,false
2024-10-03 00:27:25,2024-10-04 00:24:05,UTC-06:00,2024-10-03 00:27:25,2024-10-03 07:40:56,54,16.5,331,433,210,46,75,102,615,127,84,90,false
2024-10-02 00:03:53,2024-10-03 00:27:25,UTC-06:00,2024-10-02 00:03:53,2024-10-02 08:19:02,68,16.3,421,495,294,69,58,74,624,127,88,88,false
2024-10-01 00:27:12,2024-10-02 00:03:53,UTC-06:00,2024-10-01 00:27:12,2024-10-01 07:46:47,64,17.0,373,439,262,57,54,66,586,99,89,86,false
2024-09-29 23:07:38,2024-10-01 00:27:12,UTC-06:00,2024-09-29 23:07:38,2024-09-30 07:49:31,74,17.5,432,521,302,55,75,89,587,127,85,79,false
2024-09-29 00:20:32,2024-09-29 23:07:38,UTC-06:00,2024-09-29 00:20:32,2024-09-29 08:23:58,59,17.5,371,483,218,74,79,112,631,127,79,89,false
2024-09-28 00:55:49,2024-09-29 00:20:32,UTC-06:00,2024-09-28 00:55:49,2024-09-28 08:20:40,55,16.6,337,444,209,57,71,107,611,127,79,86,false
2024-09-26 23:57:27,2024-09-28 00:55:49,UTC-06:00,2024-09-26 23:57:27,2024-09-27 07:31:31,59,16.7,362,454,218,74,70,92,617,127,83,88,false
2024-09-26 00:46:06,2024-09-26 23:57:27,UTC-06:00,2024-09-26 00:46:06,2024-09-26 08:03:12,54,16.5,340,437,180,81,79,97,625,127,85,90,false
2024-09-25 00:39:08,2024-09-26 00:46:06,UTC-06:00,2024-09-25 00:39:08,2024-09-25 07:49:47,60,16.7,369,430,226,46,97,61,611,127,89,87,false
2024-09-24 00:34:47,2024-09-25 00:39:08,UTC-06:00,2024-09-24 00:34:47,2024-09-24 07:42:54,55,17.0,323,428,196,40,87,105,584,93,80,85,false
2024-09-22 23:45:27,2024-09-24 00:34:47,UTC-06:00,2024-09-22 23:45:27,2024-09-23 08:09:19,75,17.6,437,503,265,79,93,66,582,122,91,72,false
2024-09-22 00:51:24,2024-09-22 23:45:27,UTC-06:00,2024-09-22 00:51:24,2024-09-22 09:09:17,69,17.7,429,497,283,88,58,68,619,127,87,78,false
2024-09-21 00:55:07,2024-09-22 00:51:24,UTC-06:00,2024-09-21 00:55:07,2024-09-21 07:05:43,48,17.8,287,370,186,42,59,83,601,127,81,90,false
2024-09-20 00:16:45,2024-09-21 00:55:07,UTC-06:00,2024-09-20 00:16:45,2024-09-20 07:37:17,53,17.1,323,440,164,76,83,117,613,127,76,88,false
2024-09-19 01:03:14,2024-09-20 00:16:45,UTC-06:00,2024-09-19 01:03:14,2024-09-19 08:10:31,51,16.7,310,427,188,47,75,117,609,127,75,92,false
2024-09-18 01:01:33,2024-09-19 01:03:14,UTC-06:00,2024-09-18 01:01:33,2024-09-18 07:55:00,56,17.1,343,413,212,47,84,70,611,127,86,89,false
2024-09-17 00:27:12,2024-09-18 01:01:33,UTC-06:00,2024-09-17 00:27:12,2024-09-17 07:35:19,51,17.3,321,428,204,50,67,107,624,127,78,93,false
2024-09-16 00:57:18,2024-09-17 00:27:12,UTC-06:00,2024-09-16 00:57:18,2024-09-16 08:14:36,53,17.3,318,437,171,62,85,119,597,127,75,89,false
2024-09-15 00:34:32,2024-09-16 00:57:18,UTC-06:00,2024-09-15 00:34:32,2024-09-15 08:22:33,63,17.5,387,468,271,55,61,81,610,127,86,90,false
2024-09-14 00:15:45,2024-09-15 00:34:32,UTC-06:00,2024-09-14 00:15:45,2024-09-14 08:00:43,57,16.8,355,464,230,77,48,109,618,127,78,91,false
2024-09-13 00:31:53,2024-09-14 00:15:45,UTC-06:00,2024-09-13 00:31:53,2024-09-13 08:00:04,56,17.0,351,448,179,74,98,97,621,127,81,89,false
2024-09-12 00:17:01,2024-09-13 00:31:53,UTC-06:00,2024-09-12 00:17:01,2024-09-12 07:11:13,45,16.5,275,414,144,58,73,139,613,127,71,87,false
2024-09-11 00:58:27,2024-09-12 00:17:01,UTC-06:00,2024-09-11 00:58:27,2024-09-11 08:15:47,61,16.9,370,437,219,66,85,67,612,127,88,92,false
2024-09-10 01:13:26,2024-09-11 00:58:27,UTC-06:00,2024-09-10 01:13:26,2024-09-10 07:59:24,49,17.3,315,405,175,67,73,90,640,127,82,89,false
2024-09-09 01:01:41,2024-09-10 01:13:26,UTC-06:00,2024-09-09 01:01:41,2024-09-09 07:57:03,53,17.3,319,415,148,73,98,96,600,127,79,88,false
2024-09-08 01:11:01,2024-09-09 01:01:41,UTC-06:00,2024-09-08 01:11:01,2024-09-08 08:15:31,54,17.1,335,424,203,55,77,89,619,127,82,85,false
2024-09-07 01:51:36,2024-09-08 01:11:01,UTC-06:00,2024-09-07 01:51:36,2024-09-07 08:56:23,57,17.0,346,424,241,52,53,78,609,127,83,77,false
2024-09-06 00:18:58,2024-09-07 01:51:36,UTC-06:00,2024-09-06 00:18:58,2024-09-06 08:45:54,63,16.6,395,506,235,58,102,111,628,127,81,82,false
2024-09-05 00:58:14,2024-09-06 00:18:58,UTC-06:00,2024-09-05 00:58:14,2024-09-05 08:16:06,60,16.7,366,437,186,86,94,71,608,127,87,83,false
2024-09-04 00:45:09,2024-09-05 00:58:14,UTC-06:00,2024-09-04 00:45:09,2024-09-04 07:22:53,52,16.8,322,397,223,42,57,75,616,127,83,85,false
2024-09-03 00:31:14,2024-09-04 00:45:09,UTC-06:00,2024-09-03 00:31:14,2024-09-03 07:24:53,50,17.2,323,413,191,73,59,90,644,127,84,81,false
2024-09-02 00:04:38,2024-09-03 00:31:14,UTC-06:00,2024-09-02 00:04:38,2024-09-02 07:30:29,61,17.1,360,445,208,53,99,85,588,127,83,79,false
2024-09-01 00:51:06,2024-09-02 00:04:38,UTC-06:00,2024-09-01 00:51:06,2024-09-01 09:21:50,68,17.2,428,510,268,78,82,82,630,127,86,82,false
2024-08-31 00:24:25,2024-09-01 00:51:06,UTC-06:00,2024-08-31 00:24:25,2024-08-31 08:23:15,60,16.8,361,478,192,65,104,117,606,127,78,89,false
2024-08-30 00:48:33,2024-08-31 00:24:25,UTC-06:00,2024-08-30 00:48:33,2024-08-30 08:06:56,47,16.6,294,438,162,64,68,144,622,127,73,89,false
2024-08-29 00:34:55,2024-08-30 00:48:33,UTC-06:00,2024-08-29 00:34:55,2024-08-29 08:25:26,64,17.0,392,470,236,69,87,78,609,127,87,81,false
2024-08-28 01:12:02,2024-08-29 00:34:55,UTC-06:00,2024-08-28 01:12:02,2024-08-28 07:11:10,42,17.0,258,359,179,37,42,101,622,127,84,76,false
2024-08-27 00:44:38,2024-08-28 01:12:02,UTC-06:00,2024-08-27 00:44:38,2024-08-27 07:46:10,57,16.8,355,421,207,74,74,66,620,117,87,69,false
2024-08-26 00:31:33,2024-08-27 00:44:38,UTC-06:00,2024-08-26 00:31:33,2024-08-26 08:02:16,69,17.5,410,450,162,101,147,40,593,127,93,58,false
2024-08-25 04:40:23,2024-08-26 00:31:33,UTC-06:00,2024-08-25 04:40:23,2024-08-25 08:42:38,39,18.8,201,239,117,39,45,38,512,0,88,42,false
2024-08-23 21:14:03,2024-08-25 04:40:23,UTC-06:00,2024-08-23 21:14:03,2024-08-24 08:24:21,100,17.0,595,670,312,115,168,75,594,127,91,44,false
2024-08-23 01:02:33,2024-08-23 20:14:03,UTC-07:00,2024-08-23 01:02:33,2024-08-23 05:18:38,31,16.7,190,256,126,43,21,66,615,127,78,62,false
2024-08-22 01:10:16,2024-08-23 01:02:33,UTC-07:00,2024-08-22 01:10:16,2024-08-22 07:32:23,53,17.0,315,378,154,60,101,63,596,127,86,51,false
2024-08-20 23:10:18,2024-08-22 02:10:16,UTC-06:00,2024-08-20 23:10:18,2024-08-21 05:44:43,36,16.9,217,394,167,18,32,177,611,127,73,62,false
2024-08-20 00:40:13,2024-08-20 23:10:18,UTC-06:00,2024-08-20 00:40:13,2024-08-20 07:02:41,50,16.3,279,382,179,74,26,103,564,66,77,63,false
2024-08-18 22:28:14,2024-08-20 00:40:13,UTC-06:00,2024-08-18 22:28:14,2024-08-19 07:45:33,82,17.0,484,557,223,113,148,73,589,127,89,41,false
2024-08-18 03:13:00,2024-08-18 22:28:14,UTC-06:00,2024-08-18 03:13:00,2024-08-18 11:10:20,58,18.2,367,477,278,44,45,110,637,127,78,41,false
2024-08-16 23:37:36,2024-08-18 03:13:00,UTC-06:00,2024-08-16 23:37:36,2024-08-17 08:04:37,57,16.4,341,507,199,74,68,166,597,127,70,84,false
2024-08-16 00:33:37,2024-08-16 23:37:36,UTC-06:00,2024-08-16 00:33:37,2024-08-16 07:55:53,58,16.1,351,442,191,78,82,91,609,127,85,91,false
2024-08-15 01:00:00,2024-08-16 00:33:37,UTC-06:00,2024-08-15 01:00:00,2024-08-15 08:02:01,52,16.0,317,422,199,49,69,105,613,127,85,86,false
2024-08-14 00:37:12,2024-08-15 01:00:00,UTC-06:00,2024-08-14 00:37:12,2024-08-14 08:01:40,54,16.3,329,444,181,68,80,115,616,127,79,82,false
2024-08-13 00:56:40,2024-08-14 00:37:12,UTC-06:00,2024-08-13 00:56:40,2024-08-13 07:12:47,41,16.7,248,376,172,36,40,128,600,86,70,80,false
2024-08-11 23:00:39,2024-08-13 00:56:40,UTC-06:00,2024-08-11 23:00:39,2024-08-12 07:34:36,71,16.7,423,513,227,76,120,90,596,127,84,83,false
2024-08-10 23:55:28,2024-08-11 23:00:39,UTC-06:00,2024-08-10 23:55:28,2024-08-11 07:14:49,52,16.8,329,439,200,54,75,110,635,127,79,85,false
2024-08-10 00:12:13,2024-08-10 23:55:28,UTC-06:00,2024-08-10 00:12:13,2024-08-10 07:25:02,50,16.8,293,432,160,56,77,139,589,106,75,72,false
2024-08-08 23:50:23,2024-08-10 00:12:13,UTC-06:00,2024-08-08 23:50:23,2024-08-09 06:55:41,59,16.6,303,425,222,33,48,122,515,21,76,61,false
2024-08-07 22:25:44,2024-08-08 23:50:23,UTC-06:00,2024-08-07 22:25:44,2024-08-08 08:15:11,94,16.5,495,589,309,75,111,94,528,61,87,64,false
2024-08-06 22:40:22,2024-08-07 23:25:44,UTC-05:00,2024-08-06 22:40:22,2024-08-07 09:03:54,80,15.7,385,623,238,80,67,238,482,20,63,59,false
2024-08-05 22:10:22,2024-08-06 22:40:22,UTC-05:00,2024-08-05 22:10:22,2024-08-06 07:35:12,92,16.1,364,564,245,54,65,200,396,0,71,56,false
2024-08-04 19:55:53,2024-08-05 22:10:22,UTC-05:00,2024-08-05 11:40:24,2024-08-05 13:15:24,16,17.1,73,95,44,12,17,22,459,0,92,,true
2024-08-04 19:55:53,2024-08-05 22:10:22,UTC-05:00,2024-08-04 19:55:53,2024-08-05 07:10:44,100,16.3,544,674,281,92,171,130,459,0,80,66,false
2024-08-03 20:20:49,2024-08-04 19:55:53,UTC-05:00,2024-08-03 20:20:49,2024-08-04 07:52:00,100,16.6,607,691,291,134,182,84,535,75,89,51,false
2024-08-02 21:22:48,2024-08-03 20:20:49,UTC-05:00,2024-08-02 21:22:48,2024-08-03 07:15:26,80,16.7,474,592,300,60,114,118,592,127,82,47,false
2024-08-02 00:37:00,2024-08-02 20:22:48,UTC-06:00,2024-08-02 00:37:00,2024-08-02 07:12:43,53,16.9,327,395,140,64,123,68,618,127,86,88,false
2024-08-01 01:07:07,2024-08-02 00:37:00,UTC-06:00,2024-08-01 01:07:07,2024-08-01 08:16:26,60,16.2,370,429,203,72,95,59,617,127,88,83,false
2024-07-31 00:48:57,2024-08-01 01:07:07,UTC-06:00,2024-07-31 00:48:57,2024-07-31 07:53:51,54,16.7,327,420,194,67,66,93,611,127,80,77,false
2024-07-30 00:55:44,2024-07-31 00:48:57,UTC-06:00,2024-07-30 00:55:44,2024-07-30 07:54:08,53,16.9,317,418,195,35,87,101,598,76,79,70,false
2024-07-28 23:06:28,2024-07-30 00:55:44,UTC-06:00,2024-07-28 23:06:28,2024-07-29 08:08:11,80,17.6,467,541,239,93,135,74,586,127,89,52,false
2024-07-28 02:40:56,2024-07-28 23:06:28,UTC-06:00,2024-07-28 02:40:56,2024-07-28 10:05:32,51,17.7,320,444,161,78,81,124,623,127,72,65,false
2024-07-27 02:03:23,2024-07-28 02:40:56,UTC-06:00,2024-07-27 02:03:23,2024-07-27 07:24:28,46,16.8,278,317,118,35,125,39,610,127,87,75,false
2024-07-26 01:00:44,2024-07-27 02:03:23,UTC-06:00,2024-07-26 01:00:44,2024-07-26 09:05:53,66,17.1,401,485,248,63,90,84,605,126,87,84,false
2024-07-25 00:58:20,2024-07-26 01:00:44,UTC-06:00,2024-07-25 00:58:20,2024-07-25 08:30:40,67,16.3,408,452,238,72,98,44,605,127,92,86,false
2024-07-23 23:48:53,2024-07-24 23:58:20,UTC-07:00,2024-07-23 23:48:53,2024-07-24 06:50:58,52,14.8,318,422,193,40,85,104,608,127,79,83,false
2024-07-23 00:50:26,2024-07-24 00:48:53,UTC-06:00,2024-07-23 00:50:26,2024-07-23 07:21:14,43,16.4,252,390,149,48,55,138,586,72,70,84,false
2024-07-21 23:34:10,2024-07-23 00:50:26,UTC-06:00,2024-07-21 23:34:10,2024-07-22 08:25:29,81,17.1,468,531,283,58,127,63,581,122,90,75,false
2024-07-21 00:49:34,2024-07-21 23:34:10,UTC-06:00,2024-07-21 00:49:34,2024-07-21 09:14:45,70,17.1,436,505,242,65,129,69,627,127,89,78,false
2024-07-19 23:52:19,2024-07-21 00:49:34,UTC-06:00,2024-07-19 23:52:19,2024-07-20 07:51:10,65,17.3,383,478,197,75,111,95,588,127,83,80,false
2024-07-19 01:37:27,2024-07-19 23:52:19,UTC-06:00,2024-07-19 01:37:27,2024-07-19 08:30:28,55,16.5,346,413,172,67,107,67,625,127,88,86,false
2024-07-18 01:29:46,2024-07-19 01:37:27,UTC-06:00,2024-07-18 01:29:46,2024-07-18 08:11:47,50,16.3,308,402,218,19,71,94,620,126,79,80,false
2024-07-17 00:23:29,2024-07-18 01:29:46,UTC-06:00,2024-07-17 00:23:29,2024-07-17 08:26:18,67,16.3,405,482,208,73,124,77,602,119,87,82,false
2024-07-16 00:38:40,2024-07-17 00:23:29,UTC-06:00,2024-07-16 00:38:40,2024-07-16 08:00:57,66,17.0,358,442,179,57,122,84,544,64,84,79,false
2024-07-14 23:26:19,2024-07-16 00:38:40,UTC-06:00,2024-07-14 23:26:19,2024-07-15 08:06:42,83,18.0,486,520,238,99,149,34,586,127,94,69,false
2024-07-14 04:07:17,2024-07-14 23:26:19,UTC-06:00,2024-07-14 04:07:17,2024-07-14 08:22:31,36,18.8,221,255,62,52,107,34,614,127,87,59,false
2024-07-13 00:40:07,2024-07-14 04:07:17,UTC-06:00,2024-07-13 00:40:07,2024-07-13 08:15:54,62,17.3,365,455,243,56,66,90,592,119,83,92,false
2024-07-12 00:27:50,2024-07-13 00:40:07,UTC-06:00,2024-07-12 00:27:50,2024-07-12 08:24:15,70,16.5,427,476,288,73,66,49,612,127,92,87,false
2024-07-10 23:41:32,2024-07-11 23:27:50,UTC-07:00,2024-07-10 23:41:32,2024-07-11 06:40:53,50,16.0,305,419,195,62,48,114,612,127,87,85,false
2024-07-09 23:39:24,2024-07-10 23:41:32,UTC-07:00,2024-07-09 23:39:24,2024-07-10 06:36:17,53,15.5,318,416,146,68,104,98,601,126,79,81,false
2024-07-08 23:48:54,2024-07-10 00:39:24,UTC-06:00,2024-07-08 23:48:54,2024-07-09 08:02:27,67,16.9,390,493,218,90,82,103,586,76,84,78,false
2024-07-07 22:39:28,2024-07-08 23:48:54,UTC-06:00,2024-07-07 22:39:28,2024-07-08 08:08:10,80,17.4,478,568,263,89,126,90,597,127,86,63,false
2024-07-07 01:08:04,2024-07-07 22:39:28,UTC-06:00,2024-07-07 01:08:04,2024-07-07 07:34:23,48,17.2,285,386,184,39,62,101,601,98,77,83,false
2024-07-06 00:45:17,2024-07-07 01:08:04,UTC-06:00,2024-07-06 00:45:17,2024-07-06 09:32:52,74,17.1,437,527,209,82,146,90,590,127,88,85,false
2024-07-05 00:58:36,2024-07-06 00:45:17,UTC-06:00,2024-07-05 00:58:36,2024-07-05 08:31:11,55,16.5,338,452,210,52,76,114,613,122,81,90,false
2024-07-04 00:38:14,2024-07-05 00:58:36,UTC-06:00,2024-07-04 00:38:14,2024-07-04 08:39:05,60,16.5,374,480,212,81,81,106,620,127,89,89,false
2024-07-03 00:32:38,2024-07-04 00:38:14,UTC-06:00,2024-07-03 00:32:38,2024-07-03 08:29:49,56,16.0,342,477,181,70,91,135,609,127,78,84,false
2024-07-02 00:07:51,2024-07-03 00:32:38,UTC-06:00,2024-07-02 00:07:51,2024-07-02 08:15:09,57,16.8,367,487,205,63,99,120,644,121,84,80,false
2024-06-30 23:37:08,2024-07-02 00:07:51,UTC-06:00,2024-06-30 23:37:08,2024-07-01 08:12:32,68,17.2,402,515,198,65,139,113,591,127,80,73,false
2024-06-30 02:04:46,2024-06-30 23:37:08,UTC-06:00,2024-06-30 02:04:46,2024-06-30 09:05:22,55,18.2,322,420,170,44,108,98,590,105,78,68,false
2024-06-28 23:07:22,2024-06-30 02:04:46,UTC-06:00,2024-06-28 23:07:22,2024-06-29 07:50:55,71,17.3,406,523,196,94,116,117,570,110,82,73,false
2024-06-28 01:29:06,2024-06-28 23:07:22,UTC-06:00,2024-06-28 01:29:06,2024-06-28 08:25:09,60,16.4,335,416,215,75,45,81,555,79,84,71,false
2024-06-26 21:52:40,2024-06-28 00:29:06,UTC-07:00,2024-06-26 21:52:40,2024-06-27 07:58:43,80,15.0,483,606,203,80,200,123,606,127,83,68,false
2024-06-26 01:57:18,2024-06-26 21:52:40,UTC-07:00,2024-06-26 01:57:18,2024-06-26 08:24:29,39,15.9,227,387,82,59,86,160,588,93,63,59,false
2024-06-24 23:48:49,2024-06-26 02:57:18,UTC-06:00,2024-06-24 23:48:49,2024-06-25 08:25:18,67,16.8,389,516,246,45,98,127,577,58,78,86,false
2024-06-23 23:32:16,2024-06-24 23:48:49,UTC-06:00,2024-06-23 23:32:16,2024-06-24 08:26:31,84,17.5,461,534,346,53,62,73,552,93,87,80,false
2024-06-23 00:13:07,2024-06-23 23:32:16,UTC-06:00,2024-06-23 00:13:07,2024-06-23 09:36:08,76,17.4,453,563,290,51,112,110,598,85,83,86,false
2024-06-22 00:14:02,2024-06-23 00:13:07,UTC-06:00,2024-06-22 00:14:02,2024-06-22 09:08:28,77,17.5,454,534,275,64,115,80,587,127,86,87,false
2024-06-21 00:22:40,2024-06-22 00:14:02,UTC-06:00,2024-06-21 00:22:40,2024-06-21 08:08:32,59,16.7,361,465,188,94,79,104,615,127,80,88,false
2024-06-20 00:39:14,2024-06-21 00:22:40,UTC-06:00,2024-06-20 00:39:14,2024-06-20 08:40:37,64,16.6,368,481,240,55,73,113,579,104,79,78,false
2024-06-18 23:43:19,2024-06-20 00:39:14,UTC-06:00,2024-06-18 23:43:19,2024-06-19 08:27:25,73,17.4,438,524,320,30,88,86,601,115,87,74,false
2024-06-18 00:21:09,2024-06-18 23:43:19,UTC-06:00,2024-06-18 00:21:09,2024-06-18 08:15:36,60,16.9,347,474,194,67,86,127,578,78,76,68,false
2024-06-16 22:58:45,2024-06-18 00:21:09,UTC-06:00,2024-06-16 22:58:45,2024-06-17 08:14:55,79,17.8,465,556,236,80,149,91,588,127,86,48,false
2024-06-16 03:40:08,2024-06-16 22:58:45,UTC-06:00,2024-06-16 03:40:08,2024-06-16 10:38:57,47,18.9,277,418,150,50,77,141,584,121,69,44,false
2024-06-15 00:48:14,2024-06-16 03:40:08,UTC-06:00,2024-06-15 00:48:14,2024-06-15 08:53:26,59,16.8,351,485,167,52,132,134,593,113,74,72,false
2024-06-14 00:31:41,2024-06-15 00:48:14,UTC-06:00,2024-06-14 00:31:41,2024-06-14 08:02:39,61,16.5,351,450,217,66,68,99,577,99,83,74,false
2024-06-12 23:30:50,2024-06-13 23:31:41,UTC-07:00,2024-06-12 23:30:50,2024-06-13 06:34:55,68,15.9,323,424,182,38,103,101,477,127,80,55,false
2024-06-11 23:33:53,2024-06-13 00:30:50,UTC-06:00,2024-06-12 09:14:51,2024-06-12 11:29:54,19,16.3,112,135,71,19,22,23,586,127,83,,true
2024-06-11 23:33:53,2024-06-13 00:30:50,UTC-06:00,2024-06-11 23:33:53,2024-06-12 06:14:54,48,16.1,297,401,204,36,57,104,614,127,84,86,false
2024-06-11 00:32:59,2024-06-11 23:33:53,UTC-06:00,2024-06-11 00:32:59,2024-06-11 08:18:04,63,16.9,375,465,218,68,89,90,593,106,84,85,false
2024-06-09 23:21:34,2024-06-11 00:32:59,UTC-06:00,2024-06-09 23:21:34,2024-06-10 08:12:28,72,17.6,423,530,219,82,122,107,590,124,82,77,false
2024-06-09 00:19:21,2024-06-09 23:21:34,UTC-06:00,2024-06-09 00:19:21,2024-06-09 09:23:28,69,17.2,436,544,240,90,106,108,630,127,86,84,false
2024-06-08 00:27:50,2024-06-09 00:19:21,UTC-06:00,2024-06-08 00:27:50,2024-06-08 08:35:31,62,16.9,375,487,249,37,89,112,610,127,80,89,false
2024-06-07 00:00:51,2024-06-08 00:27:50,UTC-06:00,2024-06-07 00:00:51,2024-06-07 08:12:55,63,16.7,391,492,200,63,128,101,617,127,85,94,false
2024-06-06 00:08:07,2024-06-07 00:00:51,UTC-06:00,2024-06-06 00:08:07,2024-06-06 07:57:12,58,16.4,357,469,197,63,97,112,617,127,86,89,false
2024-06-05 00:04:20,2024-06-06 00:08:07,UTC-06:00,2024-06-05 00:04:20,2024-06-05 08:22:17,57,16.4,349,497,179,54,116,148,612,127,72,84,false
2024-06-03 23:57:58,2024-06-05 00:04:20,UTC-06:00,2024-06-03 23:57:58,2024-06-04 07:32:17,55,16.5,342,454,212,51,79,112,623,127,78,87,false
2024-06-03 00:25:45,2024-06-03 23:57:58,UTC-06:00,2024-06-03 00:25:45,2024-06-03 07:44:35,66,17.6,394,432,135,108,151,38,594,127,92,84,false
2024-06-02 00:54:30,2024-06-03 00:25:45,UTC-06:00,2024-06-02 00:54:30,2024-06-02 07:02:41,48,19.2,311,368,152,67,92,57,651,127,85,76,false
2024-05-31 23:39:28,2024-06-02 00:54:30,UTC-06:00,2024-05-31 23:39:28,2024-06-01 06:34:59,53,16.2,323,415,169,32,122,92,611,127,83,92,false
2024-05-30 23:49:03,2024-05-31 23:39:28,UTC-06:00,2024-05-30 23:49:03,2024-05-31 07:51:45,62,16.3,383,482,215,91,77,99,613,127,82,92,false
2024-05-29 23:44:16,2024-05-30 23:49:03,UTC-06:00,2024-05-29 23:44:16,2024-05-30 07:33:39,53,16.2,323,469,146,70,107,146,608,127,72,85,false
2024-05-29 00:13:14,2024-05-29 23:44:16,UTC-06:00,2024-05-29 00:13:14,2024-05-29 08:09:47,59,16.8,353,476,169,77,107,123,603,127,86,85,false
2024-05-28 00:27:05,2024-05-29 00:13:14,UTC-06:00,2024-05-28 00:27:05,2024-05-28 07:37:11,57,16.7,348,430,212,71,65,82,615,127,85,87,false
2024-05-26 23:39:15,2024-05-28 00:27:05,UTC-06:00,2024-05-26 23:39:15,2024-05-27 07:23:26,63,18.2,374,464,200,74,100,90,592,127,84,79,false
2024-05-26 01:00:41,2024-05-26 23:39:15,UTC-06:00,2024-05-26 01:00:41,2024-05-26 07:19:46,49,18.3,315,379,207,45,63,64,646,127,85,84,false
2024-05-25 00:50:33,2024-05-26 01:00:41,UTC-06:00,2024-05-25 00:50:33,2024-05-25 06:52:05,46,17.3,269,361,188,12,69,92,589,127,81,88,false
2024-05-24 00:29:38,2024-05-25 00:50:33,UTC-06:00,2024-05-24 00:29:38,2024-05-24 07:59:44,54,17.0,327,450,188,48,91,123,607,111,76,79,false
2024-05-23 00:46:56,2024-05-24 00:29:38,UTC-06:00,2024-05-23 00:46:56,2024-05-23 08:12:53,62,17.6,365,445,246,38,81,80,589,127,87,71,false
2024-05-22 01:47:47,2024-05-23 00:46:56,UTC-06:00,2024-05-22 01:47:47,2024-05-22 07:49:04,52,17.2,288,361,187,44,57,73,551,90,86,82,false
2024-05-21 01:20:09,2024-05-22 00:47:47,UTC-07:00,2024-05-21 01:20:09,2024-05-21 08:15:55,65,16.2,342,414,148,53,141,72,524,57,84,74,false
2024-05-19 22:14:31,2024-05-21 01:20:09,UTC-07:00,2024-05-19 22:14:31,2024-05-20 08:00:04,85,16.8,497,585,243,66,188,88,587,127,88,68,false
2024-05-19 00:32:00,2024-05-19 22:14:31,UTC-07:00,2024-05-19 00:32:00,2024-05-19 08:46:07,67,17.9,403,494,169,75,159,91,602,124,82,86,false
2024-05-18 00:51:11,2024-05-19 00:32:00,UTC-07:00,2024-05-18 00:51:11,2024-05-18 08:40:18,58,17.8,347,469,221,43,83,122,596,127,75,78,false
2024-05-17 00:15:21,2024-05-18 00:51:11,UTC-07:00,2024-05-17 00:15:21,2024-05-17 07:23:33,62,16.9,355,428,149,64,142,73,575,97,86,79,false
2024-05-16 00:01:26,2024-05-17 00:15:21,UTC-07:00,2024-05-16 00:01:26,2024-05-16 08:18:36,75,16.2,453,497,204,84,165,44,605,127,92,74,false
2024-05-15 02:35:21,2024-05-16 00:01:26,UTC-07:00,2024-05-15 02:35:21,2024-05-15 08:19:36,52,16.1,313,329,157,62,94,16,600,127,95,54,false
2024-05-14 00:12:10,2024-05-15 03:35:21,UTC-06:00,2024-05-14 00:12:10,2024-05-14 07:32:04,64,17.4,371,439,215,62,94,68,583,121,86,89,false
2024-05-13 00:00:30,2024-05-14 00:12:10,UTC-06:00,2024-05-13 00:00:30,2024-05-13 08:22:46,68,17.9,405,502,160,93,152,97,594,127,85,81,false
2024-05-12 00:39:51,2024-05-13 00:00:30,UTC-06:00,2024-05-12 00:39:51,2024-05-12 09:08:30,67,18.0,429,508,229,71,129,79,645,127,86,86,false
2024-05-11 01:10:23,2024-05-12 00:39:51,UTC-06:00,2024-05-11 01:10:23,2024-05-11 08:30:00,57,16.9,342,439,206,55,81,97,602,127,81,89,false
2024-05-10 00:54:09,2024-05-11 01:10:23,UTC-06:00,2024-05-10 00:54:09,2024-05-10 08:16:53,59,16.8,362,442,244,41,77,80,614,127,85,90,false
2024-05-09 00:38:32,2024-05-10 00:54:09,UTC-06:00,2024-05-09 00:38:32,2024-05-09 08:08:57,54,16.9,327,450,225,45,57,123,603,127,78,89,false
2024-05-08 00:40:54,2024-05-09 00:38:32,UTC-06:00,2024-05-08 00:40:54,2024-05-08 07:24:13,52,16.5,315,403,188,53,74,88,605,127,81,89,false
2024-05-07 00:51:38,2024-05-08 00:40:54,UTC-06:00,2024-05-07 00:51:38,2024-05-07 07:55:00,54,16.4,335,423,185,68,82,88,617,127,83,86,false
2024-05-05 23:40:05,2024-05-07 00:51:38,UTC-06:00,2024-05-05 23:40:05,2024-05-06 07:41:47,66,17.6,401,481,264,71,66,80,606,127,87,84,false
2024-05-05 00:55:18,2024-05-05 23:40:05,UTC-06:00,2024-05-05 00:55:18,2024-05-05 07:21:26,54,17.8,332,386,137,72,123,54,615,127,89,81,false
2024-05-03 23:32:32,2024-05-05 00:55:18,UTC-06:00,2024-05-03 23:32:32,2024-05-04 07:56:53,65,16.9,393,504,239,64,90,111,607,127,82,77,false
2024-05-03 01:01:33,2024-05-03 23:32:32,UTC-06:00,2024-05-03 01:01:33,2024-05-03 07:27:48,52,16.8,318,386,178,77,63,68,609,118,87,69,false
2024-05-01 22:52:13,2024-05-03 00:01:33,UTC-07:00,2024-05-01 22:52:13,2024-05-02 07:29:03,69,15.4,419,516,183,97,139,97,603,127,86,65,false
2024-04-30 23:58:05,2024-05-01 23:52:13,UTC-06:00,2024-04-30 23:58:05,2024-05-01 04:55:51,37,15.9,222,297,116,28,78,75,607,127,80,66,false
2024-04-30 00:37:07,2024-04-30 23:58:05,UTC-06:00,2024-04-30 00:37:07,2024-04-30 07:59:15,64,16.8,351,442,221,54,76,91,552,70,82,62,false
2024-04-28 23:05:27,2024-04-30 00:37:07,UTC-06:00,2024-04-28 23:05:27,2024-04-29 08:19:19,82,17.5,486,553,197,117,172,67,595,127,90,35,false
2024-04-28 04:28:52,2024-04-28 23:05:27,UTC-06:00,2024-04-28 04:28:52,2024-04-28 12:05:05,55,18.9,325,456,177,74,74,131,596,127,72,33,false
2024-04-27 00:58:59,2024-04-28 04:28:52,UTC-06:00,2024-04-27 00:58:59,2024-04-27 08:26:30,65,17.1,386,447,259,78,49,61,590,127,88,93,false
2024-04-26 00:50:50,2024-04-27 00:58:59,UTC-06:00,2024-04-26 00:50:50,2024-04-26 08:27:38,54,16.9,333,456,193,49,91,123,619,127,76,89,false
2024-04-25 01:02:15,2024-04-26 00:50:50,UTC-06:00,2024-04-25 01:02:15,2024-04-25 07:39:31,54,17.5,320,397,202,59,59,77,591,127,83,94,false
2024-04-24 00:46:42,2024-04-25 01:02:15,UTC-06:00,2024-04-24 00:46:42,2024-04-24 07:58:19,48,16.2,289,431,164,59,66,142,605,125,75,90,false
2024-04-23 00:19:04,2024-04-23 23:46:42,UTC-07:00,2024-04-23 00:19:04,2024-04-23 07:01:11,59,16.0,355,402,155,71,129,47,605,119,92,82,false
2024-04-21 23:38:24,2024-04-23 00:19:04,UTC-07:00,2024-04-21 23:38:24,2024-04-22 06:35:01,60,16.6,352,416,228,51,73,64,590,116,87,84,false
2024-04-21 00:23:50,2024-04-22 00:38:24,UTC-06:00,2024-04-21 00:23:50,2024-04-21 08:05:54,66,18.2,355,462,183,70,102,107,536,35,80,80,false
2024-04-19 21:55:14,2024-04-21 00:23:50,UTC-06:00,2024-04-19 21:55:14,2024-04-20 08:01:03,90,16.9,532,605,379,67,86,73,588,127,90,61,false
2024-04-19 01:10:12,2024-04-19 21:55:14,UTC-06:00,2024-04-19 01:10:12,2024-04-19 07:40:08,53,16.8,329,389,197,47,85,60,617,127,89,91,false
2024-04-18 00:51:44,2024-04-19 01:10:12,UTC-06:00,2024-04-18 00:51:44,2024-04-18 07:42:25,59,16.9,354,410,211,53,90,56,604,127,90,86,false
2024-04-17 01:14:47,2024-04-18 00:51:44,UTC-06:00,2024-04-17 01:14:47,2024-04-17 07:46:50,48,16.8,294,392,156,59,79,98,608,127,78,85,false
2024-04-16 01:41:18,2024-04-17 01:14:47,UTC-06:00,2024-04-16 01:41:18,2024-04-16 08:27:08,60,16.9,361,405,161,68,132,44,601,117,92,79,false
2024-04-14 23:37:49,2024-04-16 01:41:18,UTC-06:00,2024-04-14 23:37:49,2024-04-15 07:39:32,69,17.2,413,481,164,97,152,68,596,127,89,84,false
2024-04-14 01:12:59,2024-04-14 23:37:49,UTC-06:00,2024-04-14 01:12:59,2024-04-14 08:13:18,57,18.5,338,420,158,70,110,82,598,127,81,87,false
2024-04-13 00:20:00,2024-04-14 01:12:59,UTC-06:00,2024-04-13 00:20:00,2024-04-13 08:14:38,60,17.4,371,474,242,66,63,103,616,127,83,84,false
2024-04-12 00:55:49,2024-04-13 00:20:00,UTC-06:00,2024-04-12 00:55:49,2024-04-12 08:12:19,54,17.3,330,436,197,57,76,106,610,127,80,79,false
2024-04-11 00:05:30,2024-04-12 00:55:49,UTC-06:00,2024-04-11 00:05:30,2024-04-11 07:38:25,62,16.9,377,452,260,40,77,75,612,127,85,77,false
2024-04-10 01:51:16,2024-04-10 23:05:30,UTC-07:00,2024-04-10 01:51:16,2024-04-10 06:44:33,44,16.1,268,292,221,29,18,24,605,127,91,64,false
2024-04-09 00:04:19,2024-04-10 01:51:16,UTC-07:00,2024-04-09 00:04:19,2024-04-09 06:23:11,47,16.4,275,378,148,37,90,103,589,91,80,75,false
2024-04-07 22:45:05,2024-04-09 01:04:19,UTC-06:00,2024-04-07 22:45:05,2024-04-08 07:37:43,76,17.1,450,532,286,41,123,82,593,127,88,74,false
2024-04-07 00:19:14,2024-04-07 22:45:05,UTC-06:00,2024-04-07 00:19:14,2024-04-07 08:28:25,59,17.2,372,489,223,57,92,117,631,127,78,81,false
2024-04-05 22:49:22,2024-04-06 23:19:14,UTC-07:00,2024-04-05 22:49:22,2024-04-06 06:05:54,65,17.3,384,436,235,68,81,52,590,127,89,85,false
2024-04-04 22:44:25,2024-04-05 22:49:22,UTC-07:00,2024-04-04 22:44:25,2024-04-05 06:04:11,62,16.3,382,439,207,56,119,57,617,127,91,83,false
2024-04-03 23:03:10,2024-04-04 22:44:25,UTC-07:00,2024-04-03 23:03:10,2024-04-04 07:06:29,62,15.5,380,483,149,61,170,103,610,127,84,81,false
2024-04-03 00:10:27,2024-04-03 23:03:10,UTC-07:00,2024-04-03 00:10:27,2024-04-03 06:51:19,44,16.0,267,400,183,24,60,133,611,127,78,78,false
2024-04-02 00:50:12,2024-04-03 01:10:27,UTC-06:00,2024-04-02 00:50:12,2024-04-02 07:34:20,43,16.6,258,404,150,50,58,146,597,90,67,79,false
2024-03-31 21:47:38,2024-04-02 00:50:12,UTC-06:00,2024-03-31 21:47:38,2024-04-01 07:24:32,76,18.6,446,576,269,61,116,130,586,127,79,67,false
2024-03-31 00:06:42,2024-03-31 21:47:38,UTC-06:00,2024-03-31 00:06:42,2024-03-31 07:27:36,60,17.6,369,440,173,79,117,71,616,127,84,86,false
2024-03-30 00:39:55,2024-03-31 00:06:42,UTC-06:00,2024-03-30 00:39:55,2024-03-30 07:26:11,50,17.1,312,406,203,50,59,94,621,127,80,90,false
2024-03-29 00:38:45,2024-03-30 00:39:55,UTC-06:00,2024-03-29 00:38:45,2024-03-29 08:16:48,59,16.6,345,458,163,64,118,113,587,127,78,87,false
2024-03-28 01:05:05,2024-03-29 00:38:45,UTC-06:00,2024-03-28 01:05:05,2024-03-28 07:34:00,41,16.5,253,388,139,49,65,135,617,127,69,87,false
2024-03-27 00:59:23,2024-03-28 01:05:05,UTC-06:00,2024-03-27 00:59:23,2024-03-27 07:31:07,48,16.7,298,391,168,58,72,93,621,127,84,84,false
2024-03-26 01:09:03,2024-03-27 00:59:23,UTC-06:00,2024-03-26 01:09:03,2024-03-26 08:14:54,58,16.8,335,425,144,70,121,90,575,91,84,80,false
2024-03-24 23:08:12,2024-03-26 01:09:03,UTC-06:00,2024-03-24 23:08:12,2024-03-25 07:56:04,76,17.5,447,527,253,86,108,80,589,127,87,71,false
2024-03-24 02:14:01,2024-03-24 23:08:12,UTC-06:00,2024-03-24 02:14:01,2024-03-24 07:40:00,34,18.8,210,325,126,43,41,115,612,127,68,75,false
2024-03-23 00:42:31,2024-03-24 02:14:01,UTC-06:00,2024-03-23 00:42:31,2024-03-23 08:13:18,65,17.3,381,450,197,91,93,69,589,127,87,89,false
2024-03-22 00:33:07,2024-03-23 00:42:31,UTC-06:00,2024-03-22 00:33:07,2024-03-22 07:25:10,52,16.6,320,412,200,50,70,92,618,127,81,92,false
2024-03-21 00:50:46,2024-03-22 00:33:07,UTC-06:00,2024-03-21 00:50:46,2024-03-21 07:38:40,49,16.5,298,407,166,39,93,109,613,127,77,88,false
2024-03-20 00:19:22,2024-03-21 00:50:46,UTC-06:00,2024-03-20 00:19:22,2024-03-20 07:54:48,56,17.0,340,455,233,56,51,115,605,127,78,88,false
2024-03-18 23:42:47,2024-03-20 00:19:22,UTC-06:00,2024-03-18 23:42:47,2024-03-19 07:43:28,63,17.2,400,480,227,55,118,80,633,127,87,81,false
2024-03-18 00:41:23,2024-03-18 23:42:47,UTC-06:00,2024-03-18 00:41:23,2024-03-18 07:41:04,60,17.4,355,419,178,69,108,64,592,127,88,84,false
2024-03-17 01:12:36,2024-03-18 00:41:23,UTC-06:00,2024-03-17 01:12:36,2024-03-17 08:48:45,62,17.6,398,456,199,75,124,58,641,127,88,78,false
2024-03-16 00:30:38,2024-03-17 01:12:36,UTC-06:00,2024-03-16 00:30:38,2024-03-16 07:58:51,60,17.7,356,448,272,28,56,92,596,119,82,87,false
2024-03-15 00:41:13,2024-03-16 00:30:38,UTC-06:00,2024-03-15 00:41:13,2024-03-15 07:43:34,59,16.9,350,422,208,80,62,72,590,127,86,84,false
2024-03-13 22:54:37,2024-03-14 23:41:13,UTC-07:00,2024-03-13 22:54:37,2024-03-14 05:45:13,57,16.3,347,410,225,39,83,63,610,127,86,80,false
2024-03-12 23:34:51,2024-03-13 22:54:37,UTC-07:00,2024-03-12 23:34:51,2024-03-13 07:29:45,67,15.2,409,471,226,71,112,62,608,127,88,79,false
2024-03-12 00:44:50,2024-03-13 00:34:51,UTC-06:00,2024-03-12 00:44:50,2024-03-12 06:59:45,55,17.1,332,367,221,46,65,35,606,118,90,84,false
2024-03-10 23:40:37,2024-03-12 00:44:50,UTC-06:00,2024-03-10 23:40:37,2024-03-11 07:39:12,69,17.6,408,478,240,81,87,70,591,127,88,80,false
2024-03-09 23:59:20,2024-03-10 23:40:37,UTC-06:00,2024-03-09 23:59:20,2024-03-10 07:26:32,62,18.2,385,447,148,100,137,62,625,127,91,77,false
2024-03-09 02:19:07,2024-03-09 23:59:20,UTC-06:00,2024-03-09 02:19:07,2024-03-09 08:01:20,43,17.9,263,342,141,68,54,79,607,127,77,77,false
2024-03-08 01:26:12,2024-03-09 02:19:07,UTC-06:00,2024-03-08 01:26:12,2024-03-08 07:31:11,52,17.1,321,362,147,57,117,41,616,127,88,82,false
2024-03-06 23:56:45,2024-03-08 01:26:12,UTC-06:00,2024-03-06 23:56:45,2024-03-07 07:30:45,64,17.6,386,454,224,74,88,68,605,127,89,85,false
2024-03-06 01:03:30,2024-03-06 23:56:45,UTC-06:00,2024-03-06 01:03:30,2024-03-06 08:19:29,66,17.5,387,433,226,51,110,46,589,127,89,85,false
2024-03-05 01:02:50,2024-03-06 01:03:30,UTC-06:00,2024-03-05 01:02:50,2024-03-05 07:41:13,47,17.4,283,398,158,62,63,115,607,127,86,80,false
2024-03-03 23:57:18,2024-03-05 01:02:50,UTC-06:00,2024-03-03 23:57:18,2024-03-04 08:03:43,64,17.8,391,486,243,52,96,95,612,127,85,87,false
2024-03-02 23:40:29,2024-03-03 23:57:18,UTC-06:00,2024-03-02 23:40:29,2024-03-03 08:26:06,66,18.0,411,525,244,77,90,114,623,127,81,84,false
2024-03-01 23:36:15,2024-03-02 23:40:29,UTC-06:00,2024-03-01 23:36:15,2024-03-02 06:59:20,65,17.7,383,443,221,67,95,60,590,127,86,86,false
2024-03-01 00:13:23,2024-03-01 23:36:15,UTC-06:00,2024-03-01 00:13:23,2024-03-01 08:06:35,52,17.5,317,473,228,57,32,156,612,121,70,90,false
2024-02-29 00:14:16,2024-03-01 00:13:23,UTC-06:00,2024-02-29 00:14:16,2024-02-29 07:38:25,60,16.9,369,444,228,71,70,75,611,127,88,90,false
2024-02-28 00:36:21,2024-02-29 00:14:16,UTC-06:00,2024-02-28 00:36:21,2024-02-28 07:46:09,50,16.9,304,429,181,54,69,125,612,127,79,85,false
2024-02-27 00:21:14,2024-02-28 00:36:21,UTC-06:00,2024-02-27 00:21:14,2024-02-27 07:35:23,52,16.9,287,434,205,36,46,147,555,64,69,84,false
2024-02-25 21:56:41,2024-02-27 00:21:14,UTC-06:00,2024-02-25 21:56:41,2024-02-26 07:42:14,83,17.5,487,585,268,108,111,98,587,127,85,71,false
2024-02-25 00:01:12,2024-02-25 21:56:41,UTC-06:00,2024-02-25 00:01:12,2024-02-25 07:44:29,59,17.6,370,463,192,78,100,93,629,122,86,93,false
2024-02-24 00:14:20,2024-02-25 00:01:12,UTC-06:00,2024-02-24 00:14:20,2024-02-24 08:17:20,60,17.3,362,483,221,62,79,121,608,127,78,95,false
2024-02-23 00:12:31,2024-02-24 00:14:20,UTC-06:00,2024-02-23 00:12:31,2024-02-23 07:43:20,53,17.1,323,450,209,44,70,127,613,127,78,92,false
2024-02-22 00:16:22,2024-02-23 00:12:31,UTC-06:00,2024-02-22 00:16:22,2024-02-22 08:05:18,55,16.3,326,468,172,62,92,142,595,127,78,88,false
2024-02-21 00:16:21,2024-02-22 00:16:22,UTC-06:00,2024-02-21 00:16:21,2024-02-21 08:14:06,57,17.1,338,477,190,88,60,139,592,113,73,81,false
2024-02-20 00:16:39,2024-02-21 00:16:21,UTC-06:00,2024-02-20 00:16:39,2024-02-20 07:36:56,54,17.0,265,440,162,45,58,175,493,8,66,76,false
2024-02-18 21:15:07,2024-02-20 00:16:39,UTC-06:00,2024-02-18 21:15:07,2024-02-19 08:17:28,98,18.6,574,662,346,111,117,88,588,127,86,71,false
2024-02-17 22:57:21,2024-02-18 21:15:07,UTC-06:00,2024-02-17 22:57:21,2024-02-18 08:08:24,66,18.1,416,551,258,66,92,135,627,127,78,83,false
2024-02-16 23:25:03,2024-02-17 22:57:21,UTC-06:00,2024-02-16 23:25:03,2024-02-17 08:06:16,58,17.5,352,521,248,49,55,169,609,127,69,79,false
2024-02-16 00:24:49,2024-02-16 23:25:03,UTC-06:00,2024-02-16 00:24:49,2024-02-16 07:56:46,57,17.5,347,451,174,83,90,104,610,121,79,83,false
2024-02-15 00:10:58,2024-02-16 00:24:49,UTC-06:00,2024-02-15 00:10:58,2024-02-15 07:44:44,59,17.8,348,453,218,41,89,105,591,127,80,77,false
2024-02-13 23:27:42,2024-02-14 22:10:58,UTC-08:00,2024-02-13 23:27:42,2024-02-14 06:34:31,63,15.7,380,426,206,52,122,46,607,127,92,80,false
2024-02-13 00:08:58,2024-02-13 23:27:42,UTC-08:00,2024-02-13 00:08:58,2024-02-13 06:48:13,58,16.6,352,398,163,81,108,46,608,127,88,67,false
2024-02-12 00:46:15,2024-02-13 02:08:58,UTC-06:00,2024-02-12 00:46:15,2024-02-12 07:19:54,61,18.1,353,391,243,31,79,38,583,117,90,88,false
2024-02-11 00:20:41,2024-02-12 00:46:15,UTC-06:00,2024-02-11 00:20:41,2024-02-11 07:33:39,60,17.5,356,432,200,60,96,76,592,127,86,92,false
2024-02-10 00:08:26,2024-02-11 00:20:41,UTC-06:00,2024-02-10 00:08:26,2024-02-10 07:54:12,61,16.8,361,465,196,83,82,104,593,127,82,90,false
2024-02-09 00:19:56,2024-02-10 00:08:26,UTC-06:00,2024-02-09 00:19:56,2024-02-09 07:42:17,56,16.3,350,442,196,65,89,92,620,127,83,80,false
2024-02-07 23:46:32,2024-02-09 00:19:56,UTC-06:00,2024-02-07 23:46:32,2024-02-08 08:32:39,65,16.8,394,526,175,107,112,132,605,122,78,82,false
2024-02-06 23:52:18,2024-02-07 23:46:32,UTC-06:00,2024-02-06 23:52:18,2024-02-07 07:46:38,69,17.1,418,474,162,119,137,56,608,127,91,86,false
2024-02-05 22:59:34,2024-02-06 23:52:18,UTC-06:00,2024-02-05 22:59:34,2024-02-06 07:14:14,59,16.3,367,494,223,50,94,127,626,127,83,82,false
2024-02-04 23:14:09,2024-02-05 22:59:34,UTC-06:00,2024-02-04 23:14:09,2024-02-05 07:29:46,63,16.5,383,495,177,89,117,112,610,127,80,76,false
2024-02-04 00:22:41,2024-02-04 23:14:09,UTC-06:00,2024-02-04 00:22:41,2024-02-04 07:14:36,54,16.8,340,406,213,45,82,66,631,127,83,92,false
2024-02-03 00:18:24,2024-02-04 00:22:41,UTC-06:00,2024-02-03 00:18:24,2024-02-03 07:58:32,57,16.5,344,460,157,76,111,116,603,127,79,91,false
2024-02-02 01:22:08,2024-02-03 00:18:24,UTC-06:00,2024-02-02 01:22:08,2024-02-02 08:11:40,58,16.3,356,409,204,54,98,53,612,125,87,81,false
2024-02-01 00:21:41,2024-02-02 01:22:08,UTC-06:00,2024-02-01 00:21:41,2024-02-01 08:19:37,68,16.8,413,477,247,58,108,64,608,127,92,85,false
2024-01-31 00:04:37,2024-02-01 00:21:41,UTC-06:00,2024-01-31 00:04:37,2024-01-31 08:05:57,61,16.6,372,481,212,56,104,109,608,127,79,74,false
2024-01-30 00:27:09,2024-01-31 00:04:37,UTC-06:00,2024-01-30 00:27:09,2024-01-30 07:35:16,58,16.8,347,428,179,63,105,81,597,108,85,65,false
2024-01-28 23:00:35,2024-01-30 00:27:09,UTC-06:00,2024-01-28 23:00:35,2024-01-29 07:09:19,71,17.2,419,488,208,89,122,69,587,127,87,55,false
2024-01-28 02:19:41,2024-01-28 23:00:35,UTC-06:00,2024-01-28 02:19:41,2024-01-28 08:29:34,43,17.3,272,369,165,50,57,97,633,127,76,67,false
2024-01-27 05:41:35,2024-01-28 02:19:41,UTC-06:00,2024-01-27 05:41:35,2024-01-27 08:43:16,24,18.5,148,181,60,31,57,33,613,127,88,43,false
2024-01-26 00:23:44,2024-01-27 05:41:35,UTC-06:00,2024-01-26 00:23:44,2024-01-26 07:52:36,65,17.0,388,446,248,44,96,58,599,126,87,86,false
2024-01-25 00:38:33,2024-01-26 00:23:44,UTC-06:00,2024-01-25 00:38:33,2024-01-25 07:38:38,67,16.8,392,420,273,64,55,28,588,127,93,85,false
2024-01-23 23:06:39,2024-01-24 22:38:33,UTC-08:00,2024-01-23 23:06:39,2024-01-24 06:16:32,55,16.1,335,429,165,58,112,94,605,127,84,79,false
2024-01-22 22:58:22,2024-01-23 23:06:39,UTC-08:00,2024-01-22 22:58:22,2024-01-23 06:10:47,57,15.9,342,432,209,39,94,90,598,123,84,72,false
2024-01-21 21:55:27,2024-01-23 00:58:22,UTC-06:00,2024-01-21 21:55:27,2024-01-22 07:26:32,68,17.4,413,571,272,51,90,158,605,127,75,69,false
2024-01-20 23:55:17,2024-01-21 21:55:27,UTC-06:00,2024-01-20 23:55:17,2024-01-21 08:08:53,63,17.9,393,493,163,101,129,100,620,127,80,87,false
2024-01-19 23:55:09,2024-01-20 23:55:17,UTC-06:00,2024-01-19 23:55:09,2024-01-20 06:59:34,62,16.9,362,424,226,49,87,62,580,116,88,90,false
2024-01-18 23:36:00,2024-01-19 23:55:09,UTC-06:00,2024-01-18 23:36:00,2024-01-19 07:47:25,70,16.9,423,491,227,97,99,68,605,127,91,87,false
2024-01-18 00:56:54,2024-01-18 23:36:00,UTC-06:00,2024-01-18 00:56:54,2024-01-18 07:33:37,49,17.1,302,396,216,24,62,94,617,127,80,78,false
2024-01-16 23:47:26,2024-01-18 00:56:54,UTC-06:00,2024-01-16 23:47:26,2024-01-17 07:46:37,61,16.8,368,479,203,68,97,111,607,127,80,85,false
2024-01-15 23:43:30,2024-01-16 23:47:26,UTC-06:00,2024-01-15 23:43:30,2024-01-16 07:06:30,60,16.9,365,442,263,44,58,77,609,127,86,80,false
2024-01-14 23:20:16,2024-01-15 23:43:30,UTC-06:00,2024-01-14 23:20:16,2024-01-15 06:41:25,62,17.0,371,441,244,44,83,70,594,127,87,71,false
2024-01-14 00:20:11,2024-01-14 23:20:16,UTC-06:00,2024-01-14 00:20:11,2024-01-14 08:38:15,61,17.5,365,498,162,81,122,133,603,99,76,70,false
2024-01-12 23:14:25,2024-01-14 00:20:11,UTC-06:00,2024-01-12 23:14:25,2024-01-13 07:51:53,75,17.3,453,517,184,105,164,64,608,127,92,65,false
2024-01-12 01:56:25,2024-01-12 23:14:25,UTC-06:00,2024-01-12 01:56:25,2024-01-12 06:38:34,40,16.7,242,278,131,34,77,36,601,127,87,76,false
2024-01-11 01:27:54,2024-01-12 01:56:25,UTC-06:00,2024-01-11 01:27:54,2024-01-11 06:58:36,47,16.4,276,330,151,45,80,54,591,127,83,66,false
2024-01-10 00:42:37,2024-01-11 01:27:54,UTC-06:00,2024-01-10 00:42:37,2024-01-10 06:49:49,49,16.5,304,367,166,49,89,63,615,127,88,69,false
2024-01-09 00:37:40,2024-01-10 00:42:37,UTC-06:00,2024-01-09 00:37:40,2024-01-09 08:10:25,57,16.6,340,452,188,55,97,112,596,104,80,60,false
2024-01-07 23:28:34,2024-01-09 00:37:40,UTC-06:00,2024-01-07 23:28:34,2024-01-08 07:38:12,72,17.1,425,489,202,80,143,64,588,127,90,37,false
2024-01-07 05:05:00,2024-01-07 23:28:34,UTC-06:00,2024-01-07 05:05:00,2024-01-07 11:43:31,40,18.2,249,398,98,58,93,149,629,127,62,24,false
2024-01-06 00:10:19,2024-01-07 05:05:00,UTC-06:00,2024-01-06 00:10:19,2024-01-06 07:49:13,63,16.7,389,458,245,60,84,69,617,127,88,91,false
2024-01-05 00:05:21,2024-01-06 00:10:19,UTC-06:00,2024-01-05 00:05:21,2024-01-05 07:35:21,57,16.2,353,450,214,62,77,97,624,125,84,85,false
2024-01-04 00:17:25,2024-01-05 00:05:21,UTC-06:00,2024-01-04 00:17:25,2024-01-04 07:28:08,57,16.7,338,430,188,35,115,92,589,127,81,83,false
2024-01-03 00:26:01,2024-01-04 00:17:25,UTC-06:00,2024-01-03 00:26:01,2024-01-03 08:17:45,57,16.9,346,471,156,96,94,125,602,113,76,77,false
2024-01-01 22:26:58,2024-01-03 00:26:01,UTC-06:00,2024-01-01 22:26:58,2024-01-02 07:54:21,70,16.9,410,567,182,96,132,157,587,127,74,69,false
2024-01-01 01:52:30,2024-01-01 22:26:58,UTC-06:00,2024-01-01 01:52:30,2024-01-01 08:19:26,56,17.5,337,382,205,67,65,45,601,127,88,67,false
2023-12-30 23:43:22,2024-01-01 01:52:30,UTC-06:00,2023-12-30 23:43:22,2023-12-31 07:30:02,46,16.7,243,466,173,28,42,223,530,52,55,81,false
2023-12-29 23:16:20,2023-12-30 23:43:22,UTC-06:00,2023-12-29 23:16:20,2023-12-30 09:08:27,86,17.1,507,592,289,77,141,85,589,105,90,77,false
2023-12-29 00:04:03,2023-12-29 23:16:20,UTC-06:00,2023-12-29 00:04:03,2023-12-29 07:58:47,64,16.6,374,474,197,66,111,100,585,106,82,92,false
2023-12-27 23:57:26,2023-12-29 00:04:03,UTC-06:00,2023-12-27 23:57:26,2023-12-28 07:55:17,65,16.7,397,477,175,73,149,80,610,119,86,89,false
2023-12-27 00:21:59,2023-12-27 23:57:26,UTC-06:00,2023-12-27 00:21:59,2023-12-27 07:46:01,67,16.4,372,444,238,62,72,72,558,68,88,86,false
2023-12-25 23:22:58,2023-12-27 00:21:59,UTC-06:00,2023-12-25 23:22:58,2023-12-26 08:21:23,82,16.5,477,538,223,82,172,61,583,117,92,85,false
2023-12-25 00:33:13,2023-12-25 23:22:58,UTC-06:00,2023-12-25 00:33:13,2023-12-25 07:51:05,61,18.0,371,428,198,61,112,57,605,127,87,83,false
2023-12-23 23:10:39,2023-12-25 00:33:13,UTC-06:00,2023-12-23 23:10:39,2023-12-24 08:34:00,66,17.1,403,563,200,58,145,160,606,127,74,77,false
2023-12-23 00:08:50,2023-12-23 23:10:39,UTC-06:00,2023-12-23 00:08:50,2023-12-23 07:54:57,65,16.7,392,466,200,64,128,74,607,127,86,92,false
2023-12-22 00:41:03,2023-12-23 00:08:50,UTC-06:00,2023-12-22 00:41:03,2023-12-22 07:42:33,49,16.8,301,421,154,58,89,120,618,127,80,92,false
2023-12-21 00:49:09,2023-12-22 00:41:03,UTC-06:00,2023-12-21 00:49:09,2023-12-21 07:53:34,51,16.8,305,424,232,20,53,119,602,112,79,87,false
2023-12-20 00:21:37,2023-12-21 00:49:09,UTC-06:00,2023-12-20 00:21:37,2023-12-20 08:02:56,62,17.4,375,461,224,77,74,86,601,110,85,89,false
2023-12-19 00:12:09,2023-12-20 00:21:37,UTC-06:00,2023-12-19 00:12:09,2023-12-19 07:51:09,61,16.8,349,458,207,59,83,109,570,77,79,88,false
2023-12-17 23:34:09,2023-12-19 00:12:09,UTC-06:00,2023-12-17 23:34:09,2023-12-18 07:56:55,77,17.5,408,502,266,46,96,94,528,69,83,78,false
2023-12-16 23:59:34,2023-12-17 23:34:09,UTC-06:00,2023-12-16 23:59:34,2023-12-17 09:12:23,82,16.9,494,552,270,89,135,58,602,120,89,79,false
2023-12-16 00:28:51,2023-12-16 23:59:34,UTC-06:00,2023-12-16 00:28:51,2023-12-16 07:40:58,69,17.5,413,432,184,87,142,19,600,126,95,87,false
2023-12-15 00:13:02,2023-12-16 00:28:51,UTC-06:00,2023-12-15 00:13:02,2023-12-15 07:47:49,58,16.8,354,454,176,74,104,100,607,121,81,81,false
2023-12-14 00:24:36,2023-12-15 00:13:02,UTC-06:00,2023-12-14 00:24:36,2023-12-14 08:11:13,59,17.1,347,466,208,43,96,119,590,108,85,72,false
2023-12-13 01:08:09,2023-12-14 00:24:36,UTC-06:00,2023-12-13 01:08:09,2023-12-13 08:52:05,61,16.6,343,463,197,45,101,120,561,90,80,64,false
2023-12-11 23:15:01,2023-12-12 23:08:09,UTC-08:00,2023-12-11 23:15:01,2023-12-12 06:19:55,72,15.9,364,424,197,67,100,60,505,103,86,49,false
2023-12-10 23:03:42,2023-12-12 01:15:01,UTC-06:00,2023-12-11 09:04:32,2023-12-11 10:18:04,11,17.2,61,73,46,5,10,12,562,103,84,,true
2023-12-10 23:03:42,2023-12-12 01:15:01,UTC-06:00,2023-12-10 23:03:42,2023-12-11 05:35:05,61,17.4,317,391,182,49,86,74,525,49,85,79,false
2023-12-09 22:10:44,2023-12-10 23:03:42,UTC-06:00,2023-12-09 22:10:44,2023-12-10 09:05:02,87,17.4,502,654,269,96,137,152,579,69,79,64,false
2023-12-08 23:04:04,2023-12-09 22:10:44,UTC-06:00,2023-12-08 23:04:04,2023-12-09 08:29:48,82,16.5,484,565,291,76,117,81,593,127,85,66,false
2023-12-08 00:47:05,2023-12-08 23:04:04,UTC-06:00,2023-12-08 00:47:05,2023-12-08 08:35:49,67,16.7,414,468,204,82,128,54,618,127,91,73,false
2023-12-07 04:07:36,2023-12-08 00:47:05,UTC-06:00,2023-12-07 04:07:36,2023-12-07 08:32:28,41,17.7,244,260,121,57,66,16,597,127,93,58,false
2023-12-06 02:14:29,2023-12-07 04:07:36,UTC-06:00,2023-12-06 02:14:29,2023-12-06 08:27:26,50,17.0,305,372,139,68,98,67,611,127,92,65,false
2023-12-04 23:53:00,2023-12-06 02:14:29,UTC-06:00,2023-12-04 23:53:00,2023-12-05 08:38:43,59,16.3,331,525,175,48,108,194,560,80,66,75,false
2023-12-03 23:16:54,2023-12-04 23:53:00,UTC-06:00,2023-12-03 23:16:54,2023-12-04 08:52:40,77,17.6,417,575,192,64,161,158,543,79,74,60,false
2023-12-02 23:22:15,2023-12-03 23:16:54,UTC-06:00,2023-12-02 23:22:15,2023-12-03 09:44:13,80,17.9,479,621,184,100,195,142,603,127,78,49,false
2023-12-02 05:37:34,2023-12-02 23:22:15,UTC-06:00,2023-12-02 05:37:34,2023-12-02 08:39:44,27,19.2,165,182,105,25,35,17,609,127,90,53,false
2023-12-01 01:05:00,2023-12-02 05:37:34,UTC-06:00,2023-12-01 01:05:00,2023-12-01 08:12:47,57,16.9,349,427,159,77,113,78,608,127,81,80,false
2023-11-30 02:07:17,2023-12-01 01:05:00,UTC-06:00,2023-11-30 02:07:17,2023-11-30 08:18:43,43,15.9,268,371,136,50,82,103,620,127,76,73,false
2023-11-29 00:06:22,2023-11-30 02:07:17,UTC-06:00,2023-11-29 00:06:22,2023-11-29 08:14:20,54,16.5,333,487,152,80,101,154,621,127,71,71,false
2023-11-28 03:52:53,2023-11-29 00:06:22,UTC-06:00,2023-11-28 03:52:53,2023-11-28 08:32:09,32,16.7,190,279,129,20,41,89,601,119,77,58,false
2023-11-26 22:45:53,2023-11-28 03:52:53,UTC-06:00,2023-11-26 22:45:53,2023-11-27 08:40:17,69,17.4,415,594,267,70,78,179,601,127,71,68,false
2023-11-26 02:01:23,2023-11-26 22:45:53,UTC-06:00,2023-11-26 02:01:23,2023-11-26 08:34:45,43,18.2,268,393,175,38,55,125,624,127,73,78,false
2023-11-25 00:06:20,2023-11-26 02:01:23,UTC-06:00,2023-11-25 00:06:20,2023-11-25 07:32:07,50,17.0,303,445,168,49,86,142,610,127,69,82,false
2023-11-24 01:21:09,2023-11-25 00:06:20,UTC-06:00,2023-11-24 01:21:09,2023-11-24 08:37:24,42,16.3,257,436,142,49,66,179,608,127,68,82,false
2023-11-23 00:50:06,2023-11-24 01:21:09,UTC-06:00,2023-11-23 00:50:06,2023-11-23 08:26:26,63,16.3,384,456,207,62,115,72,613,127,91,80,false
2023-11-22 01:00:55,2023-11-23 00:50:06,UTC-06:00,2023-11-22 01:00:55,2023-11-22 07:28:10,51,16.6,309,387,161,43,105,78,609,125,79,77,false
2023-11-20 23:33:19,2023-11-22 01:00:55,UTC-06:00,2023-11-20 23:33:19,2023-11-21 08:15:51,66,17.0,382,522,218,78,86,140,577,88,73,71,false
2023-11-19 23:07:08,2023-11-20 23:33:19,UTC-06:00,2023-11-19 23:07:08,2023-11-20 09:23:26,77,18.5,455,616,236,103,116,161,592,127,76,61,false
2023-11-19 02:30:28,2023-11-19 23:07:08,UTC-06:00,2023-11-19 02:30:28,2023-11-19 08:14:37,49,17.2,315,344,159,70,86,29,646,127,91,82,false
2023-11-18 00:56:43,2023-11-19 02:30:28,UTC-06:00,2023-11-18 00:56:43,2023-11-18 08:15:34,63,16.6,382,438,249,38,95,56,610,127,91,88,false
2023-11-17 00:30:16,2023-11-18 00:56:43,UTC-06:00,2023-11-17 00:30:16,2023-11-17 08:16:47,51,16.2,318,466,185,55,78,148,624,127,76,79,false
2023-11-16 01:53:46,2023-11-17 00:30:16,UTC-06:00,2023-11-16 01:53:46,2023-11-16 08:12:51,51,16.3,317,379,157,56,104,62,622,127,90,80,false
2023-11-15 02:05:37,2023-11-16 01:53:46,UTC-06:00,2023-11-15 02:05:37,2023-11-15 07:47:22,47,16.3,292,336,193,30,69,44,620,127,86,75,false
2023-11-14 01:21:05,2023-11-15 02:05:37,UTC-06:00,2023-11-14 01:21:05,2023-11-14 08:29:41,58,16.9,345,428,213,71,61,83,597,96,84,77,false
2023-11-12 23:17:43,2023-11-14 01:21:05,UTC-06:00,2023-11-12 23:17:43,2023-11-13 08:32:19,75,17.6,453,554,155,105,193,101,603,127,84,70,false
2023-11-12 00:28:05,2023-11-12 23:17:43,UTC-06:00,2023-11-12 00:28:05,2023-11-12 09:22:29,50,17.1,320,534,192,47,81,214,643,127,63,71,false
2023-11-11 01:22:00,2023-11-12 00:28:05,UTC-06:00,2023-11-11 01:22:00,2023-11-11 10:07:25,64,16.9,388,525,172,91,125,137,609,127,76,71,false
2023-11-10 01:07:07,2023-11-11 01:22:00,UTC-06:00,2023-11-10 01:07:07,2023-11-10 08:15:08,51,16.9,314,428,239,22,53,114,615,127,77,87,false
2023-11-09 02:14:55,2023-11-10 01:07:07,UTC-06:00,2023-11-09 02:14:55,2023-11-09 07:44:38,46,16.3,292,329,180,45,67,37,631,127,88,82,false
2023-11-08 01:06:57,2023-11-09 02:14:55,UTC-06:00,2023-11-08 01:06:57,2023-11-08 07:51:01,52,16.4,315,404,162,62,91,89,607,127,81,86,false
2023-11-07 01:14:18,2023-11-08 01:06:57,UTC-06:00,2023-11-07 01:14:18,2023-11-07 07:59:29,55,17.0,318,400,172,67,79,82,582,84,79,80,false
2023-11-05 23:13:39,2023-11-07 01:14:18,UTC-06:00,2023-11-05 23:13:39,2023-11-06 07:49:24,78,18.0,464,515,228,79,157,51,595,127,92,66,false
2023-11-05 02:39:20,2023-11-05 23:13:39,UTC-06:00,2023-11-05 02:39:20,2023-11-05 08:05:13,36,17.5,223,325,120,47,56,102,624,127,68,77,false
2023-11-04 00:48:30,2023-11-05 02:39:20,UTC-06:00,2023-11-04 00:48:30,2023-11-04 07:01:00,54,17.0,317,371,158,50,109,54,588,127,86,89,false
2023-11-03 00:45:11,2023-11-03 23:48:30,UTC-07:00,2023-11-03 00:45:11,2023-11-03 06:54:19,51,16.3,308,364,179,51,78,56,604,127,86,86,false
2023-11-02 00:41:47,2023-11-03 00:45:11,UTC-07:00,2023-11-02 00:41:47,2023-11-02 07:04:52,59,16.0,355,383,188,73,94,28,601,127,93,77,false
2023-11-01 00:41:21,2023-11-02 01:41:47,UTC-06:00,2023-11-01 00:41:21,2023-11-01 07:43:28,50,16.2,301,422,190,35,76,121,602,127,75,84,false
2023-10-31 00:48:03,2023-11-01 00:41:21,UTC-06:00,2023-10-31 00:48:03,2023-10-31 07:36:53,56,17.2,272,408,126,42,104,136,487,0,78,79,false
2023-10-29 22:34:36,2023-10-31 00:48:03,UTC-06:00,2023-10-29 22:34:36,2023-10-30 07:54:52,100,17.6,486,560,268,78,140,74,417,127,90,63,false
2023-10-29 00:53:41,2023-10-29 22:34:36,UTC-06:00,2023-10-29 04:26:37,2023-10-29 07:48:59,30,16.9,173,202,120,37,16,29,585,127,85,,true
2023-10-29 00:53:41,2023-10-29 22:34:36,UTC-06:00,2023-10-29 00:53:41,2023-10-29 02:17:48,13,17.3,78,84,71,0,7,6,602,127,93,96,false
2023-10-28 00:53:39,2023-10-29 00:53:41,UTC-06:00,2023-10-28 00:53:39,2023-10-28 07:39:20,55,17.3,333,405,220,61,52,72,603,127,84,93,false
2023-10-27 00:57:41,2023-10-28 00:53:39,UTC-06:00,2023-10-27 00:57:41,2023-10-27 07:42:05,47,16.5,285,404,133,67,85,119,609,127,79,86,false
2023-10-26 01:08:09,2023-10-27 00:57:41,UTC-06:00,2023-10-26 01:08:09,2023-10-26 07:44:51,39,15.8,250,396,176,25,49,146,637,127,69,84,false
2023-10-25 01:16:08,2023-10-26 01:08:09,UTC-06:00,2023-10-25 01:16:08,2023-10-25 08:08:20,55,16.1,334,412,194,55,85,78,609,127,89,78,false
2023-10-24 00:18:05,2023-10-25 01:16:08,UTC-06:00,2023-10-24 00:18:05,2023-10-24 08:16:21,51,16.3,285,478,144,58,83,193,558,73,62,74,false
2023-10-22 22:24:35,2023-10-24 00:18:05,UTC-06:00,2023-10-22 22:24:35,2023-10-23 08:20:06,81,17.5,475,595,254,86,135,120,589,127,81,62,false
2023-10-22 01:15:20,2023-10-22 22:24:35,UTC-06:00,2023-10-22 01:15:20,2023-10-22 09:15:31,49,16.5,293,480,170,55,68,187,598,127,66,79,false
2023-10-21 02:03:45,2023-10-22 01:15:20,UTC-06:00,2023-10-21 02:03:45,2023-10-21 09:12:01,58,16.0,359,423,179,72,108,64,623,127,85,68,false
2023-10-20 00:10:45,2023-10-21 02:03:45,UTC-06:00,2023-10-20 00:10:45,2023-10-20 08:39:41,52,16.3,312,508,179,41,92,196,606,118,62,58,false
2023-10-19 02:48:17,2023-10-20 00:10:45,UTC-06:00,2023-10-19 02:48:17,2023-10-19 10:06:10,57,17.5,317,437,154,61,102,120,555,87,72,39,false
2023-10-17 23:13:15,2023-10-19 02:48:17,UTC-06:00,2023-10-17 23:13:15,2023-10-18 07:41:47,76,17.2,425,508,255,57,113,83,561,98,85,76,false
2023-10-16 23:25:41,2023-10-17 23:13:15,UTC-06:00,2023-10-16 23:25:41,2023-10-17 07:53:44,74,17.0,434,508,245,83,106,74,587,127,85,67,false
2023-10-15 22:06:11,2023-10-16 23:25:41,UTC-06:00,2023-10-15 22:06:11,2023-10-16 05:17:27,65,18.0,383,431,188,84,111,48,587,127,93,66,false
2023-10-15 00:02:38,2023-10-15 22:06:11,UTC-06:00,2023-10-15 00:02:38,2023-10-15 08:23:28,60,17.2,386,500,186,52,148,114,640,127,80,79,false
2023-10-14 01:17:42,2023-10-15 00:02:38,UTC-06:00,2023-10-14 01:17:42,2023-10-14 09:11:56,64,17.3,384,474,232,50,102,90,605,127,85,76,false
2023-10-13 00:19:30,2023-10-14 01:17:42,UTC-06:00,2023-10-13 00:19:30,2023-10-13 08:33:34,63,16.9,387,494,218,79,90,107,612,127,84,86,false
2023-10-12 00:06:52,2023-10-13 00:19:30,UTC-06:00,2023-10-12 00:06:52,2023-10-12 07:07:26,51,16.4,309,420,238,23,48,111,606,127,81,89,false
2023-10-11 01:07:20,2023-10-12 00:06:52,UTC-06:00,2023-10-11 01:07:20,2023-10-11 08:07:35,55,16.6,331,420,175,64,92,89,607,127,88,87,false
2023-10-10 00:33:20,2023-10-11 01:07:20,UTC-06:00,2023-10-10 00:33:20,2023-10-10 08:25:55,64,16.4,397,472,220,69,108,75,616,127,90,90,false
2023-10-09 00:14:42,2023-10-10 00:33:20,UTC-06:00,2023-10-09 00:14:42,2023-10-09 08:10:27,66,17.4,387,475,192,89,106,88,586,127,86,87,false
2023-10-08 00:27:11,2023-10-09 00:14:42,UTC-06:00,2023-10-08 00:27:11,2023-10-08 07:36:56,56,16.2,360,429,133,82,145,69,638,127,86,87,false
2023-10-07 00:51:58,2023-10-08 00:27:11,UTC-06:00,2023-10-07 00:51:58,2023-10-07 07:48:36,52,16.4,309,416,215,32,62,107,596,127,80,90,false
2023-10-06 01:14:26,2023-10-07 00:51:58,UTC-06:00,2023-10-06 01:14:26,2023-10-06 08:07:09,52,16.6,316,412,158,45,113,96,610,127,81,89,false
2023-10-05 01:50:02,2023-10-06 01:14:26,UTC-06:00,2023-10-05 01:50:02,2023-10-05 07:45:43,50,16.4,307,351,188,54,65,44,619,127,87,80,false
2023-10-04 01:10:12,2023-10-05 01:50:02,UTC-06:00,2023-10-04 01:10:12,2023-10-04 08:20:08,51,16.1,307,429,134,72,101,122,606,121,74,82,false
2023-10-03 00:39:09,2023-10-04 01:10:12,UTC-06:00,2023-10-03 00:39:09,2023-10-03 08:07:00,58,16.1,337,447,174,64,99,110,579,89,83,82,false
2023-10-01 22:46:02,2023-10-03 00:39:09,UTC-06:00,2023-10-01 22:46:02,2023-10-02 07:40:12,76,17.6,451,534,179,110,162,83,591,127,87,70,false
2023-10-01 01:30:08,2023-10-01 22:46:02,UTC-06:00,2023-10-01 01:30:08,2023-10-01 08:10:08,47,19.5,297,400,150,63,84,103,627,127,80,78,false
2023-09-30 00:16:29,2023-10-01 01:30:08,UTC-06:00,2023-09-30 00:16:29,2023-09-30 07:45:39,65,17.0,391,449,226,70,95,58,602,127,90,91,false
2023-09-29 00:21:15,2023-09-30 00:16:29,UTC-06:00,2023-09-29 00:21:15,2023-09-29 07:05:22,59,16.4,354,404,201,48,105,50,599,127,91,89,false
2023-09-28 00:40:55,2023-09-29 00:21:15,UTC-06:00,2023-09-28 00:40:55,2023-09-28 07:23:12,55,16.3,344,402,203,60,81,58,621,127,90,83,false
2023-09-27 00:04:17,2023-09-28 00:40:55,UTC-06:00,2023-09-27 00:04:17,2023-09-27 07:38:12,61,16.5,373,453,224,53,96,80,611,127,90,79,false
2023-09-26 00:31:48,2023-09-27 00:04:17,UTC-06:00,2023-09-26 00:31:48,2023-09-26 07:58:44,63,16.3,379,446,194,53,132,67,602,114,88,69,false
2023-09-24 23:57:15,2023-09-26 00:31:48,UTC-06:00,2023-09-24 23:57:15,2023-09-25 07:54:41,70,17.5,421,477,211,76,134,56,599,127,91,66,false
2023-09-24 02:52:01,2023-09-24 23:57:15,UTC-06:00,2023-09-24 02:52:01,2023-09-24 09:36:36,47,18.8,299,404,159,52,88,105,639,127,77,79,false
2023-09-23 01:39:00,2023-09-24 02:52:01,UTC-06:00,2023-09-23 01:39:00,2023-09-23 09:23:33,67,17.5,405,464,219,71,115,59,605,127,90,76,false
2023-09-22 02:53:13,2023-09-23 01:39:00,UTC-06:00,2023-09-22 02:53:13,2023-09-22 08:42:45,48,18.4,300,349,129,60,111,49,629,127,89,64,false
2023-09-21 01:24:27,2023-09-22 02:53:13,UTC-06:00,2023-09-21 01:24:27,2023-09-21 08:46:14,61,16.7,378,441,246,47,85,63,623,127,88,70,false
2023-09-20 00:50:58,2023-09-21 01:24:27,UTC-06:00,2023-09-20 00:50:58,2023-09-20 06:54:36,51,16.7,316,363,152,42,122,47,615,127,92,79,false
2023-09-19 00:21:12,2023-09-20 00:50:58,UTC-06:00,2023-09-19 00:21:12,2023-09-19 06:33:22,53,16.2,328,372,177,66,85,44,620,127,93,73,false
2023-09-17 23:46:13,2023-09-19 00:21:12,UTC-06:00,2023-09-17 23:46:13,2023-09-18 06:52:15,61,17.3,358,426,200,55,103,68,588,127,88,70,false
2023-09-17 01:13:59,2023-09-17 23:46:13,UTC-06:00,2023-09-17 01:13:59,2023-09-17 08:46:11,60,17.3,370,452,148,74,148,82,613,127,85,78,false
2023-09-16 02:24:53,2023-09-17 01:13:59,UTC-06:00,2023-09-16 02:24:53,2023-09-16 08:29:17,52,16.3,317,364,161,52,104,47,612,127,87,77,false
2023-09-15 00:30:18,2023-09-16 02:24:53,UTC-06:00,2023-09-15 00:30:18,2023-09-15 07:02:52,52,16.6,316,392,179,50,87,76,613,127,85,76,false
2023-09-14 02:31:31,2023-09-15 00:30:18,UTC-06:00,2023-09-14 02:31:31,2023-09-14 08:16:17,46,16.5,288,344,132,78,78,56,623,127,88,75,false
2023-09-13 01:24:50,2023-09-14 02:31:31,UTC-06:00,2023-09-13 01:24:50,2023-09-13 07:15:42,47,15.6,289,350,158,49,82,61,620,127,87,82,false
2023-09-12 01:46:35,2023-09-13 01:24:50,UTC-06:00,2023-09-12 01:46:35,2023-09-12 08:38:48,43,16.5,271,412,131,49,91,141,629,127,72,76,false
2023-09-10 23:51:56,2023-09-12 01:46:35,UTC-06:00,2023-09-10 23:51:56,2023-09-11 07:49:09,66,16.7,385,477,171,74,140,92,586,117,83,74,false
2023-09-10 00:59:04,2023-09-10 23:51:56,UTC-06:00,2023-09-10 00:59:04,2023-09-10 09:11:15,71,17.2,454,492,233,90,131,38,636,127,92,82,false
2023-09-09 02:18:49,2023-09-10 00:59:04,UTC-06:00,2023-09-09 02:18:49,2023-09-09 08:09:42,46,17.5,279,350,160,44,75,71,602,117,81,77,false
2023-09-08 00:48:56,2023-09-09 02:18:49,UTC-06:00,2023-09-08 00:48:56,2023-09-08 09:30:01,70,16.3,431,521,208,96,127,90,613,120,85,79,false
2023-09-07 01:50:47,2023-09-08 00:48:56,UTC-06:00,2023-09-07 01:50:47,2023-09-07 08:50:57,59,16.3,340,420,200,51,89,80,582,92,86,78,false
2023-09-06 01:10:53,2023-09-07 01:50:47,UTC-06:00,2023-09-06 01:10:53,2023-09-06 08:30:32,67,16.5,375,439,255,45,75,64,560,72,91,77,false
2023-09-05 01:04:31,2023-09-06 01:10:53,UTC-06:00,2023-09-05 01:04:31,2023-09-05 08:27:06,68,16.4,381,442,216,71,94,61,558,55,87,69,false
2023-09-03 22:50:44,2023-09-05 01:04:31,UTC-06:00,2023-09-03 22:50:44,2023-09-04 08:14:35,81,17.0,427,563,238,55,134,136,529,64,79,53,false
2023-09-03 02:06:07,2023-09-03 22:50:44,UTC-06:00,2023-09-03 02:06:07,2023-09-03 10:39:38,78,16.6,445,513,224,82,139,68,569,84,91,74,false
2023-09-02 01:48:06,2023-09-03 02:06:07,UTC-06:00,2023-09-02 01:48:06,2023-09-02 09:12:34,63,16.2,353,444,204,67,82,91,564,84,82,87,false
2023-09-01 00:59:49,2023-09-02 01:48:06,UTC-06:00,2023-09-01 00:59:49,2023-09-01 09:00:26,63,15.8,362,480,202,68,92,118,578,84,79,87,false
2023-08-31 01:44:41,2023-09-01 00:59:49,UTC-06:00,2023-08-31 01:44:41,2023-08-31 08:56:13,63,16.6,343,431,202,37,104,88,541,58,84,77,false
2023-08-30 00:15:22,2023-08-31 01:44:41,UTC-06:00,2023-08-30 00:15:22,2023-08-30 09:07:23,80,16.6,445,532,253,76,116,87,560,75,87,79,false
2023-08-29 00:37:07,2023-08-30 00:15:22,UTC-06:00,2023-08-29 00:37:07,2023-08-29 08:22:24,67,16.3,381,465,206,82,93,84,567,79,85,73,false
2023-08-28 00:20:24,2023-08-29 00:37:07,UTC-06:00,2023-08-28 00:20:24,2023-08-28 08:08:15,73,17.5,396,467,198,69,129,71,541,79,88,76,false
2023-08-27 02:19:27,2023-08-28 00:20:24,UTC-06:00,2023-08-27 02:19:27,2023-08-27 09:57:51,65,17.6,382,458,220,63,99,76,587,87,90,84,false
2023-08-26 01:51:34,2023-08-27 02:19:27,UTC-06:00,2023-08-26 01:51:34,2023-08-26 09:49:56,70,16.6,394,478,223,58,113,84,561,90,85,81,false
2023-08-25 00:56:25,2023-08-26 01:51:34,UTC-06:00,2023-08-25 00:56:25,2023-08-25 09:19:17,69,16.1,404,502,237,64,103,98,588,90,84,80,false
2023-08-24 02:02:14,2023-08-25 00:56:25,UTC-06:00,2023-08-24 02:02:14,2023-08-24 09:31:36,69,16.3,388,449,243,46,99,61,566,79,90,66,false
2023-08-23 00:24:27,2023-08-24 02:02:14,UTC-06:00,2023-08-23 00:24:27,2023-08-23 08:14:56,65,15.9,367,470,214,60,93,103,561,79,82,76,false
2023-08-22 00:50:53,2023-08-23 00:24:27,UTC-06:00,2023-08-22 00:50:53,2023-08-22 08:19:20,65,16.5,355,448,182,73,100,93,543,49,86,67,false
2023-08-20 23:35:45,2023-08-22 00:50:53,UTC-06:00,2023-08-20 23:35:45,2023-08-21 08:13:38,83,16.8,448,517,248,100,100,69,541,81,90,50,false
2023-08-20 03:20:17,2023-08-20 23:35:45,UTC-06:00,2023-08-20 03:20:17,2023-08-20 10:49:42,64,18.2,392,446,236,73,83,54,609,111,87,45,false
2023-08-19 00:21:06,2023-08-20 03:20:17,UTC-06:00,2023-08-19 00:21:06,2023-08-19 06:57:57,51,16.8,278,396,127,44,107,118,548,70,73,71,false
2023-08-18 01:20:38,2023-08-19 00:21:06,UTC-06:00,2023-08-18 01:20:38,2023-08-18 09:27:32,69,16.5,423,486,222,71,130,63,618,116,90,66,false
2023-08-17 00:36:01,2023-08-18 01:20:38,UTC-06:00,2023-08-17 00:36:01,2023-08-17 07:06:07,49,15.5,274,390,159,58,57,116,560,77,74,77,false
2023-08-16 00:34:09,2023-08-17 00:36:01,UTC-06:00,2023-08-16 00:34:09,2023-08-16 08:34:45,66,16.3,383,480,211,83,89,97,581,88,83,68,false
2023-08-14 23:52:57,2023-08-16 00:34:09,UTC-06:00,2023-08-14 23:52:57,2023-08-15 06:50:36,61,16.9,344,417,223,44,77,73,564,72,90,51,false
2023-08-13 23:29:01,2023-08-14 23:52:57,UTC-06:00,2023-08-13 23:29:01,2023-08-14 06:57:14,68,17.5,357,448,227,48,82,91,529,61,86,58,false
2023-08-13 00:49:11,2023-08-13 23:29:01,UTC-06:00,2023-08-13 00:49:11,2023-08-13 09:46:22,73,17.1,414,537,277,71,66,123,571,61,84,58,false
2023-08-12 01:53:00,2023-08-13 00:49:11,UTC-06:00,2023-08-12 01:53:00,2023-08-12 09:28:52,79,17.0,366,455,234,46,86,89,463,0,85,66,false
2023-08-11 01:53:07,2023-08-12 00:53:00,UTC-07:00,2023-08-11 01:53:07,2023-08-11 11:11:59,100,16.6,454,558,210,97,147,104,364,17,85,41,false
2023-08-09 23:49:49,2023-08-11 01:53:07,UTC-07:00,2023-08-10 16:49:41,2023-08-10 19:06:11,24,17.8,114,132,109,0,5,18,476,17,93,,true
2023-08-09 23:49:49,2023-08-11 01:53:07,UTC-07:00,2023-08-09 23:49:49,2023-08-10 10:20:39,94,15.7,504,630,293,66,145,126,537,76,83,65,false
2023-08-09 03:00:45,2023-08-09 23:49:49,UTC-07:00,2023-08-09 03:00:45,2023-08-09 10:52:27,74,15.9,373,471,118,69,186,98,506,38,79,43,false
2023-08-08 00:26:06,2023-08-09 03:00:45,UTC-07:00,2023-08-08 23:40:05,2023-08-09 02:00:05,15,16.6,75,140,39,3,33,65,506,38,73,,true
2023-08-08 00:26:06,2023-08-09 03:00:45,UTC-07:00,2023-08-08 00:26:06,2023-08-08 09:28:17,87,16.9,448,538,227,78,143,90,517,111,84,40,false
2023-08-06 23:01:49,2023-08-08 01:26:06,UTC-06:00,2023-08-07 10:37:52,2023-08-07 11:49:57,11,17.3,64,72,61,3,0,8,570,111,97,,true
2023-08-06 23:01:49,2023-08-08 01:26:06,UTC-06:00,2023-08-06 23:01:49,2023-08-07 05:38:53,62,17.5,360,393,149,65,146,33,578,116,93,51,false
2023-08-06 04:34:24,2023-08-06 23:01:49,UTC-06:00,2023-08-06 04:34:24,2023-08-06 09:37:13,49,19.1,263,303,135,54,74,40,534,43,87,49,false
2023-08-04 23:42:43,2023-08-06 04:34:24,UTC-06:00,2023-08-04 23:42:43,2023-08-05 09:11:34,85,17.5,484,568,206,131,147,84,571,111,86,57,false
2023-08-04 01:08:40,2023-08-04 23:42:43,UTC-06:00,2023-08-04 01:08:40,2023-08-04 07:00:02,51,16.9,319,351,155,57,107,32,622,132,92,74,false
2023-08-03 02:30:45,2023-08-04 01:08:40,UTC-06:00,2023-08-03 02:30:45,2023-08-03 07:35:29,42,16.6,258,304,145,31,82,46,619,134,87,67,false
2023-08-02 03:35:07,2023-08-03 02:30:45,UTC-06:00,2023-08-02 03:35:07,2023-08-02 08:03:19,41,16.2,243,268,130,46,67,25,588,97,90,53,false
2023-08-01 00:45:50,2023-08-02 03:35:07,UTC-06:00,2023-08-01 00:45:50,2023-08-01 07:14:43,57,16.6,346,389,165,69,112,43,605,105,90,63,false
2023-07-30 23:45:43,2023-08-01 00:45:50,UTC-06:00,2023-07-30 23:45:43,2023-07-31 06:41:29,64,17.4,385,415,143,85,157,30,599,136,92,41,false
2023-07-30 04:17:54,2023-07-30 23:45:43,UTC-06:00,2023-07-30 04:17:54,2023-07-30 11:06:04,40,18.8,244,408,135,74,35,164,606,95,62,29,false
2023-07-29 00:16:08,2023-07-30 04:17:54,UTC-06:00,2023-07-29 00:16:08,2023-07-29 07:10:59,58,16.9,339,414,176,61,102,75,584,111,86,81,false
2023-07-28 00:29:22,2023-07-29 00:16:08,UTC-06:00,2023-07-28 00:29:22,2023-07-28 07:23:12,62,16.6,375,413,200,73,102,38,604,104,93,71,false
2023-07-27 00:07:02,2023-07-28 00:29:22,UTC-06:00,2023-07-27 00:07:02,2023-07-27 06:59:59,54,16.6,286,412,212,22,52,126,531,116,81,60,false
2023-07-26 01:00:31,2023-07-27 00:07:02,UTC-06:00,2023-07-26 19:01:23,2023-07-26 21:02:02,13,15.5,81,121,72,0,9,40,611,116,67,,true
2023-07-26 01:00:31,2023-07-27 00:07:02,UTC-06:00,2023-07-26 01:00:31,2023-07-26 08:24:52,49,16.3,290,444,175,51,64,154,595,97,73,74,false
2023-07-25 00:22:42,2023-07-26 01:00:31,UTC-06:00,2023-07-25 00:22:42,2023-07-25 08:02:27,57,16.5,343,459,205,51,87,116,606,99,79,68,false
2023-07-23 23:28:50,2023-07-25 00:22:42,UTC-06:00,2023-07-23 23:28:50,2023-07-24 08:06:36,66,17.1,356,517,252,48,56,161,541,81,71,55,false
2023-07-23 02:04:20,2023-07-23 23:28:50,UTC-06:00,2023-07-23 02:04:20,2023-07-23 11:04:13,72,17.4,412,539,220,82,110,127,571,84,80,56,false
2023-07-22 01:04:31,2023-07-23 02:04:20,UTC-06:00,2023-07-22 01:04:31,2023-07-22 09:33:00,71,17.2,419,508,178,101,140,89,590,113,84,70,false
2023-07-20 23:47:04,2023-07-22 01:04:31,UTC-06:00,2023-07-20 23:47:04,2023-07-21 07:00:38,50,16.6,312,433,165,58,89,121,619,120,77,84,false
2023-07-20 00:56:46,2023-07-20 23:47:04,UTC-06:00,2023-07-20 00:56:46,2023-07-20 08:06:19,59,16.4,350,429,236,47,67,79,598,111,88,83,false
2023-07-19 00:37:14,2023-07-20 00:56:46,UTC-06:00,2023-07-19 00:37:14,2023-07-19 08:17:04,62,15.9,377,459,224,57,96,82,604,108,87,74,false
2023-07-18 00:19:24,2023-07-19 00:37:14,UTC-06:00,2023-07-18 00:19:24,2023-07-18 07:53:35,63,16.6,376,454,255,55,66,78,593,99,86,60,false
2023-07-17 00:41:48,2023-07-18 00:19:24,UTC-06:00,2023-07-17 00:41:48,2023-07-17 08:06:51,66,17.4,397,445,202,76,119,48,601,125,92,51,false
2023-07-16 03:32:12,2023-07-17 00:41:48,UTC-06:00,2023-07-16 03:32:12,2023-07-16 10:42:24,45,18.6,286,430,192,46,48,144,637,114,66,57,false
2023-07-15 02:28:39,2023-07-16 03:32:12,UTC-06:00,2023-07-15 02:28:39,2023-07-15 09:34:40,61,16.9,357,426,190,91,76,69,582,143,87,55,false
2023-07-14 02:28:06,2023-07-15 01:28:39,UTC-07:00,2023-07-14 18:55:59,2023-07-14 20:05:59,7,16.9,46,70,46,0,0,24,624,143,98,,true
2023-07-14 02:28:06,2023-07-15 01:28:39,UTC-07:00,2023-07-14 02:28:06,2023-07-14 07:30:11,37,16.1,221,302,97,42,82,81,601,129,93,55,false
2023-07-13 00:02:24,2023-07-14 03:28:06,UTC-06:00,2023-07-13 00:02:24,2023-07-13 06:16:50,43,16.0,262,374,165,43,54,112,608,107,73,74,false
2023-07-12 01:22:34,2023-07-13 00:02:24,UTC-06:00,2023-07-12 01:22:34,2023-07-12 08:14:33,53,16.3,302,411,134,61,107,109,576,91,80,77,false
2023-07-11 01:40:37,2023-07-12 01:22:34,UTC-06:00,2023-07-11 01:40:37,2023-07-11 09:31:12,60,16.6,339,470,194,48,97,131,567,73,75,69,false
2023-07-10 00:01:18,2023-07-11 01:40:37,UTC-06:00,2023-07-10 00:01:18,2023-07-10 08:10:54,75,17.2,394,489,212,59,123,95,525,67,87,59,false
2023-07-09 01:13:26,2023-07-10 00:01:18,UTC-06:00,2023-07-09 01:13:26,2023-07-09 11:10:08,77,17.4,472,596,247,84,141,124,613,102,82,60,false
2023-07-08 00:34:09,2023-07-09 01:13:26,UTC-06:00,2023-07-08 00:34:09,2023-07-08 08:27:39,65,17.4,385,473,204,79,102,88,591,113,86,90,false
2023-07-07 00:24:46,2023-07-08 00:34:09,UTC-06:00,2023-07-07 00:24:46,2023-07-07 07:25:00,50,16.1,302,420,187,38,77,118,602,91,80,85,false
2023-07-06 00:50:08,2023-07-07 00:24:46,UTC-06:00,2023-07-06 00:50:08,2023-07-06 08:15:47,60,16.3,356,445,179,65,112,89,596,97,83,82,false
2023-07-05 01:07:16,2023-07-06 00:50:08,UTC-06:00,2023-07-05 01:07:16,2023-07-05 08:16:07,57,16.4,336,428,205,59,72,92,594,102,82,74,false
2023-07-04 00:57:45,2023-07-05 01:07:16,UTC-06:00,2023-07-04 00:57:45,2023-07-04 08:29:34,65,16.9,383,451,201,73,109,68,589,107,88,68,false
2023-07-02 22:42:27,2023-07-04 00:57:45,UTC-06:00,2023-07-02 22:42:27,2023-07-03 06:06:09,53,17.8,300,443,172,51,77,143,561,99,73,58,false
2023-07-02 00:34:09,2023-07-02 22:42:27,UTC-06:00,2023-07-02 00:34:09,2023-07-02 09:55:44,66,17.7,406,561,314,57,35,155,615,99,75,73,false
2023-07-01 00:16:31,2023-07-02 00:34:09,UTC-06:00,2023-07-01 00:16:31,2023-07-01 07:53:08,66,17.1,372,456,199,62,111,84,565,97,86,90,false
2023-06-30 00:43:40,2023-07-01 00:16:31,UTC-06:00,2023-06-30 00:43:40,2023-06-30 07:59:59,57,16.9,342,436,191,85,66,94,598,93,81,84,false
2023-06-29 00:42:26,2023-06-30 00:43:40,UTC-06:00,2023-06-29 00:42:26,2023-06-29 08:12:14,59,16.3,359,449,182,65,112,90,604,116,83,74,false
2023-06-28 00:01:52,2023-06-29 00:42:26,UTC-06:00,2023-06-28 00:01:52,2023-06-28 06:31:50,49,16.3,292,389,192,50,50,97,597,105,79,74,false
2023-06-27 00:24:42,2023-06-28 00:01:52,UTC-06:00,2023-06-27 00:24:42,2023-06-27 08:00:58,64,16.9,336,456,168,75,93,120,527,38,76,68,false
2023-06-25 22:08:26,2023-06-27 00:24:42,UTC-06:00,2023-06-25 22:08:26,2023-06-26 08:19:44,87,17.8,488,611,218,104,166,123,558,100,81,45,false
2023-06-25 02:35:13,2023-06-25 22:08:26,UTC-06:00,2023-06-25 02:35:13,2023-06-25 10:18:12,56,17.9,347,462,145,90,112,115,620,109,77,47,false
2023-06-24 00:48:53,2023-06-25 02:35:13,UTC-06:00,2023-06-24 00:48:53,2023-06-24 07:43:56,52,17.2,299,415,228,41,30,116,574,100,75,80,false
2023-06-22 23:51:18,2023-06-24 00:48:53,UTC-06:00,2023-06-22 23:51:18,2023-06-23 07:05:11,56,16.3,335,433,192,69,74,98,599,108,81,81,false
2023-06-22 00:10:53,2023-06-22 23:51:18,UTC-06:00,2023-06-22 00:10:53,2023-06-22 07:32:32,63,16.4,369,441,241,56,72,72,582,99,89,70,false
2023-06-20 22:20:20,2023-06-22 00:10:53,UTC-06:00,2023-06-20 22:20:20,2023-06-21 06:45:58,66,16.7,393,505,290,29,74,112,600,96,83,64,false
2023-06-20 00:30:09,2023-06-20 22:20:20,UTC-06:00,2023-06-20 00:30:09,2023-06-20 08:01:32,67,16.5,365,451,207,75,83,86,548,61,84,68,false
2023-06-18 23:00:42,2023-06-20 00:30:09,UTC-06:00,2023-06-18 23:00:42,2023-06-19 08:01:46,79,17.6,448,541,235,77,136,93,568,109,85,52,false
2023-06-18 02:43:12,2023-06-18 23:00:42,UTC-06:00,2023-06-18 02:43:12,2023-06-18 09:55:38,52,18.0,320,432,205,54,61,112,613,102,76,62,false
2023-06-17 02:01:28,2023-06-18 02:43:12,UTC-06:00,2023-06-17 02:01:28,2023-06-17 09:09:54,55,17.3,328,428,211,53,64,100,594,116,80,64,false
2023-06-16 00:13:03,2023-06-17 02:01:28,UTC-06:00,2023-06-16 00:13:03,2023-06-16 06:53:53,49,16.4,303,400,180,56,67,97,617,120,80,75,false
2023-06-15 01:02:40,2023-06-16 00:13:03,UTC-06:00,2023-06-15 01:02:40,2023-06-15 07:04:33,47,16.8,301,361,235,31,35,60,644,134,88,72,false
2023-06-14 02:15:43,2023-06-15 01:02:40,UTC-06:00,2023-06-14 02:15:43,2023-06-14 06:59:47,41,16.0,247,284,154,39,54,37,603,111,87,68,false
2023-06-13 01:16:16,2023-06-14 02:15:43,UTC-06:00,2023-06-13 01:16:16,2023-06-13 08:01:05,62,16.3,324,404,185,47,92,80,519,38,85,71,false
2023-06-11 22:56:03,2023-06-13 01:16:16,UTC-06:00,2023-06-11 22:56:03,2023-06-12 08:06:53,87,17.3,497,550,268,67,162,53,572,114,90,59,false
2023-06-11 00:23:44,2023-06-11 22:56:03,UTC-06:00,2023-06-11 00:23:44,2023-06-11 10:06:37,61,17.7,387,582,281,60,46,195,630,111,66,68,false
2023-06-10 00:27:33,2023-06-11 00:23:44,UTC-06:00,2023-06-10 00:27:33,2023-06-10 07:29:30,51,16.3,311,421,151,56,104,110,614,129,82,82,false
2023-06-09 00:47:04,2023-06-10 00:27:33,UTC-06:00,2023-06-09 00:47:04,2023-06-09 07:07:29,43,16.2,264,380,159,57,48,116,619,111,81,82,false
2023-06-08 00:57:47,2023-06-09 00:47:04,UTC-06:00,2023-06-08 00:57:47,2023-06-08 08:46:56,62,16.1,390,469,186,100,104,79,631,134,85,78,false
2023-06-07 01:09:40,2023-06-08 00:57:47,UTC-06:00,2023-06-07 01:09:40,2023-06-07 06:54:28,41,16.2,254,344,167,25,62,90,615,114,79,76,false
2023-06-06 01:01:35,2023-06-07 01:09:40,UTC-06:00,2023-06-06 01:01:35,2023-06-06 08:28:04,61,17.0,335,446,209,68,58,111,549,61,78,71,false
2023-06-04 23:15:36,2023-06-06 01:01:35,UTC-06:00,2023-06-04 23:15:36,2023-06-05 07:50:23,79,17.8,464,514,160,108,196,50,587,127,90,54,false
2023-06-04 02:46:34,2023-06-04 23:15:36,UTC-06:00,2023-06-04 02:46:34,2023-06-04 09:36:34,44,19.5,282,410,182,61,39,128,636,113,70,54,false
2023-06-03 00:17:09,2023-06-04 02:46:34,UTC-06:00,2023-06-03 00:17:09,2023-06-03 06:53:46,50,16.5,309,396,234,24,51,87,623,113,82,81,false
2023-06-02 00:50:31,2023-06-03 00:17:09,UTC-06:00,2023-06-02 00:50:31,2023-06-02 07:01:18,50,16.1,307,370,189,70,48,63,619,116,87,89,false
2023-06-01 01:15:36,2023-06-02 00:50:31,UTC-06:00,2023-06-01 01:15:36,2023-06-01 08:02:30,49,16.2,295,406,210,52,33,111,609,111,76,85,false
2023-05-31 01:02:56,2023-06-01 01:15:36,UTC-06:00,2023-05-31 01:02:56,2023-05-31 08:05:12,51,16.3,314,422,184,61,69,108,612,123,78,74,false
2023-05-30 00:27:26,2023-05-31 01:02:56,UTC-06:00,2023-05-30 00:27:26,2023-05-30 06:33:18,46,16.0,274,365,147,54,73,91,591,96,79,74,false
2023-05-29 00:18:24,2023-05-30 00:27:26,UTC-06:00,2023-05-29 00:18:24,2023-05-29 07:57:42,67,16.5,386,459,260,56,70,73,579,93,87,65,false
2023-05-28 00:29:05,2023-05-29 00:18:24,UTC-06:00,2023-05-28 00:29:05,2023-05-28 08:49:26,68,16.7,394,500,152,94,148,106,578,111,81,87,false
2023-05-26 01:03:38,2023-05-27 00:40:01,UTC-06:00,2023-05-26 01:03:38,2023-05-26 08:37:06,62,17.5,366,453,206,58,102,87,591,102,83,82,false
2023-05-25 00:11:23,2023-05-26 01:03:38,UTC-06:00,2023-05-25 00:11:23,2023-05-25 08:18:17,65,16.5,402,486,168,89,145,84,620,116,88,84,false
2023-05-24 00:20:34,2023-05-25 00:11:23,UTC-06:00,2023-05-24 00:20:34,2023-05-24 06:52:02,49,16.5,285,391,176,38,71,106,583,91,80,87,false
2023-05-23 00:52:03,2023-05-24 00:20:34,UTC-06:00,2023-05-23 00:52:03,2023-05-23 08:05:58,60,16.6,345,433,244,39,62,88,576,86,84,88,false
2023-05-22 00:49:07,2023-05-23 00:52:03,UTC-06:00,2023-05-22 00:49:07,2023-05-22 08:01:24,62,16.9,362,432,201,70,91,70,588,99,86,86,false
2023-05-21 00:46:11,2023-05-22 00:49:07,UTC-06:00,2023-05-21 00:46:11,2023-05-21 08:55:00,66,16.3,389,488,215,69,105,99,592,87,86,82,false
2023-05-20 00:25:33,2023-05-21 00:46:11,UTC-06:00,2023-05-20 00:25:33,2023-05-20 08:53:49,70,17.0,426,508,218,51,157,82,608,104,87,78,false
2023-05-19 00:23:27,2023-05-20 00:25:33,UTC-06:00,2023-05-19 00:23:27,2023-05-19 06:43:02,54,17.2,323,379,132,73,118,56,601,111,89,73,false
2023-05-18 00:20:19,2023-05-19 00:23:27,UTC-06:00,2023-05-18 00:20:19,2023-05-18 06:47:58,51,16.1,297,387,178,49,70,90,581,88,81,72,false
2023-05-17 00:56:18,2023-05-18 00:20:19,UTC-06:00,2023-05-17 00:56:18,2023-05-17 08:15:11,61,16.0,360,438,209,70,81,78,589,97,88,63,false
2023-05-16 00:53:41,2023-05-17 00:56:18,UTC-06:00,2023-05-16 00:53:41,2023-05-16 08:14:20,57,16.0,324,440,151,51,122,116,569,67,80,49,false
2023-05-15 00:23:48,2023-05-16 00:53:41,UTC-06:00,2023-05-15 00:23:48,2023-05-15 08:04:47,77,17.0,406,460,182,78,146,54,529,70,93,22,false
2023-05-14 05:52:27,2023-05-15 00:23:48,UTC-06:00,2023-05-14 05:52:27,2023-05-14 14:48:19,76,18.7,437,535,215,86,136,98,577,97,84,9,false
2023-05-13 00:10:24,2023-05-14 05:52:27,UTC-06:00,2023-05-13 00:10:24,2023-05-13 07:06:36,57,16.6,347,416,199,51,97,69,606,120,87,82,false
2023-05-12 00:21:25,2023-05-13 00:10:24,UTC-06:00,2023-05-12 00:21:25,2023-05-12 06:54:06,47,16.4,265,392,140,32,93,127,569,76,73,78,false
2023-05-11 00:29:57,2023-05-12 00:21:25,UTC-06:00,2023-05-11 00:29:57,2023-05-11 09:04:14,74,16.8,438,514,251,89,98,76,593,102,87,73,false
2023-05-10 00:16:17,2023-05-11 00:29:57,UTC-06:00,2023-05-10 00:16:17,2023-05-10 07:01:00,55,16.1,317,404,198,32,87,87,571,84,83,73,false
2023-05-09 00:42:19,2023-05-10 00:16:17,UTC-06:00,2023-05-09 00:42:19,2023-05-09 08:44:43,71,16.5,397,482,220,69,108,85,563,82,86,67,false
2023-05-07 22:59:24,2023-05-09 00:42:19,UTC-06:00,2023-05-07 22:59:24,2023-05-08 06:54:19,64,16.9,351,474,201,51,99,123,549,84,79,60,false
2023-05-07 01:50:44,2023-05-07 22:59:24,UTC-06:00,2023-05-07 01:50:44,2023-05-07 11:01:17,71,17.7,415,550,176,107,132,135,585,77,79,60,false
2023-05-06 00:23:57,2023-05-07 01:50:44,UTC-06:00,2023-05-06 00:23:57,2023-05-06 09:02:43,66,17.1,365,518,243,55,67,153,554,79,73,79,false
2023-05-05 00:12:32,2023-05-06 00:23:57,UTC-06:00,2023-05-05 00:12:32,2023-05-05 08:42:51,73,16.9,346,510,194,62,90,164,471,11,70,70,false
2023-05-03 23:11:35,2023-05-05 00:12:32,UTC-06:00,2023-05-03 23:11:35,2023-05-04 09:15:23,96,17.3,454,603,290,74,90,149,473,11,80,56,false
2023-05-02 23:31:06,2023-05-03 23:11:35,UTC-06:00,2023-05-02 23:31:06,2023-05-03 10:33:26,96,17.6,477,662,247,112,118,185,499,38,74,36,false
2023-05-01 21:26:06,2023-05-02 23:31:06,UTC-06:00,2023-05-01 21:26:06,2023-05-02 08:01:34,87,18.0,510,635,316,72,122,125,583,125,80,23,false
2023-05-01 04:17:59,2023-05-01 21:26:06,UTC-06:00,2023-05-01 04:17:59,2023-05-01 09:28:00,45,18.4,260,310,103,49,108,50,579,120,84,45,false
2023-04-30 07:10:27,2023-05-01 04:17:59,UTC-06:00,2023-04-30 07:10:27,2023-04-30 11:44:54,59,18.6,252,274,183,39,30,22,429,141,92,28,false
2023-04-29 07:19:28,2023-04-30 07:10:27,UTC-06:00,2023-04-29 20:54:15,2023-04-30 00:32:57,31,17.7,190,219,107,43,40,29,618,141,89,,true
2023-04-29 07:19:28,2023-04-30 07:10:27,UTC-06:00,2023-04-29 07:19:28,2023-04-29 11:33:15,38,18.8,229,251,124,42,63,22,596,132,91,29,false
2023-04-28 04:28:44,2023-04-29 07:19:28,UTC-06:00,2023-04-28 04:28:44,2023-04-28 09:32:59,42,19.2,248,301,159,35,54,53,593,109,82,46,false
2023-04-27 00:09:16,2023-04-28 04:28:44,UTC-06:00,2023-04-27 00:09:16,2023-04-27 07:49:20,52,16.7,288,460,184,48,56,172,557,82,67,84,false
2023-04-26 00:48:16,2023-04-27 00:09:16,UTC-06:00,2023-04-26 00:48:16,2023-04-26 08:40:38,72,17.1,406,472,220,80,106,66,563,93,90,83,false
2023-04-25 00:50:22,2023-04-26 00:48:16,UTC-06:00,2023-04-25 00:50:22,2023-04-25 08:23:08,68,17.1,354,452,229,64,61,98,523,52,84,76,false
2023-04-23 22:51:00,2023-04-25 00:50:22,UTC-06:00,2023-04-23 22:51:00,2023-04-24 08:42:52,82,17.5,455,591,236,90,129,136,558,97,79,57,false
2023-04-23 02:06:03,2023-04-23 22:51:00,UTC-06:00,2023-04-23 02:06:03,2023-04-23 09:48:56,57,18.0,335,462,213,61,61,127,591,84,74,60,false
2023-04-22 00:54:53,2023-04-23 02:06:03,UTC-06:00,2023-04-22 00:54:53,2023-04-22 08:45:47,63,17.8,372,470,208,84,80,98,591,120,82,73,false
2023-04-21 00:05:37,2023-04-22 00:54:53,UTC-06:00,2023-04-21 00:05:37,2023-04-21 06:15:37,47,17.2,278,369,196,30,52,91,586,111,79,86,false
2023-04-20 00:48:43,2023-04-21 00:05:37,UTC-06:00,2023-04-20 00:48:43,2023-04-20 07:37:45,51,16.7,302,409,206,60,36,107,588,102,86,75,false
2023-04-19 00:12:07,2023-04-20 00:48:43,UTC-06:00,2023-04-19 00:12:07,2023-04-19 07:50:36,55,16.6,306,458,137,68,101,152,558,79,71,71,false
2023-04-17 23:39:00,2023-04-19 00:12:07,UTC-06:00,2023-04-17 23:39:00,2023-04-18 07:21:23,65,17.0,311,462,239,42,30,151,482,8,78,71,false
2023-04-16 22:30:06,2023-04-17 23:39:00,UTC-06:00,2023-04-16 22:30:06,2023-04-17 07:16:19,97,17.7,446,526,166,103,177,80,460,93,88,54,false
2023-04-15 23:06:51,2023-04-16 22:30:06,UTC-06:00,2023-04-16 11:57:23,2023-04-16 13:40:43,17,18.5,92,103,81,10,1,11,552,93,90,,true
2023-04-15 23:06:51,2023-04-16 22:30:06,UTC-06:00,2023-04-15 23:06:51,2023-04-16 05:53:32,68,17.4,382,407,262,37,83,25,558,111,93,70,false
2023-04-14 23:47:12,2023-04-15 23:06:51,UTC-06:00,2023-04-15 07:15:00,2023-04-15 08:15:00,4,17.5,25,60,22,0,3,35,571,111,57,,true
2023-04-14 23:47:12,2023-04-15 23:06:51,UTC-06:00,2023-04-14 23:47:12,2023-04-15 05:40:58,51,17.6,288,353,206,38,44,65,568,82,84,95,false
2023-04-13 23:42:47,2023-04-14 23:47:12,UTC-06:00,2023-04-13 23:42:47,2023-04-14 07:42:33,64,17.4,355,479,215,60,80,124,558,79,77,93,false
2023-04-12 23:35:27,2023-04-13 23:42:47,UTC-06:00,2023-04-12 23:35:27,2023-04-13 07:44:33,73,17.3,396,489,176,84,136,93,544,68,84,87,false
2023-04-11 23:28:41,2023-04-12 23:35:27,UTC-06:00,2023-04-11 23:28:41,2023-04-12 07:21:39,70,17.7,382,472,279,56,47,90,548,67,82,80,false
2023-04-10 23:08:12,2023-04-11 23:28:41,UTC-06:00,2023-04-10 23:08:12,2023-04-11 07:38:32,77,17.2,394,510,248,64,82,116,515,35,80,72,false
2023-04-09 22:14:44,2023-04-10 23:08:12,UTC-06:00,2023-04-09 22:14:44,2023-04-10 07:32:08,88,17.7,450,557,243,86,121,107,510,49,82,58,false
2023-04-08 22:45:41,2023-04-09 22:14:44,UTC-06:00,2023-04-08 22:45:41,2023-04-09 06:56:38,83,17.6,422,490,185,102,135,68,509,136,87,51,false
2023-04-08 00:31:53,2023-04-08 22:45:41,UTC-06:00,2023-04-08 08:20:00,2023-04-08 10:20:00,15,17.2,87,120,82,1,4,33,595,136,93,,true
2023-04-08 00:31:53,2023-04-08 22:45:41,UTC-06:00,2023-04-08 00:31:53,2023-04-08 05:20:48,40,17.8,227,288,164,25,38,61,575,107,83,73,false
2023-04-07 00:21:54,2023-04-08 00:31:53,UTC-06:00,2023-04-07 00:21:54,2023-04-07 07:08:20,53,17.1,293,406,214,30,49,113,551,70,76,79,false
2023-04-06 01:12:38,2023-04-07 00:21:54,UTC-06:00,2023-04-06 01:12:38,2023-04-06 09:51:59,69,16.7,380,519,214,68,98,139,551,76,78,72,false
2023-04-05 00:06:49,2023-04-06 01:12:38,UTC-06:00,2023-04-05 00:06:49,2023-04-05 08:32:27,74,16.7,405,505,255,55,95,100,545,64,84,82,false
2023-04-04 00:15:14,2023-04-05 00:06:49,UTC-06:00,2023-04-04 00:15:14,2023-04-04 08:49:42,78,16.8,391,514,241,57,93,123,503,32,79,75,false
2023-04-02 23:16:08,2023-04-04 00:15:14,UTC-06:00,2023-04-02 23:16:08,2023-04-03 07:59:05,89,17.8,469,522,245,74,150,53,529,70,89,59,false
2023-04-02 01:34:34,2023-04-02 23:16:08,UTC-06:00,2023-04-02 01:34:34,2023-04-02 10:03:20,69,17.9,402,508,223,63,116,106,585,82,82,63,false
2023-04-01 01:22:58,2023-04-02 01:34:34,UTC-06:00,2023-04-01 01:22:58,2023-04-01 09:08:53,64,17.7,389,465,189,86,114,76,604,125,87,58,false
2023-03-31 00:17:09,2023-04-01 01:22:58,UTC-06:00,2023-03-31 00:17:09,2023-03-31 06:49:56,45,16.5,261,392,163,52,46,131,579,102,74,82,false
2023-03-29 23:52:45,2023-03-31 00:17:09,UTC-06:00,2023-03-29 23:52:45,2023-03-30 06:38:05,55,16.5,311,405,206,39,66,94,567,84,80,77,false
2023-03-28 23:38:25,2023-03-29 23:52:45,UTC-06:00,2023-03-28 23:38:25,2023-03-29 06:34:47,63,16.5,342,416,213,62,67,74,541,70,86,66,false
2023-03-27 23:21:55,2023-03-28 23:38:25,UTC-06:00,2023-03-27 23:21:55,2023-03-28 06:18:26,69,17.3,337,416,236,49,52,79,489,2,85,75,false
2023-03-26 22:17:21,2023-03-27 23:21:55,UTC-06:00,2023-03-26 22:17:21,2023-03-27 08:03:45,99,17.6,475,586,313,75,87,111,482,23,83,73,false
2023-03-26 00:01:55,2023-03-26 22:17:21,UTC-06:00,2023-03-26 00:01:55,2023-03-26 09:42:10,92,17.3,477,580,324,53,100,103,520,11,89,84,false
2023-03-24 23:15:09,2023-03-26 00:01:55,UTC-06:00,2023-03-24 23:15:09,2023-03-25 09:04:33,96,17.7,515,589,293,88,134,74,536,77,89,76,false
2023-03-24 01:00:34,2023-03-24 23:15:09,UTC-06:00,2023-03-24 01:00:34,2023-03-24 09:29:59,66,17.3,360,509,205,60,95,149,546,70,78,81,false
2023-03-23 00:51:40,2023-03-24 01:00:34,UTC-06:00,2023-03-23 00:51:40,2023-03-23 09:12:47,76,16.6,424,501,264,81,79,77,560,82,89,78,false
2023-03-21 23:54:36,2023-03-23 00:51:40,UTC-06:00,2023-03-21 23:54:36,2023-03-22 08:05:19,72,16.4,391,490,212,81,98,99,541,61,83,84,false
2023-03-21 00:14:30,2023-03-21 23:54:36,UTC-06:00,2023-03-21 00:14:30,2023-03-21 08:18:59,79,16.7,384,484,261,50,73,100,486,26,83,77,false
2023-03-19 23:09:25,2023-03-21 00:14:30,UTC-06:00,2023-03-19 23:09:25,2023-03-20 09:05:42,91,17.2,520,596,299,90,131,76,572,113,89,67,false
2023-03-19 01:22:13,2023-03-19 23:09:25,UTC-06:00,2023-03-19 01:22:13,2023-03-19 07:44:44,50,17.3,298,382,208,35,55,84,600,109,81,76,false
2023-03-18 00:36:11,2023-03-19 01:22:13,UTC-06:00,2023-03-18 00:36:11,2023-03-18 07:33:03,52,16.9,273,416,165,31,77,143,527,52,71,81,false
2023-03-16 23:41:07,2023-03-18 00:36:11,UTC-06:00,2023-03-16 23:41:07,2023-03-17 08:31:29,82,16.8,475,530,250,94,131,55,578,116,92,74,false
2023-03-16 00:00:25,2023-03-16 23:41:07,UTC-06:00,2023-03-16 00:00:25,2023-03-16 06:05:58,49,16.9,284,365,185,33,66,81,582,82,85,74,false
2023-03-15 00:40:11,2023-03-16 00:00:25,UTC-06:00,2023-03-15 00:40:11,2023-03-15 08:36:16,72,16.3,390,476,185,82,123,86,540,76,85,65,false
2023-03-14 00:12:12,2023-03-15 00:40:11,UTC-06:00,2023-03-14 00:12:12,2023-03-14 07:45:16,74,16.8,360,453,208,51,101,93,488,29,83,59,false
2023-03-12 22:23:21,2023-03-14 00:12:12,UTC-06:00,2023-03-12 22:23:21,2023-03-13 08:36:46,90,17.2,507,613,327,54,126,106,564,105,85,31,false
2023-03-12 03:12:43,2023-03-12 22:23:21,UTC-06:00,2023-03-12 03:12:43,2023-03-12 12:37:01,64,19.5,405,561,227,104,74,156,630,100,72,31,false
2023-03-10 23:52:50,2023-03-12 03:12:43,UTC-06:00,2023-03-10 23:52:50,2023-03-11 07:00:37,56,17.2,306,427,192,36,78,121,546,84,78,81,false
2023-03-10 00:41:04,2023-03-10 23:52:50,UTC-06:00,2023-03-10 00:41:04,2023-03-10 08:32:37,71,16.4,398,471,238,64,96,73,562,88,85,86,false
2023-03-09 00:55:10,2023-03-10 00:41:04,UTC-06:00,2023-03-09 00:55:10,2023-03-09 08:18:21,61,16.8,347,443,250,41,56,96,570,93,81,82,false
2023-03-08 00:53:32,2023-03-09 00:55:10,UTC-06:00,2023-03-08 00:53:32,2023-03-08 07:21:25,59,16.5,342,388,197,58,87,46,580,102,88,84,false
2023-03-07 00:03:24,2023-03-08 00:53:32,UTC-06:00,2023-03-07 00:03:24,2023-03-07 07:26:57,65,16.8,351,443,229,49,73,92,539,70,82,86,false
2023-03-05 23:36:42,2023-03-07 00:03:24,UTC-06:00,2023-03-05 23:36:42,2023-03-06 07:51:52,76,17.7,415,495,243,62,110,80,549,84,89,80,false
2023-03-04 23:29:54,2023-03-05 23:36:42,UTC-06:00,2023-03-04 23:29:54,2023-03-05 07:30:52,71,17.6,401,480,198,70,133,79,568,104,86,72,false
2023-03-03 23:55:16,2023-03-04 23:29:54,UTC-06:00,2023-03-03 23:55:16,2023-03-04 06:54:09,54,17.1,336,418,177,74,85,82,625,141,83,65,false
2023-03-03 00:18:40,2023-03-03 23:55:16,UTC-06:00,2023-03-03 00:18:40,2023-03-03 06:12:04,38,16.9,221,353,165,18,38,132,578,102,75,73,false
2023-03-02 02:11:06,2023-03-03 00:18:40,UTC-06:00,2023-03-02 02:11:06,2023-03-02 09:14:12,55,16.5,316,423,208,44,64,107,576,102,78,71,false
2023-03-01 00:49:58,2023-03-02 02:11:06,UTC-06:00,2023-03-01 00:49:58,2023-03-01 08:27:25,55,16.1,306,457,185,43,78,151,557,84,71,80,false
2023-02-28 01:31:32,2023-03-01 00:49:58,UTC-06:00,2023-02-28 01:31:32,2023-02-28 07:54:08,63,16.9,321,382,143,75,103,61,508,46,83,72,false
2023-02-26 22:58:38,2023-02-28 01:31:32,UTC-06:00,2023-02-26 22:58:38,2023-02-27 07:58:22,84,17.7,456,539,197,102,157,83,540,82,87,63,false
2023-02-26 00:52:28,2023-02-26 22:58:38,UTC-06:00,2023-02-26 00:52:28,2023-02-26 09:43:07,72,17.8,407,530,192,100,115,123,562,84,76,70,false
2023-02-25 00:16:53,2023-02-26 00:52:28,UTC-06:00,2023-02-25 00:16:53,2023-02-25 08:02:38,63,16.6,354,465,211,59,84,111,558,88,79,83,false
2023-02-23 23:53:31,2023-02-25 00:16:53,UTC-06:00,2023-02-23 23:53:31,2023-02-24 07:10:17,61,16.8,339,436,264,25,50,97,556,84,79,76,false
2023-02-23 01:31:41,2023-02-23 23:53:31,UTC-06:00,2023-02-23 01:31:41,2023-02-23 08:26:58,63,16.6,378,415,238,48,92,37,598,116,91,61,false
2023-02-22 00:00:39,2023-02-23 01:31:41,UTC-06:00,2023-02-22 00:00:39,2023-02-22 07:15:43,49,16.2,268,435,142,51,75,167,551,79,66,64,false
2023-02-20 23:28:55,2023-02-22 00:00:39,UTC-06:00,2023-02-20 23:28:55,2023-02-21 07:22:43,73,17.1,366,473,237,42,87,107,505,32,86,61,false
2023-02-19 22:20:58,2023-02-20 23:28:55,UTC-06:00,2023-02-19 22:20:58,2023-02-20 08:13:13,89,17.2,485,592,329,54,102,107,542,82,86,36,false
2023-02-19 03:30:26,2023-02-19 22:20:58,UTC-06:00,2023-02-19 03:30:26,2023-02-19 11:41:17,64,18.3,370,490,205,70,95,120,578,79,76,29,false
2023-02-18 00:13:26,2023-02-19 03:30:26,UTC-06:00,2023-02-18 00:13:26,2023-02-18 08:14:12,65,16.9,375,480,228,77,70,105,578,104,81,77,false
2023-02-16 23:07:26,2023-02-18 00:13:26,UTC-06:00,2023-02-16 23:07:26,2023-02-17 05:54:38,54,16.6,300,407,182,65,53,107,560,76,76,87,false
2023-02-15 23:25:23,2023-02-16 23:07:26,UTC-06:00,2023-02-15 23:25:23,2023-02-16 08:11:05,74,16.8,400,525,206,97,97,125,542,73,79,87,false
2023-02-14 23:59:06,2023-02-15 23:25:23,UTC-06:00,2023-02-14 23:59:06,2023-02-15 08:02:36,75,17.5,424,483,226,89,109,59,567,100,91,84,false
2023-02-13 23:30:57,2023-02-14 23:59:06,UTC-06:00,2023-02-13 23:30:57,2023-02-14 06:27:56,56,16.9,304,416,214,38,52,112,545,73,77,89,false
2023-02-12 23:21:01,2023-02-13 23:30:57,UTC-06:00,2023-02-12 23:21:01,2023-02-13 08:16:52,75,17.9,423,535,291,42,90,112,564,82,80,84,false
2023-02-12 00:20:54,2023-02-12 23:21:01,UTC-06:00,2023-02-12 00:20:54,2023-02-12 08:06:42,64,16.6,373,465,254,44,75,92,579,82,84,86,false
2023-02-10 23:58:23,2023-02-12 00:20:54,UTC-06:00,2023-02-10 23:58:23,2023-02-11 08:39:37,72,16.6,411,521,271,73,67,110,574,95,82,83,false
2023-02-10 00:18:25,2023-02-10 23:58:23,UTC-06:00,2023-02-10 00:18:25,2023-02-10 07:32:27,58,16.5,331,434,203,60,68,103,569,91,79,79,false
2023-02-09 00:05:52,2023-02-10 00:18:25,UTC-06:00,2023-02-09 00:05:52,2023-02-09 07:32:12,60,16.6,337,446,216,74,47,109,565,84,80,71,false
2023-02-07 23:57:53,2023-02-09 00:05:52,UTC-06:00,2023-02-07 23:57:53,2023-02-08 07:51:19,71,16.8,378,471,229,45,104,93,531,49,82,61,false
2023-02-06 22:47:40,2023-02-07 23:57:53,UTC-06:00,2023-02-06 22:47:40,2023-02-07 07:46:56,83,16.9,397,539,263,46,88,142,480,0,78,60,false
2023-02-05 20:32:13,2023-02-06 22:47:40,UTC-06:00,2023-02-05 20:32:13,2023-02-06 09:24:28,100,17.3,692,772,289,180,223,80,441,111,91,34,false
2023-02-04 23:52:25,2023-02-05 20:32:13,UTC-06:00,2023-02-05 12:45:00,2023-02-05 15:10:00,23,17.9,128,145,64,25,39,17,570,111,93,,true
2023-02-04 23:52:25,2023-02-05 20:32:13,UTC-06:00,2023-02-04 23:52:25,2023-02-05 08:30:36,51,18.1,304,518,162,74,68,214,595,113,59,73,false
2023-02-04 00:20:00,2023-02-04 23:52:25,UTC-06:00,2023-02-04 00:20:00,2023-02-04 09:59:27,50,17.6,283,579,197,56,30,296,572,111,49,73,false
2023-02-03 00:16:13,2023-02-04 00:20:00,UTC-06:00,2023-02-03 00:16:13,2023-02-03 07:02:27,51,17.8,283,406,166,56,61,123,560,82,72,86,false
2023-02-02 00:13:19,2023-02-03 00:16:13,UTC-06:00,2023-02-02 00:13:19,2023-02-02 08:38:08,72,17.8,412,504,185,93,134,92,574,109,86,82,false
2023-02-01 00:15:28,2023-02-02 00:13:19,UTC-06:00,2023-02-01 00:15:28,2023-02-01 07:58:51,52,18.0,293,463,189,62,42,170,559,88,63,80,false
2023-01-31 00:46:35,2023-02-01 00:15:28,UTC-06:00,2023-01-31 00:46:35,2023-01-31 07:34:35,61,17.1,347,407,206,54,87,60,564,88,92,74,false
2023-01-29 23:29:01,2023-01-31 00:46:35,UTC-06:00,2023-01-29 23:29:01,2023-01-30 07:08:47,61,17.2,344,459,190,46,108,115,568,99,79,65,false
2023-01-29 01:27:03,2023-01-29 23:29:01,UTC-06:00,2023-01-29 01:27:03,2023-01-29 09:29:45,66,17.5,379,482,231,64,84,103,570,58,82,62,false
2023-01-27 23:19:13,2023-01-29 01:27:03,UTC-06:00,2023-01-27 23:19:13,2023-01-28 08:17:11,80,17.3,463,537,236,69,158,74,576,113,89,68,false
2023-01-27 00:43:17,2023-01-27 23:19:13,UTC-06:00,2023-01-27 00:43:17,2023-01-27 07:02:06,50,17.2,295,378,188,38,69,83,586,116,81,76,false
2023-01-26 01:00:20,2023-01-27 00:43:17,UTC-06:00,2023-01-26 01:00:20,2023-01-26 06:50:33,49,16.7,286,350,148,59,79,64,588,113,88,57,false
2023-01-24 23:52:22,2023-01-26 01:00:20,UTC-06:00,2023-01-24 23:52:22,2023-01-25 05:16:22,50,17.3,270,322,172,47,51,52,535,67,83,66,false
2023-01-23 23:56:57,2023-01-24 23:52:22,UTC-06:00,2023-01-23 23:56:57,2023-01-24 07:54:46,77,17.5,398,477,241,63,94,79,515,49,86,54,false
2023-01-22 22:24:19,2023-01-23 23:56:57,UTC-06:00,2023-01-22 22:24:19,2023-01-23 07:47:10,83,17.9,522,562,267,88,167,40,629,170,95,42,false
2023-01-22 06:06:04,2023-01-22 22:24:19,UTC-06:00,2023-01-22 06:06:04,2023-01-22 09:55:09,25,19.2,153,229,89,32,32,76,616,99,70,39,false
2023-01-21 01:12:41,2023-01-22 06:06:04,UTC-06:00,2023-01-21 01:12:41,2023-01-21 10:00:30,66,17.1,369,527,178,80,111,158,560,95,74,70,false
2023-01-20 01:20:12,2023-01-21 01:12:41,UTC-06:00,2023-01-20 01:20:12,2023-01-20 07:59:05,58,17.1,346,398,233,50,63,52,591,120,90,82,false
2023-01-19 00:47:08,2023-01-20 01:20:12,UTC-06:00,2023-01-19 00:47:08,2023-01-19 07:36:37,59,16.5,343,409,219,44,80,66,587,117,88,82,false
2023-01-18 00:34:21,2023-01-19 00:47:08,UTC-06:00,2023-01-18 00:34:21,2023-01-18 07:54:27,60,16.5,339,440,179,66,94,101,570,104,79,76,false
2023-01-17 00:39:12,2023-01-18 00:34:21,UTC-06:00,2023-01-17 00:39:12,2023-01-17 06:30:57,54,16.9,309,351,160,61,88,42,578,104,93,68,false
2023-01-15 23:23:02,2023-01-17 00:39:12,UTC-06:00,2023-01-15 23:23:02,2023-01-16 06:35:43,54,17.2,310,432,220,44,46,122,571,111,77,72,false
2023-01-15 00:42:42,2023-01-15 23:23:02,UTC-06:00,2023-01-15 00:42:42,2023-01-15 08:51:43,62,17.6,381,489,189,63,129,108,611,105,81,79,false
2023-01-14 01:30:19,2023-01-15 00:42:42,UTC-06:00,2023-01-14 01:30:19,2023-01-14 09:25:32,64,16.7,370,475,227,76,67,105,578,102,82,69,false
2023-01-13 00:41:31,2023-01-14 01:30:19,UTC-06:00,2023-01-13 00:41:31,2023-01-13 08:12:17,65,16.4,385,450,187,95,103,65,589,111,89,82,false
2023-01-11 23:56:26,2023-01-13 00:41:31,UTC-06:00,2023-01-11 23:56:26,2023-01-12 06:54:38,51,16.8,306,418,178,46,82,112,600,116,76,77,false
2023-01-11 00:40:02,2023-01-11 23:56:26,UTC-06:00,2023-01-11 00:40:02,2023-01-11 07:15:53,49,16.8,274,395,145,55,74,121,565,85,72,86,false
2023-01-10 00:30:05,2023-01-11 00:40:02,UTC-06:00,2023-01-10 00:30:05,2023-01-10 09:01:56,71,16.9,414,511,170,89,155,97,586,120,80,86,false
2023-01-09 00:24:02,2023-01-10 00:30:05,UTC-06:00,2023-01-09 00:24:02,2023-01-09 08:08:00,59,16.8,342,463,209,43,90,121,579,117,76,83,false
2023-01-08 01:01:36,2023-01-09 00:24:02,UTC-06:00,2023-01-08 01:01:36,2023-01-08 08:44:57,60,16.7,376,463,198,66,112,87,623,116,82,80,false
2023-01-07 00:25:50,2023-01-08 01:01:36,UTC-06:00,2023-01-07 00:25:50,2023-01-07 07:17:43,49,16.8,286,411,170,39,77,125,583,107,73,79,false
2023-01-06 01:34:27,2023-01-07 00:25:50,UTC-06:00,2023-01-06 01:34:27,2023-01-06 08:25:00,53,17.2,313,410,156,67,90,97,588,104,80,68,false
2023-01-05 00:45:55,2023-01-06 01:34:27,UTC-06:00,2023-01-05 00:45:55,2023-01-05 07:37:42,54,16.7,332,411,179,57,96,79,611,123,84,71,false
2023-01-04 00:19:14,2023-01-05 00:45:55,UTC-06:00,2023-01-04 00:19:14,2023-01-04 06:30:28,46,17.0,279,371,169,55,55,92,610,111,77,66,false
2023-01-03 00:11:20,2023-01-04 00:19:14,UTC-06:00,2023-01-03 00:11:20,2023-01-03 06:45:42,51,17.1,279,394,146,38,95,115,553,68,74,53,false
2023-01-01 23:13:18,2023-01-03 00:11:20,UTC-06:00,2023-01-01 23:13:18,2023-01-02 06:43:27,70,17.8,379,450,273,62,44,71,545,79,86,56,false
2023-01-01 02:57:55,2023-01-01 23:13:18,UTC-06:00,2023-01-01 02:57:55,2023-01-01 10:25:32,65,18.8,355,447,249,38,68,92,547,64,81,51,false
2022-12-31 02:05:53,2023-01-01 02:57:55,UTC-06:00,2022-12-31 02:05:53,2022-12-31 10:01:50,78,17.8,375,475,164,83,128,100,484,70,85,51,false
2022-12-30 00:12:35,2022-12-31 02:05:53,UTC-06:00,2022-12-30 23:10:00,2022-12-31 00:31:00,13,16.4,71,81,57,0,14,10,555,70,88,,true
2022-12-30 00:12:35,2022-12-31 02:05:53,UTC-06:00,2022-12-30 00:12:35,2022-12-30 07:48:53,69,16.5,375,456,192,53,130,81,548,61,85,72,false
2022-12-28 22:55:35,2022-12-30 00:12:35,UTC-06:00,2022-12-28 22:55:35,2022-12-29 07:15:35,73,16.7,400,500,175,77,148,100,548,70,83,76,false
2022-12-27 23:22:02,2022-12-28 22:55:35,UTC-06:00,2022-12-27 23:22:02,2022-12-28 07:02:59,76,15.8,371,460,248,55,68,89,486,26,81,64,false
2022-12-26 22:51:21,2022-12-27 23:22:02,UTC-06:00,2022-12-26 22:51:21,2022-12-27 07:01:15,91,16.2,434,489,204,104,126,55,478,72,92,56,false
2022-12-25 22:59:15,2022-12-26 22:51:21,UTC-06:00,2022-12-26 08:45:00,2022-12-26 09:45:00,10,16.9,54,60,36,7,11,6,532,72,96,,true
2022-12-25 22:59:15,2022-12-26 22:51:21,UTC-06:00,2022-12-25 22:59:15,2022-12-26 05:50:38,68,16.8,357,411,209,66,82,54,527,68,90,62,false
2022-12-25 02:15:14,2022-12-25 22:59:15,UTC-06:00,2022-12-25 02:15:14,2022-12-25 10:18:13,70,17.1,373,482,247,47,79,109,535,72,78,62,false
2022-12-24 00:12:34,2022-12-25 02:15:14,UTC-06:00,2022-12-24 00:12:34,2022-12-24 08:26:37,68,16.5,370,494,267,31,72,124,546,58,79,69,false
2022-12-23 00:04:24,2022-12-24 00:12:34,UTC-06:00,2022-12-23 00:04:24,2022-12-23 09:53:06,80,16.6,449,588,323,40,86,139,562,85,80,57,false
2022-12-22 01:04:16,2022-12-23 00:04:24,UTC-06:00,2022-12-22 01:04:16,2022-12-22 08:17:23,71,16.9,339,433,217,54,68,94,479,0,82,54,false
2022-12-21 01:53:56,2022-12-22 01:04:16,UTC-06:00,2022-12-21 01:53:56,2022-12-21 08:56:42,100,16.7,344,422,199,59,86,78,277,91,84,43,false
2022-12-19 22:30:57,2022-12-21 01:53:56,UTC-06:00,2022-12-20 21:00:00,2022-12-21 00:00:00,31,15.6,124,180,69,16,39,56,401,91,68,,true
2022-12-19 22:30:57,2022-12-21 01:53:56,UTC-06:00,2022-12-20 05:15:00,2022-12-20 08:15:00,27,16.2,150,180,100,20,30,30,551,91,83,,true
2022-12-19 22:30:57,2022-12-21 01:53:56,UTC-06:00,2022-12-19 22:30:57,2022-12-20 04:46:20,60,16.9,300,375,245,12,43,75,500,38,86,70,false
2022-12-18 22:40:43,2022-12-19 22:30:57,UTC-06:00,2022-12-18 22:40:43,2022-12-19 08:15:18,87,16.6,482,574,314,72,96,92,553,95,84,69,false
2022-12-18 01:42:42,2022-12-18 22:40:43,UTC-06:00,2022-12-18 01:42:42,2022-12-18 09:05:34,58,16.8,351,442,248,37,66,91,610,102,81,70,false
2022-12-17 00:15:58,2022-12-18 01:42:42,UTC-06:00,2022-12-17 00:15:58,2022-12-17 09:21:53,65,16.7,361,545,200,77,84,184,557,67,70,76,false
2022-12-16 00:18:55,2022-12-17 00:15:58,UTC-06:00,2022-12-16 00:18:55,2022-12-16 09:35:32,77,17.1,450,556,238,94,118,106,586,102,82,66,false
2022-12-14 23:44:26,2022-12-16 00:18:55,UTC-06:00,2022-12-14 23:44:26,2022-12-15 06:47:52,55,15.9,322,423,185,47,90,101,585,111,78,77,false
2022-12-13 23:19:20,2022-12-14 23:44:26,UTC-06:00,2022-12-13 23:19:20,2022-12-14 06:37:02,51,16.3,290,437,150,42,98,147,568,90,69,88,false
2022-12-13 00:20:15,2022-12-13 23:19:20,UTC-06:00,2022-12-13 00:20:15,2022-12-13 08:08:44,69,16.9,384,468,221,52,111,84,558,77,86,86,false
2022-12-11 23:10:41,2022-12-13 00:20:15,UTC-06:00,2022-12-11 23:10:41,2022-12-12 08:10:15,66,16.2,379,539,208,60,111,160,573,114,71,84,false
2022-12-10 23:55:05,2022-12-11 23:10:41,UTC-06:00,2022-12-10 23:55:05,2022-12-11 07:58:10,50,16.5,304,483,184,38,82,179,606,91,66,83,false
2022-12-10 00:52:35,2022-12-10 23:55:05,UTC-06:00,2022-12-10 00:52:35,2022-12-10 08:50:45,60,16.8,334,478,199,52,83,144,556,73,78,75,false
2022-12-08 23:23:12,2022-12-10 00:52:35,UTC-06:00,2022-12-08 23:23:12,2022-12-09 08:19:40,75,16.3,413,536,246,89,78,123,549,66,82,82,false
2022-12-07 23:11:20,2022-12-08 23:23:12,UTC-06:00,2022-12-07 23:11:20,2022-12-08 08:40:40,71,16.7,418,569,224,61,133,151,589,107,75,76,false
2022-12-07 00:16:14,2022-12-07 23:11:20,UTC-06:00,2022-12-07 00:16:14,2022-12-07 06:51:39,53,16.3,275,395,177,43,55,120,517,35,73,73,false
2022-12-05 23:12:26,2022-12-07 00:16:14,UTC-06:00,2022-12-05 23:12:26,2022-12-06 07:54:45,88,16.5,407,522,220,75,112,115,463,0,80,76,false
2022-12-04 21:30:30,2022-12-05 23:12:26,UTC-06:00,2022-12-04 21:30:30,2022-12-05 08:02:09,100,16.3,518,631,277,101,140,113,499,41,85,60,false
2022-12-03 22:33:48,2022-12-04 21:30:30,UTC-06:00,2022-12-03 22:33:48,2022-12-04 09:24:07,86,16.8,516,650,247,107,162,134,599,88,82,61,false
2022-12-02 23:51:39,2022-12-03 22:33:48,UTC-06:00,2022-12-02 23:51:39,2022-12-03 07:19:20,61,16.2,341,447,175,53,113,106,561,100,87,76,false
2022-12-01 23:56:55,2022-12-02 23:51:39,UTC-06:00,2022-12-01 23:56:55,2022-12-02 06:36:58,56,16.2,311,400,145,55,111,89,554,79,85,83,false
2022-12-01 00:59:30,2022-12-01 23:56:55,UTC-06:00,2022-12-01 00:59:30,2022-12-01 08:45:44,65,16.2,366,466,226,42,98,100,566,98,82,86,false
2022-11-30 00:46:18,2022-12-01 00:59:30,UTC-06:00,2022-11-30 00:46:18,2022-11-30 08:07:48,57,15.8,310,441,206,27,77,131,544,79,72,88,false
2022-11-29 00:44:31,2022-11-30 00:46:18,UTC-06:00,2022-11-29 00:44:31,2022-11-29 08:33:42,65,16.5,333,469,172,52,109,136,511,49,76,84,false
2022-11-27 22:46:22,2022-11-29 00:44:31,UTC-06:00,2022-11-27 22:46:22,2022-11-28 08:10:58,83,17.4,463,564,243,90,130,101,562,93,84,77,false
2022-11-27 00:21:35,2022-11-27 22:46:22,UTC-06:00,2022-11-27 00:21:35,2022-11-27 08:15:50,59,17.8,327,474,231,51,45,147,559,75,69,89,false
2022-11-26 00:58:15,2022-11-27 00:21:35,UTC-06:00,2022-11-26 00:58:15,2022-11-26 08:33:33,67,16.8,364,455,245,61,58,91,539,76,84,82,false
2022-11-24 23:31:58,2022-11-26 00:58:15,UTC-06:00,2022-11-24 23:31:58,2022-11-25 08:35:43,74,16.2,423,543,262,62,99,120,570,93,80,77,false
2022-11-24 00:40:05,2022-11-24 23:31:58,UTC-06:00,2022-11-24 00:40:05,2022-11-24 08:49:09,68,16.8,384,489,220,64,100,105,568,98,83,72,false
2022-11-23 00:08:14,2022-11-24 00:40:05,UTC-06:00,2022-11-23 00:08:14,2022-11-23 07:17:01,57,16.4,314,428,203,44,67,114,556,93,79,64,false
2022-11-22 00:19:34,2022-11-23 00:08:14,UTC-06:00,2022-11-22 00:19:34,2022-11-22 07:16:26,59,16.7,315,416,171,54,90,101,534,73,80,73,false
2022-11-21 00:01:36,2022-11-22 00:19:34,UTC-06:00,2022-11-21 00:01:36,2022-11-21 09:51:56,75,16.9,440,590,220,77,143,150,586,127,77,67,false
2022-11-20 04:33:49,2022-11-21 00:01:36,UTC-06:00,2022-11-20 04:33:49,2022-11-20 10:02:22,44,18.6,252,328,131,44,77,76,577,72,78,39,false
2022-11-19 00:00:13,2022-11-20 04:33:49,UTC-06:00,2022-11-19 00:00:13,2022-11-19 08:36:22,68,16.2,356,516,227,48,81,160,524,55,77,91,false
2022-11-17 23:27:40,2022-11-19 00:00:13,UTC-06:00,2022-11-17 23:27:40,2022-11-18 08:31:17,81,15.8,421,543,256,77,88,122,520,49,81,92,false
2022-11-16 23:21:28,2022-11-17 23:27:40,UTC-06:00,2022-11-16 23:21:28,2022-11-17 08:45:28,83,16.1,446,564,230,83,133,118,540,70,84,89,false
2022-11-15 23:39:00,2022-11-16 23:21:28,UTC-06:00,2022-11-15 23:39:00,2022-11-16 08:09:37,76,16.6,412,510,246,68,98,98,539,67,85,90,false
2022-11-14 23:44:21,2022-11-15 23:39:00,UTC-06:00,2022-11-14 23:44:21,2022-11-15 08:26:18,77,16.8,413,521,251,64,98,108,540,76,82,86,false
2022-11-13 23:12:57,2022-11-14 23:44:21,UTC-06:00,2022-11-13 23:12:57,2022-11-14 08:04:39,74,17.0,386,531,250,32,104,145,522,61,75,86,false
2022-11-12 23:46:07,2022-11-13 23:12:57,UTC-06:00,2022-11-12 23:46:07,2022-11-13 09:16:56,79,16.7,464,570,246,65,153,106,584,102,84,89,false
2022-11-12 00:11:23,2022-11-12 23:46:07,UTC-06:00,2022-11-12 00:11:23,2022-11-12 08:47:58,65,16.1,355,516,230,58,67,161,543,79,75,81,false
2022-11-10 23:38:15,2022-11-12 00:11:23,UTC-06:00,2022-11-10 23:38:15,2022-11-11 09:24:21,73,15.8,404,586,259,72,73,182,551,85,74,77,false
2022-11-10 00:09:44,2022-11-10 23:38:15,UTC-06:00,2022-11-10 00:09:44,2022-11-10 08:54:06,71,15.8,409,524,208,72,129,115,577,104,82,67,false
2022-11-08 23:42:09,2022-11-10 00:09:44,UTC-06:00,2022-11-08 23:42:09,2022-11-09 06:46:01,54,16.1,305,423,130,60,115,118,562,93,75,57,false
2022-11-07 23:08:12,2022-11-08 23:42:09,UTC-06:00,2022-11-07 23:08:12,2022-11-08 06:41:33,68,16.3,342,453,198,29,115,111,501,38,82,62,false
2022-11-06 22:55:40,2022-11-07 23:08:12,UTC-06:00,2022-11-06 22:55:40,2022-11-07 09:08:44,87,17.3,538,613,274,74,190,75,616,157,88,50,false
2022-11-06 05:24:52,2022-11-06 22:55:40,UTC-06:00,2022-11-06 05:24:52,2022-11-06 09:08:51,31,19.7,191,223,72,49,70,32,607,104,86,45,false
2022-11-05 02:35:34,2022-11-06 05:24:52,UTC-06:00,2022-11-05 02:35:34,2022-11-05 08:27:53,54,17.6,298,352,159,67,72,54,554,86,84,63,false
2022-11-04 01:07:54,2022-11-05 02:35:34,UTC-06:00,2022-11-04 01:07:54,2022-11-04 08:11:41,62,16.1,335,423,156,59,120,88,542,68,82,70,false
2022-11-02 22:22:48,2022-11-04 01:07:54,UTC-06:00,2022-11-02 22:22:48,2022-11-03 06:38:06,70,16.3,379,495,265,49,65,116,541,70,82,74,false
2022-11-02 00:19:17,2022-11-02 22:22:48,UTC-06:00,2022-11-02 00:19:17,2022-11-02 07:55:44,69,16.3,376,456,240,45,91,80,545,79,87,84,false
2022-11-01 00:15:18,2022-11-02 00:19:17,UTC-06:00,2022-11-01 00:15:18,2022-11-01 08:01:17,65,16.7,347,465,183,70,94,118,533,70,77,78,false
2022-10-30 23:11:40,2022-11-01 00:15:18,UTC-06:00,2022-10-30 23:11:40,2022-10-31 07:50:54,76,17.1,406,519,247,69,90,113,533,75,80,69,false
2022-10-30 01:43:07,2022-10-30 23:11:40,UTC-06:00,2022-10-30 01:43:07,2022-10-30 09:27:58,67,17.4,378,464,263,51,64,86,565,70,84,55,false
2022-10-29 00:09:45,2022-10-30 02:43:07,UTC-05:00,2022-10-29 00:09:45,2022-10-29 09:19:49,69,16.3,364,550,209,65,90,186,526,59,71,77,false
2022-10-28 01:08:01,2022-10-29 00:09:45,UTC-05:00,2022-10-28 01:08:01,2022-10-28 08:49:11,74,16.9,384,461,194,74,116,77,520,58,87,69,false
2022-10-26 23:45:55,2022-10-28 01:08:01,UTC-05:00,2022-10-26 23:45:55,2022-10-27 08:08:23,80,16.7,396,502,265,40,91,106,497,5,84,85,false
2022-10-25 21:47:16,2022-10-26 23:45:55,UTC-05:00,2022-10-25 21:47:16,2022-10-26 07:56:54,98,16.5,511,609,236,108,167,98,521,46,85,76,false
2022-10-24 23:42:51,2022-10-25 21:47:16,UTC-05:00,2022-10-24 23:42:51,2022-10-25 08:16:11,84,16.5,437,513,261,57,119,76,521,55,87,84,false
2022-10-23 23:10:17,2022-10-24 23:42:51,UTC-05:00,2022-10-23 23:10:17,2022-10-24 08:19:15,81,17.5,445,548,226,69,150,103,550,90,83,73,false
2022-10-23 00:24:08,2022-10-23 23:10:17,UTC-05:00,2022-10-23 00:24:08,2022-10-23 08:26:31,69,18.5,390,482,158,122,110,92,564,67,82,67,false
2022-10-21 23:25:00,2022-10-23 00:24:08,UTC-05:00,2022-10-21 23:25:00,2022-10-22 08:15:16,77,17.2,455,530,227,65,163,75,591,132,90,54,false
2022-10-21 05:03:40,2022-10-21 23:25:00,UTC-05:00,2022-10-21 05:03:40,2022-10-21 09:27:33,42,18.1,228,253,139,43,46,25,544,72,92,32,false
2022-10-19 23:22:36,2022-10-21 05:03:40,UTC-05:00,2022-10-19 23:22:36,2022-10-20 06:51:21,68,16.1,370,448,186,51,133,78,542,79,85,69,false
2022-10-18 23:53:16,2022-10-19 23:22:36,UTC-05:00,2022-10-18 23:53:16,2022-10-19 07:19:26,65,15.9,347,446,182,57,108,99,538,77,82,63,false
2022-10-18 00:44:24,2022-10-18 23:53:16,UTC-05:00,2022-10-18 00:44:24,2022-10-18 07:45:44,66,16.6,337,421,204,55,78,84,514,55,86,54,false
2022-10-16 22:49:37,2022-10-18 00:44:24,UTC-05:00,2022-10-16 22:49:37,2022-10-17 08:05:31,81,16.7,445,555,252,77,116,110,551,93,84,35,false
2022-10-16 05:33:45,2022-10-16 22:49:37,UTC-05:00,2022-10-16 05:33:45,2022-10-16 11:58:45,59,17.9,346,382,157,66,123,36,590,90,90,19,false
2022-10-14 22:56:29,2022-10-16 05:33:45,UTC-05:00,2022-10-14 22:56:29,2022-10-15 07:36:35,69,16.4,378,520,264,61,53,142,552,90,80,86,false
2022-10-13 23:50:56,2022-10-14 22:56:29,UTC-05:00,2022-10-13 23:50:56,2022-10-14 07:55:43,69,16.3,382,484,235,58,89,102,555,87,81,89,false
2022-10-12 23:14:04,2022-10-13 23:50:56,UTC-05:00,2022-10-12 23:14:04,2022-10-13 08:12:35,70,16.2,389,538,227,63,99,149,553,87,74,80,false
2022-10-12 00:36:03,2022-10-12 23:14:04,UTC-05:00,2022-10-12 00:36:03,2022-10-12 08:19:33,70,16.8,367,463,226,52,89,96,527,61,84,75,false
2022-10-10 23:40:28,2022-10-12 00:36:03,UTC-05:00,2022-10-10 23:40:28,2022-10-11 07:47:08,79,16.3,410,486,236,60,114,76,521,58,89,72,false
2022-10-09 22:24:56,2022-10-10 23:40:28,UTC-05:00,2022-10-09 22:24:56,2022-10-10 08:15:47,80,17.2,469,590,235,78,156,121,586,127,82,56,false
2022-10-09 03:32:28,2022-10-09 22:24:56,UTC-05:00,2022-10-09 03:32:28,2022-10-09 09:08:16,44,18.1,248,335,66,68,114,87,568,96,74,52,false
2022-10-08 00:35:51,2022-10-09 03:32:28,UTC-05:00,2022-10-08 00:35:51,2022-10-08 07:56:03,67,17.1,361,440,210,41,110,79,543,84,83,85,false
2022-10-07 00:22:40,2022-10-08 00:35:51,UTC-05:00,2022-10-07 00:22:40,2022-10-07 08:04:25,63,16.5,341,461,185,64,92,120,541,76,77,80,false
2022-10-05 22:41:01,2022-10-07 00:22:40,UTC-05:00,2022-10-05 22:41:01,2022-10-06 08:15:34,74,16.4,422,574,277,58,87,152,567,95,78,80,false
2022-10-04 23:38:42,2022-10-05 22:41:01,UTC-05:00,2022-10-04 23:38:42,2022-10-05 07:26:41,58,16.6,321,467,215,40,66,146,555,79,71,80,false
2022-10-03 23:21:08,2022-10-04 23:38:42,UTC-05:00,2022-10-03 23:21:08,2022-10-04 08:15:38,73,16.3,406,534,285,43,78,128,553,85,83,73,false
2022-10-02 22:54:24,2022-10-03 23:21:08,UTC-05:00,2022-10-02 22:54:24,2022-10-03 08:01:09,71,17.1,394,546,224,63,107,152,557,98,74,65,false
2022-10-02 01:51:20,2022-10-02 22:54:24,UTC-05:00,2022-10-02 01:51:20,2022-10-02 09:39:05,57,17.4,343,467,194,57,92,124,603,96,79,66,false
2022-10-01 00:36:31,2022-10-02 01:51:20,UTC-05:00,2022-10-01 00:36:31,2022-10-01 09:16:49,67,15.6,373,520,185,80,108,147,553,82,79,62,false
2022-09-29 23:58:42,2022-10-01 00:36:31,UTC-05:00,2022-09-29 23:58:42,2022-09-30 08:40:25,72,16.2,370,521,253,50,67,151,516,55,79,49,false
2022-09-29 01:08:56,2022-09-29 23:58:42,UTC-05:00,2022-09-29 01:08:56,2022-09-29 08:41:21,81,16.6,400,452,194,71,135,52,495,177,92,36,false
2022-09-28 04:16:15,2022-09-28 23:08:56,UTC-07:00,2022-09-28 18:52:14,2022-09-28 22:12:37,22,17.0,141,200,108,19,14,59,636,177,75,,true
2022-09-28 04:16:15,2022-09-28 23:08:56,UTC-07:00,2022-09-28 04:16:15,2022-09-28 06:39:58,22,18.6,131,144,90,7,34,13,605,123,91,51,false
2022-09-27 01:29:09,2022-09-28 04:16:15,UTC-07:00,2022-09-27 01:29:09,2022-09-27 07:43:19,46,15.8,232,374,137,41,54,142,509,47,66,68,false
2022-09-25 23:25:40,2022-09-27 01:29:09,UTC-07:00,2022-09-25 23:25:40,2022-09-26 06:47:44,79,16.9,397,442,253,31,113,45,505,36,92,,false
2022-09-24 23:17:11,2022-09-25 23:25:40,UTC-07:00,2022-09-24 23:17:11,2022-09-25 07:42:47,84,16.6,401,505,198,90,113,104,478,18,82,,false
2022-09-23 22:32:41,2022-09-24 23:17:11,UTC-07:00,2022-09-23 22:32:41,2022-09-24 07:07:16,92,16.6,453,514,265,99,89,61,494,0,89,,false
