Cycle start time,Cycle end time,Cycle timezone,Workout start time,Workout end time,Duration (min),Activity name,Activity Strain,Energy burned (cal),Max HR (bpm),Average HR (bpm),HR Zone 1 %,HR Zone 2 %,HR Zone 3 %,HR Zone 4 %,HR Zone 5 %,GPS enabled
2026-05-08 22:27:57,,UTC-05:00,2026-05-09 08:17:35,2026-05-09 08:49:56,32,Running,6.2,173.0,138,108,46,23,0,0,0,false
2026-05-08 22:27:57,,UTC-05:00,2026-05-09 07:34:01,2026-05-09 08:16:51,42,Weightlifting,9.1,58.0,109,74,0,0,0,0,0,false
2026-05-08 00:24:30,2026-05-08 22:27:57,UTC-05:00,2026-05-08 09:54:31,2026-05-08 10:26:53,32,Running,5.4,130.0,125,99,57,0,0,0,0,false
2026-05-08 00:24:30,2026-05-08 22:27:57,UTC-05:00,2026-05-08 09:05:12,2026-05-08 09:53:51,48,Weightlifting,9.8,66.0,103,74,0,0,0,0,0,false
2026-05-06 22:38:43,2026-05-08 00:24:30,UTC-05:00,2026-05-07 10:06:52,2026-05-07 10:43:16,36,Running,5.9,146.0,178,100,41,4,1,2,0,false
2026-05-06 22:38:43,2026-05-08 00:24:30,UTC-05:00,2026-05-07 08:55:31,2026-05-07 10:00:48,65,Weightlifting,11.0,98.0,116,78,4,0,0,0,0,false
2026-05-05 22:46:56,2026-05-06 21:38:43,UTC-06:00,2026-05-06 08:12:29,2026-05-06 08:53:27,40,Weightlifting,9.4,83.0,116,87,18,0,0,0,0,false
2026-05-04 22:38:21,2026-05-05 22:46:56,UTC-06:00,2026-05-05 19:33:00,2026-05-05 19:52:29,19,Activity,8.6,210.0,187,135,27,31,22,13,7,false
2026-05-04 22:38:21,2026-05-05 22:46:56,UTC-06:00,2026-05-05 07:54:22,2026-05-05 09:02:43,68,Weightlifting,11.1,99.0,118,78,3,0,0,0,0,false
2026-05-03 22:14:00,2026-05-04 22:38:21,UTC-06:00,2026-05-04 14:10:42,2026-05-04 15:25:10,74,Weightlifting,11.5,147.0,122,88,17,0,0,0,0,false
2026-05-02 22:38:22,2026-05-03 22:14:00,UTC-06:00,2026-05-03 07:55:30,2026-05-03 08:11:59,16,Activity,5.8,121.0,151,118,69,18,10,0,0,false
2026-05-01 22:33:31,2026-05-02 22:38:22,UTC-06:00,2026-05-02 08:42:00,2026-05-02 09:12:17,30,Activity,5.9,172.0,145,109,78,3,0,0,0,false
2026-04-30 23:17:05,2026-05-01 22:33:31,UTC-06:00,2026-05-01 08:20:36,2026-05-01 08:45:09,24,Running,8.8,260.0,151,134,19,67,8,0,0,false
2026-04-30 23:17:05,2026-05-01 22:33:31,UTC-06:00,2026-05-01 07:32:47,2026-05-01 08:20:25,47,Weightlifting,10.0,82.0,118,83,2,0,0,0,0,false
2026-04-29 22:33:33,2026-04-30 23:17:05,UTC-06:00,2026-04-30 07:08:05,2026-04-30 08:20:20,72,Weightlifting,11.1,108.0,114,79,0,0,0,0,0,false
2026-04-28 22:24:57,2026-04-29 22:33:33,UTC-06:00,2026-04-29 20:01:02,2026-04-29 20:32:43,31,Weightlifting,7.8,57.0,112,86,1,0,0,0,0,false
2026-04-28 22:24:57,2026-04-29 22:33:33,UTC-06:00,2026-04-29 19:52:29,2026-04-29 19:58:41,6,Running,3.1,9.0,101,85,0,0,0,0,0,false
2026-04-27 22:02:48,2026-04-28 22:24:57,UTC-06:00,2026-04-28 08:34:18,2026-04-28 09:18:12,43,Weightlifting,9.7,91.0,123,87,11,0,0,0,0,false
2026-04-26 22:20:08,2026-04-27 22:02:48,UTC-06:00,2026-04-27 09:18:00,2026-04-27 09:44:39,26,Running,8.5,258.0,149,131,29,64,0,0,0,false
2026-04-26 22:20:08,2026-04-27 22:02:48,UTC-06:00,2026-04-27 08:22:01,2026-04-27 09:14:24,52,Weightlifting,10.4,87.0,125,82,4,0,0,0,0,false
2026-04-25 22:42:19,2026-04-26 22:20:08,UTC-06:00,2026-04-26 13:47:40,2026-04-26 14:19:50,32,Running,6.2,189.0,134,111,77,0,0,0,0,false
2026-04-25 22:42:19,2026-04-26 22:20:08,UTC-06:00,2026-04-26 13:06:23,2026-04-26 13:46:09,39,Weightlifting,9.0,70.0,133,85,5,0,0,0,0,false
2026-04-25 01:16:43,2026-04-25 22:42:19,UTC-06:00,2026-04-25 12:31:43,2026-04-25 13:48:21,76,Weightlifting,11.3,138.0,134,82,8,0,0,0,0,false
2026-04-23 23:26:24,2026-04-25 01:16:43,UTC-06:00,2026-04-24 09:24:03,2026-04-24 09:50:12,26,Running,7.6,222.0,162,124,46,35,7,1,0,false
2026-04-23 23:26:24,2026-04-25 01:16:43,UTC-06:00,2026-04-24 08:34:51,2026-04-24 09:22:06,47,Weightlifting,10.1,95.0,128,89,4,0,0,0,0,false
2026-04-22 22:20:43,2026-04-23 23:26:24,UTC-06:00,2026-04-23 10:18:00,2026-04-23 10:32:59,14,Activity,5.7,125.0,157,123,66,31,3,0,0,false
2026-04-22 22:20:43,2026-04-23 23:26:24,UTC-06:00,2026-04-23 09:44:55,2026-04-23 09:48:58,4,Spin,4.1,15.0,129,100,37,0,0,0,0,false
2026-04-22 22:20:43,2026-04-23 23:26:24,UTC-06:00,2026-04-23 09:22:29,2026-04-23 09:41:29,19,Running,7.0,170.0,161,126,29,38,16,0,0,false
2026-04-22 22:20:43,2026-04-23 23:26:24,UTC-06:00,2026-04-23 08:29:07,2026-04-23 09:21:32,52,Weightlifting,10.7,109.0,129,87,12,0,0,0,0,false
2026-04-21 22:45:31,2026-04-22 22:20:43,UTC-06:00,2026-04-22 09:15:49,2026-04-22 09:37:15,21,Spin,4.9,88.0,130,104,60,0,0,0,0,false
2026-04-21 22:45:31,2026-04-22 22:20:43,UTC-06:00,2026-04-22 08:28:45,2026-04-22 09:15:43,46,Weightlifting,9.8,77.0,130,85,6,0,0,0,0,false
2026-04-20 22:37:44,2026-04-21 22:45:31,UTC-06:00,2026-04-21 09:23:00,2026-04-21 09:45:44,22,Spin,5.1,100.0,139,106,62,2,0,0,0,false
2026-04-20 22:37:44,2026-04-21 22:45:31,UTC-06:00,2026-04-21 08:31:00,2026-04-21 09:20:31,49,Weightlifting,9.9,69.0,117,79,0,0,0,0,0,false
2026-04-19 21:55:41,2026-04-20 22:37:44,UTC-06:00,2026-04-20 09:20:34,2026-04-20 09:47:28,26,Spin,4.5,67.0,131,94,29,0,0,0,0,false
2026-04-19 21:55:41,2026-04-20 22:37:44,UTC-06:00,2026-04-20 08:28:36,2026-04-20 09:16:56,48,Weightlifting,9.7,65.0,111,72,0,0,0,0,0,false
2026-04-16 22:30:23,2026-04-18 00:53:17,UTC-06:00,2026-04-17 09:15:27,2026-04-17 09:37:06,21,Running,5.8,138.0,150,117,66,19,0,0,0,false
2026-04-16 22:30:23,2026-04-18 00:53:17,UTC-06:00,2026-04-17 08:20:25,2026-04-17 09:14:45,54,Weightlifting,10.6,96.0,155,85,8,1,0,0,0,false
2026-04-15 22:45:56,2026-04-16 22:30:23,UTC-06:00,2026-04-16 08:07:27,2026-04-16 09:09:46,62,Weightlifting,11.1,101.0,139,81,7,0,0,0,0,false
2026-04-14 22:52:52,2026-04-15 22:45:56,UTC-06:00,2026-04-15 08:03:15,2026-04-15 08:46:32,43,Weightlifting,9.3,68.0,124,85,7,0,0,0,0,false
2026-04-13 23:04:38,2026-04-14 22:52:52,UTC-06:00,2026-04-14 19:21:00,2026-04-14 19:32:59,11,Activity,6.6,124.0,178,136,37,19,24,16,2,false
2026-04-13 23:04:38,2026-04-14 22:52:52,UTC-06:00,2026-04-14 09:24:10,2026-04-14 09:43:43,19,Running,5.4,105.0,147,113,52,15,0,0,0,false
2026-04-13 23:04:38,2026-04-14 22:52:52,UTC-06:00,2026-04-14 08:26:07,2026-04-14 09:21:45,55,Weightlifting,10.6,80.0,128,83,4,0,0,0,0,false
2026-04-12 23:18:07,2026-04-13 23:04:38,UTC-06:00,2026-04-13 09:19:08,2026-04-13 09:31:11,12,Running,0.0,16.0,101,89,0,0,0,0,0,false
2026-04-12 23:18:07,2026-04-13 23:04:38,UTC-06:00,2026-04-13 08:26:47,2026-04-13 09:17:36,50,Weightlifting,10.0,69.0,112,75,0,0,0,0,0,false
2026-04-11 23:21:01,2026-04-12 23:18:07,UTC-06:00,2026-04-12 11:25:30,2026-04-12 11:47:59,22,Activity,5.4,101.0,162,104,22,10,10,0,0,false
2026-04-11 01:00:18,2026-04-11 23:21:01,UTC-06:00,2026-04-11 10:16:46,2026-04-11 12:15:40,118,Soccer,14.2,692.0,176,111,10,3,13,14,0,false
2026-04-11 01:00:18,2026-04-11 23:21:01,UTC-06:00,2026-04-11 09:32:48,2026-04-11 09:57:14,24,Weightlifting,6.3,46.0,133,85,14,0,0,0,0,false
2026-04-10 00:13:32,2026-04-11 01:00:18,UTC-06:00,2026-04-10 08:25:36,2026-04-10 09:12:12,46,Weightlifting,9.6,64.0,113,81,1,0,0,0,0,false
2026-04-09 00:20:11,2026-04-10 00:13:32,UTC-06:00,2026-04-09 17:16:36,2026-04-09 17:47:17,30,Running,7.4,228.0,152,123,57,28,4,0,0,false
2026-04-09 00:20:11,2026-04-10 00:13:32,UTC-06:00,2026-04-09 16:15:11,2026-04-09 17:14:11,59,Weightlifting,10.9,86.0,127,85,4,0,0,0,0,false
2026-04-07 23:59:18,2026-04-09 00:20:11,UTC-06:00,2026-04-08 09:18:02,2026-04-08 09:46:41,28,Running,9.8,319.0,165,140,10,41,47,1,0,false
2026-04-07 23:59:18,2026-04-09 00:20:11,UTC-06:00,2026-04-08 08:27:57,2026-04-08 09:14:15,46,Weightlifting,9.5,64.0,108,79,0,0,0,0,0,false
2026-04-06 23:45:59,2026-04-07 23:59:18,UTC-06:00,2026-04-07 09:09:29,2026-04-07 09:40:40,31,Running,8.4,272.0,156,128,32,42,12,0,0,false
2026-04-06 23:45:59,2026-04-07 23:59:18,UTC-06:00,2026-04-07 08:21:23,2026-04-07 09:08:57,47,Weightlifting,9.7,66.0,113,84,1,0,0,0,0,false
2026-04-06 00:00:37,2026-04-06 23:45:59,UTC-06:00,2026-04-06 09:37:46,2026-04-06 10:06:25,28,Running,6.9,218.0,154,123,73,16,0,0,0,false
2026-04-06 00:00:37,2026-04-06 23:45:59,UTC-06:00,2026-04-06 08:49:08,2026-04-06 09:37:38,48,Weightlifting,9.9,71.0,122,87,4,0,0,0,0,false
2026-04-05 00:20:25,2026-04-06 00:00:37,UTC-06:00,2026-04-05 09:54:00,2026-04-05 10:19:29,25,Activity,6.8,172.0,163,118,28,22,18,0,0,false
2026-04-04 00:54:51,2026-04-05 00:20:25,UTC-06:00,2026-04-04 13:00:58,2026-04-04 14:29:58,89,Weightlifting,11.1,131.0,124,84,5,0,0,0,0,false
2026-04-02 23:41:21,2026-04-04 00:54:51,UTC-06:00,2026-04-03 08:34:45,2026-04-03 09:01:42,26,Swimming,5.8,146.0,158,113,57,17,5,0,0,false
2026-04-02 23:41:21,2026-04-04 00:54:51,UTC-06:00,2026-04-03 07:34:07,2026-04-03 08:24:33,50,Weightlifting,10.0,69.0,114,74,1,0,0,0,0,false
2026-04-01 23:37:51,2026-04-02 23:41:21,UTC-06:00,2026-04-02 08:40:39,2026-04-02 09:12:39,32,Running,6.6,198.0,154,115,56,20,1,0,0,false
2026-04-01 23:37:51,2026-04-02 23:41:21,UTC-06:00,2026-04-02 07:59:37,2026-04-02 08:39:40,40,Weightlifting,8.9,65.0,130,86,9,0,0,0,0,false
2026-03-31 23:07:55,2026-04-01 23:37:51,UTC-06:00,2026-04-01 08:26:15,2026-04-01 08:59:06,32,Running,7.6,253.0,146,122,54,32,0,0,0,false
2026-03-31 23:07:55,2026-04-01 23:37:51,UTC-06:00,2026-04-01 07:44:12,2026-04-01 08:25:31,41,Weightlifting,9.0,63.0,122,86,5,0,0,0,0,false
2026-03-30 23:31:58,2026-03-31 23:07:55,UTC-06:00,2026-03-31 09:15:51,2026-03-31 09:46:40,30,Running,7.3,233.0,141,122,51,34,0,0,0,false
2026-03-30 23:31:58,2026-03-31 23:07:55,UTC-06:00,2026-03-31 08:11:34,2026-03-31 09:15:08,63,Weightlifting,11.0,89.0,115,83,2,0,0,0,0,false
2026-03-29 23:50:55,2026-03-30 23:31:58,UTC-06:00,2026-03-30 19:13:30,2026-03-30 19:44:59,31,Activity,6.7,201.0,159,115,56,23,5,0,0,false
2026-03-29 23:50:55,2026-03-30 23:31:58,UTC-06:00,2026-03-30 10:13:30,2026-03-30 10:50:30,37,Running,5.2,117.0,143,100,37,1,0,0,0,false
2026-03-29 23:50:55,2026-03-30 23:31:58,UTC-06:00,2026-03-30 09:21:02,2026-03-30 10:13:11,52,Weightlifting,10.2,73.0,118,78,3,0,0,0,0,false
2026-03-27 23:44:54,2026-03-29 00:22:42,UTC-06:00,2026-03-28 12:30:28,2026-03-28 13:32:28,62,Soccer,13.4,539.0,181,127,24,7,16,24,0,false
2026-03-27 23:44:54,2026-03-29 00:22:42,UTC-06:00,2026-03-28 11:29:05,2026-03-28 12:04:17,35,Weightlifting,8.6,88.0,141,94,31,1,0,0,0,false
2026-03-26 23:10:17,2026-03-27 23:44:54,UTC-06:00,2026-03-27 16:22:30,2026-03-27 16:40:29,17,Activity,4.8,74.0,143,106,65,1,0,0,0,false
2026-03-26 23:10:17,2026-03-27 23:44:54,UTC-06:00,2026-03-27 08:16:32,2026-03-27 08:50:39,34,Running,8.4,284.0,148,126,35,52,2,0,0,false
2026-03-26 23:10:17,2026-03-27 23:44:54,UTC-06:00,2026-03-27 07:15:30,2026-03-27 08:15:22,59,Weightlifting,11.0,90.0,128,82,6,0,0,0,0,false
2026-03-25 23:08:46,2026-03-26 23:10:17,UTC-06:00,2026-03-26 09:22:06,2026-03-26 09:51:12,29,Running,7.9,252.0,157,128,30,60,1,0,0,false
2026-03-25 23:08:46,2026-03-26 23:10:17,UTC-06:00,2026-03-26 08:27:44,2026-03-26 09:20:45,53,Weightlifting,10.5,92.0,127,86,11,0,0,0,0,false
2026-03-24 23:06:04,2026-03-25 23:08:46,UTC-06:00,2026-03-25 09:11:35,2026-03-25 09:40:36,29,Running,7.7,243.0,147,126,29,61,0,0,0,false
2026-03-24 23:06:04,2026-03-25 23:08:46,UTC-06:00,2026-03-25 08:28:58,2026-03-25 09:09:10,40,Weightlifting,9.1,76.0,118,89,12,0,0,0,0,false
2026-03-24 23:06:04,2026-03-25 23:08:46,UTC-06:00,2026-03-25 06:49:30,2026-03-25 07:02:59,13,Activity,6.6,138.0,163,135,24,42,32,0,0,false
2026-03-23 22:54:00,2026-03-24 23:06:04,UTC-06:00,2026-03-24 09:15:30,2026-03-24 09:57:26,41,Running,8.4,315.0,154,122,48,36,4,0,0,false
2026-03-23 22:54:00,2026-03-24 23:06:04,UTC-06:00,2026-03-24 08:30:39,2026-03-24 09:15:23,44,Weightlifting,9.5,71.0,133,87,8,0,0,0,0,false
2026-03-22 22:21:59,2026-03-23 22:54:00,UTC-06:00,2026-03-23 09:29:50,2026-03-23 10:00:48,30,Running,7.8,257.0,157,126,55,38,4,0,0,false
2026-03-22 22:21:59,2026-03-23 22:54:00,UTC-06:00,2026-03-23 08:45:03,2026-03-23 09:29:41,44,Weightlifting,9.6,80.0,129,84,10,0,0,0,0,false
2026-03-20 23:02:07,2026-03-21 23:18:54,UTC-06:00,2026-03-21 07:56:59,2026-03-21 08:57:29,60,Soccer,12.6,525.0,177,127,40,14,20,13,0,false
2026-03-20 23:02:07,2026-03-21 23:18:54,UTC-06:00,2026-03-21 06:55:15,2026-03-21 07:32:13,36,Weightlifting,9.0,95.0,144,95,29,1,0,0,0,false
2026-03-19 22:53:09,2026-03-20 23:02:07,UTC-06:00,2026-03-20 14:07:48,2026-03-20 14:39:13,31,Running,6.9,200.0,177,116,44,18,5,2,0,false
2026-03-19 22:53:09,2026-03-20 23:02:07,UTC-06:00,2026-03-20 13:01:04,2026-03-20 14:07:25,66,Weightlifting,11.1,101.0,120,83,6,0,0,0,0,false
2026-03-19 22:53:09,2026-03-20 23:02:07,UTC-06:00,2026-03-20 06:48:00,2026-03-20 07:01:29,13,Activity,8.5,177.0,197,149,3,33,39,12,13,false
2026-03-18 22:47:43,2026-03-19 22:53:09,UTC-06:00,2026-03-19 09:23:35,2026-03-19 09:58:12,34,Running,8.1,281.0,157,125,51,35,5,0,0,false
2026-03-18 22:47:43,2026-03-19 22:53:09,UTC-06:00,2026-03-19 08:25:02,2026-03-19 09:21:21,56,Weightlifting,11.1,122.0,138,86,18,0,0,0,0,false
2026-03-17 22:44:47,2026-03-18 22:47:43,UTC-06:00,2026-03-18 14:39:06,2026-03-18 15:10:41,31,Running,7.2,226.0,154,120,60,23,5,0,0,false
2026-03-17 22:44:47,2026-03-18 22:47:43,UTC-06:00,2026-03-18 08:20:56,2026-03-18 09:03:29,42,Weightlifting,10.1,142.0,137,102,48,0,0,0,0,false
2026-03-16 22:55:45,2026-03-17 22:44:47,UTC-06:00,2026-03-17 09:31:55,2026-03-17 10:06:01,34,Running,6.2,186.0,163,111,69,3,1,0,0,false
2026-03-16 22:55:45,2026-03-17 22:44:47,UTC-06:00,2026-03-17 08:37:54,2026-03-17 09:28:49,50,Weightlifting,10.2,78.0,117,83,7,0,0,0,0,false
2026-03-16 00:34:16,2026-03-16 22:55:45,UTC-06:00,2026-03-16 14:16:03,2026-03-16 14:48:41,32,Running,6.6,208.0,153,116,71,10,0,0,0,false
2026-03-16 00:34:16,2026-03-16 22:55:45,UTC-06:00,2026-03-16 13:11:27,2026-03-16 14:15:31,64,Weightlifting,11.1,96.0,122,86,4,0,0,0,0,false
2026-03-14 23:43:06,2026-03-16 00:34:16,UTC-06:00,2026-03-15 13:17:44,2026-03-15 14:04:30,46,Running,7.7,294.0,153,116,68,13,0,0,0,false
2026-03-13 23:37:10,2026-03-14 23:43:06,UTC-06:00,2026-03-14 08:43:48,2026-03-14 09:44:36,60,Soccer,13.4,539.0,178,128,32,4,18,24,0,false
2026-03-13 23:37:10,2026-03-14 23:43:06,UTC-06:00,2026-03-14 07:58:20,2026-03-14 08:25:35,27,Weightlifting,7.0,52.0,124,92,15,0,0,0,0,false
2026-03-12 22:59:55,2026-03-13 23:37:10,UTC-06:00,2026-03-13 09:14:55,2026-03-13 09:46:57,32,Running,7.4,236.0,149,121,55,28,3,0,0,false
2026-03-12 22:59:55,2026-03-13 23:37:10,UTC-06:00,2026-03-13 08:19:49,2026-03-13 09:09:51,50,Weightlifting,10.1,80.0,128,87,6,0,0,0,0,false
2026-03-11 23:11:02,2026-03-12 22:59:55,UTC-06:00,2026-03-12 15:27:00,2026-03-12 16:06:38,39,Walking,4.3,76.0,136,89,12,0,0,0,0,false
2026-03-11 23:11:02,2026-03-12 22:59:55,UTC-06:00,2026-03-12 09:36:57,2026-03-12 10:01:52,24,Running,7.2,202.0,166,125,51,27,9,3,0,false
2026-03-11 23:11:02,2026-03-12 22:59:55,UTC-06:00,2026-03-12 08:40:48,2026-03-12 09:35:35,54,Weightlifting,10.5,80.0,122,82,3,0,0,0,0,false
2026-03-10 23:11:39,2026-03-11 23:11:02,UTC-06:00,2026-03-11 09:13:07,2026-03-11 09:40:09,27,Running,6.8,209.0,161,124,61,29,2,0,0,false
2026-03-10 23:11:39,2026-03-11 23:11:02,UTC-06:00,2026-03-11 08:13:58,2026-03-11 09:12:56,58,Weightlifting,10.9,91.0,133,85,6,0,0,0,0,false
2026-03-09 22:52:37,2026-03-10 23:11:39,UTC-06:00,2026-03-10 09:28:11,2026-03-10 09:59:08,30,Running,6.4,191.0,147,115,66,14,0,0,0,false
2026-03-09 22:52:37,2026-03-10 23:11:39,UTC-06:00,2026-03-10 08:41:38,2026-03-10 09:25:31,43,Weightlifting,9.3,67.0,134,84,4,0,0,0,0,false
2026-03-08 23:24:43,2026-03-09 22:52:37,UTC-06:00,2026-03-09 18:37:07,2026-03-09 19:07:51,30,Running,5.7,149.0,131,108,69,0,0,0,0,false
2026-03-08 23:24:43,2026-03-09 22:52:37,UTC-06:00,2026-03-09 17:19:10,2026-03-09 18:31:13,72,Weightlifting,10.9,98.0,111,77,0,0,0,0,0,false
2026-03-08 00:09:50,2026-03-08 23:24:43,UTC-06:00,2026-03-08 13:11:02,2026-03-08 13:54:37,43,Running,6.9,242.0,152,112,68,10,0,0,0,false
2026-03-06 23:24:18,2026-03-08 00:09:50,UTC-06:00,2026-03-07 21:03:01,2026-03-07 22:24:22,81,Weightlifting,10.9,115.0,120,74,1,0,0,0,0,false
2026-03-06 23:24:18,2026-03-08 00:09:50,UTC-06:00,2026-03-07 07:58:13,2026-03-07 08:39:21,41,Soccer,12.5,416.0,178,133,4,12,25,31,1,false
2026-03-05 23:29:55,2026-03-06 23:24:18,UTC-06:00,2026-03-06 20:28:27,2026-03-06 21:40:24,71,Weightlifting,10.9,98.0,106,79,0,0,0,0,0,false
2026-03-04 23:36:12,2026-03-05 23:29:55,UTC-06:00,2026-03-05 06:21:27,2026-03-05 07:33:16,71,Weightlifting,11.0,106.0,132,81,4,0,0,0,0,false
2026-03-03 23:37:07,2026-03-04 23:36:12,UTC-06:00,2026-03-04 09:25:58,2026-03-04 09:59:14,33,Stairmaster,5.8,165.0,145,109,73,3,0,0,0,false
2026-03-03 23:37:07,2026-03-04 23:36:12,UTC-06:00,2026-03-04 08:25:04,2026-03-04 09:24:34,59,Weightlifting,11.3,122.0,125,93,19,0,0,0,0,false
2026-03-02 23:13:08,2026-03-03 23:37:07,UTC-06:00,2026-03-03 17:55:30,2026-03-03 18:07:29,11,Activity,5.2,90.0,154,123,74,21,5,0,0,false
2026-03-02 23:13:08,2026-03-03 23:37:07,UTC-06:00,2026-03-03 16:52:12,2026-03-03 17:22:11,29,Running,6.0,161.0,153,111,56,10,0,0,0,false
2026-03-02 23:13:08,2026-03-03 23:37:07,UTC-06:00,2026-03-03 15:50:59,2026-03-03 16:49:13,58,Weightlifting,10.8,87.0,124,82,4,0,0,0,0,false
2026-03-02 23:13:08,2026-03-03 23:37:07,UTC-06:00,2026-03-03 06:46:30,2026-03-03 07:08:59,22,Activity,6.7,184.0,159,126,62,29,9,0,0,false
2026-03-01 23:21:04,2026-03-02 23:13:08,UTC-06:00,2026-03-02 09:20:23,2026-03-02 09:53:39,33,Running,6.0,156.0,173,108,40,11,0,1,0,false
2026-03-01 23:21:04,2026-03-02 23:13:08,UTC-06:00,2026-03-02 08:27:03,2026-03-02 09:19:48,52,Weightlifting,10.2,73.0,117,81,1,0,0,0,0,false
2026-02-28 23:37:28,2026-03-01 23:21:04,UTC-06:00,2026-03-01 14:05:34,2026-03-01 14:38:17,32,Running,4.9,95.0,140,100,37,0,0,0,0,false
2026-02-27 23:40:13,2026-02-28 23:37:28,UTC-06:00,2026-02-28 08:47:05,2026-02-28 09:47:45,60,Soccer,13.6,567.0,179,131,39,7,13,23,3,false
2026-02-27 23:40:13,2026-02-28 23:37:28,UTC-06:00,2026-02-28 07:05:10,2026-02-28 08:09:31,64,Weightlifting,11.0,96.0,117,78,5,0,0,0,0,false
2026-02-26 23:25:33,2026-02-27 23:40:13,UTC-06:00,2026-02-27 08:59:29,2026-02-27 09:25:14,25,Stairmaster,6.5,174.0,150,119,50,30,1,0,0,false
2026-02-26 23:25:33,2026-02-27 23:40:13,UTC-06:00,2026-02-27 08:07:11,2026-02-27 08:56:02,48,Weightlifting,10.2,90.0,129,93,15,0,0,0,0,false
2026-02-25 23:41:30,2026-02-26 23:25:33,UTC-06:00,2026-02-26 09:22:19,2026-02-26 09:54:11,31,Running,6.8,189.0,161,114,47,15,10,0,0,false
2026-02-25 23:41:30,2026-02-26 23:25:33,UTC-06:00,2026-02-26 08:11:35,2026-02-26 09:16:06,64,Weightlifting,11.3,128.0,129,92,19,0,0,0,0,false
2026-02-24 23:10:34,2026-02-25 23:41:30,UTC-06:00,2026-02-25 09:29:34,2026-02-25 09:54:07,24,Running,6.2,154.0,156,116,58,15,8,0,0,false
2026-02-24 23:10:34,2026-02-25 23:41:30,UTC-06:00,2026-02-25 08:31:44,2026-02-25 09:23:56,52,Weightlifting,10.8,128.0,130,95,30,0,0,0,0,false
2026-02-23 22:53:05,2026-02-24 23:10:34,UTC-06:00,2026-02-24 09:19:03,2026-02-24 09:50:43,31,Running,7.3,227.0,150,120,44,37,0,0,0,false
2026-02-23 22:53:05,2026-02-24 23:10:34,UTC-06:00,2026-02-24 08:23:18,2026-02-24 09:16:47,53,Weightlifting,10.4,80.0,128,85,5,0,0,0,0,false
2026-02-22 22:38:38,2026-02-23 22:53:05,UTC-06:00,2026-02-23 09:03:13,2026-02-23 09:31:12,27,Running,6.3,179.0,156,117,62,15,0,0,0,false
2026-02-22 22:38:38,2026-02-23 22:53:05,UTC-06:00,2026-02-23 08:19:36,2026-02-23 09:01:17,41,Weightlifting,9.1,64.0,128,83,7,0,0,0,0,false
2026-02-20 23:42:56,2026-02-22 00:27:52,UTC-06:00,2026-02-21 13:19:30,2026-02-21 14:23:59,64,Soccer,11.8,481.0,173,121,40,14,12,8,0,false
2026-02-20 23:42:56,2026-02-22 00:27:52,UTC-06:00,2026-02-21 12:06:35,2026-02-21 12:45:43,39,Weightlifting,8.8,64.0,127,88,7,0,0,0,0,false
2026-02-20 00:26:18,2026-02-20 23:42:56,UTC-06:00,2026-02-20 09:00:11,2026-02-20 09:32:26,32,Stairmaster,6.6,202.0,149,117,70,16,0,0,0,false
2026-02-20 00:26:18,2026-02-20 23:42:56,UTC-06:00,2026-02-20 08:14:20,2026-02-20 09:00:01,45,Weightlifting,9.6,73.0,127,85,8,0,0,0,0,false
2026-02-18 23:02:43,2026-02-20 00:26:18,UTC-06:00,2026-02-19 09:22:23,2026-02-19 09:48:55,26,Running,8.1,236.0,161,129,30,41,14,1,0,false
2026-02-18 23:02:43,2026-02-20 00:26:18,UTC-06:00,2026-02-19 08:15:54,2026-02-19 09:19:54,63,Weightlifting,12.5,134.0,146,89,11,2,0,0,0,false
2026-02-17 23:09:14,2026-02-18 23:02:43,UTC-06:00,2026-02-18 08:59:00,2026-02-18 09:21:16,22,Running,7.2,188.0,164,127,42,27,18,0,0,false
2026-02-17 23:09:14,2026-02-18 23:02:43,UTC-06:00,2026-02-18 08:17:36,2026-02-18 08:58:50,41,Weightlifting,9.7,120.0,137,98,35,0,0,0,0,false
2026-02-16 23:25:34,2026-02-17 23:09:14,UTC-06:00,2026-02-17 16:30:16,2026-02-17 17:04:59,34,Running,6.3,187.0,144,112,64,4,0,0,0,false
2026-02-16 23:25:34,2026-02-17 23:09:14,UTC-06:00,2026-02-17 15:32:21,2026-02-17 16:26:39,54,Weightlifting,10.5,85.0,134,85,5,0,0,0,0,false
2026-02-15 23:47:30,2026-02-16 23:25:34,UTC-06:00,2026-02-16 09:09:40,2026-02-16 09:31:58,22,Running,5.9,144.0,153,115,66,10,1,0,0,false
2026-02-15 23:47:30,2026-02-16 23:25:34,UTC-06:00,2026-02-16 08:11:14,2026-02-16 09:03:58,52,Weightlifting,10.2,74.0,114,79,2,0,0,0,0,false
2026-02-14 00:07:58,2026-02-15 00:07:17,UTC-06:00,2026-02-14 21:30:18,2026-02-14 22:32:35,62,Strength Trainer,5.0,86.0,112,79,0,0,0,0,0,false
2026-02-12 23:23:52,2026-02-14 00:07:58,UTC-06:00,2026-02-13 09:18:58,2026-02-13 09:39:06,20,Stairmaster,5.1,97.0,136,110,75,0,0,0,0,false
2026-02-12 23:23:52,2026-02-14 00:07:58,UTC-06:00,2026-02-13 08:29:03,2026-02-13 09:18:46,49,Strength Trainer,9.2,82.0,122,89,8,0,0,0,0,false
2026-02-11 23:29:15,2026-02-12 23:23:52,UTC-06:00,2026-02-12 15:13:30,2026-02-12 15:44:59,31,Running,5.3,119.0,143,104,42,7,0,0,0,false
2026-02-11 23:29:15,2026-02-12 23:23:52,UTC-06:00,2026-02-12 14:36:32,2026-02-12 15:12:00,35,Strength Trainer,4.1,50.0,114,80,2,0,0,0,0,false
2026-02-11 23:29:15,2026-02-12 23:23:52,UTC-06:00,2026-02-12 06:52:30,2026-02-12 07:04:29,11,Activity,7.4,138.0,197,142,24,22,29,14,11,false
2026-02-10 23:19:49,2026-02-11 23:29:15,UTC-06:00,2026-02-11 09:14:40,2026-02-11 09:45:27,30,Stairmaster,6.3,184.0,140,114,83,3,0,0,0,false
2026-02-10 23:19:49,2026-02-11 23:29:15,UTC-06:00,2026-02-11 08:25:45,2026-02-11 09:12:49,47,Weightlifting,11.2,203.0,144,107,58,6,0,0,0,false
2026-02-09 23:47:49,2026-02-10 23:19:49,UTC-06:00,2026-02-10 15:14:28,2026-02-10 15:43:52,29,Running,6.2,174.0,145,115,77,7,0,0,0,false
2026-02-09 23:47:49,2026-02-10 23:19:49,UTC-06:00,2026-02-10 14:30:59,2026-02-10 15:10:54,39,Strength Trainer,4.1,59.0,118,83,3,0,0,0,0,false
2026-02-08 23:10:14,2026-02-09 23:47:49,UTC-06:00,2026-02-09 18:11:28,2026-02-09 18:42:11,30,Running,5.7,139.0,157,108,47,10,1,0,0,false
2026-02-08 23:10:14,2026-02-09 23:47:49,UTC-06:00,2026-02-09 17:19:49,2026-02-09 18:10:55,51,Strength Trainer,10.0,70.0,111,79,1,0,0,0,0,false
2026-02-04 23:42:38,2026-02-06 00:06:45,UTC-06:00,2026-02-05 09:12:30,2026-02-05 09:46:49,34,Stairmaster,7.0,234.0,142,119,80,7,0,0,0,false
2026-02-04 23:42:38,2026-02-06 00:06:45,UTC-06:00,2026-02-05 08:16:14,2026-02-05 09:11:34,55,Strength Trainer,7.0,96.0,130,90,6,0,0,0,0,false
2026-02-03 23:33:19,2026-02-04 23:42:38,UTC-06:00,2026-02-04 09:12:08,2026-02-04 09:56:31,44,Stairmaster,6.5,222.0,145,109,67,0,0,0,0,false
2026-02-03 23:33:19,2026-02-04 23:42:38,UTC-06:00,2026-02-04 08:20:06,2026-02-04 09:08:35,48,Strength Trainer,12.0,139.0,142,99,29,0,0,0,0,false
2026-02-02 23:38:55,2026-02-03 23:33:19,UTC-06:00,2026-02-03 09:22:31,2026-02-03 09:57:15,34,Running,6.3,176.0,140,110,45,13,0,0,0,false
2026-02-02 23:38:55,2026-02-03 23:33:19,UTC-06:00,2026-02-03 08:27:42,2026-02-03 09:17:39,49,Strength Trainer,8.3,68.0,108,78,0,0,0,0,0,false
2026-02-02 00:39:59,2026-02-02 23:38:55,UTC-06:00,2026-02-02 12:59:37,2026-02-02 14:08:34,68,Strength Trainer,13.4,109.0,125,88,5,0,0,0,0,false
2026-01-31 00:11:59,2026-02-01 00:39:24,UTC-06:00,2026-01-31 11:11:05,2026-01-31 12:20:02,68,Strength Trainer,13.6,110.0,124,87,6,0,0,0,0,false
2026-01-29 23:44:51,2026-01-31 00:11:59,UTC-06:00,2026-01-30 08:48:43,2026-01-30 09:28:24,39,Strength Trainer,10.6,67.0,128,88,7,0,0,0,0,false
2026-01-28 23:48:03,2026-01-29 23:44:51,UTC-06:00,2026-01-29 15:17:36,2026-01-29 15:46:08,28,Stairmaster,5.6,143.0,136,110,81,0,0,0,0,false
2026-01-28 23:48:03,2026-01-29 23:44:51,UTC-06:00,2026-01-29 14:27:01,2026-01-29 15:16:38,49,Strength Trainer,4.1,72.0,129,89,4,0,0,0,0,false
2026-01-27 23:28:55,2026-01-28 23:48:03,UTC-06:00,2026-01-28 15:23:52,2026-01-28 15:45:52,22,Stairmaster,5.3,116.0,138,113,83,0,0,0,0,false
2026-01-27 23:28:55,2026-01-28 23:48:03,UTC-06:00,2026-01-28 14:27:43,2026-01-28 15:22:39,54,Strength Trainer,7.5,92.0,135,89,9,0,0,0,0,false
2026-01-26 23:23:09,2026-01-27 23:28:55,UTC-06:00,2026-01-27 09:07:17,2026-01-27 09:28:02,20,Stairmaster,6.5,168.0,147,127,48,43,0,0,0,false
2026-01-26 23:23:09,2026-01-27 23:28:55,UTC-06:00,2026-01-27 08:19:15,2026-01-27 09:07:11,47,Weightlifting,4.9,113.0,140,99,28,0,0,0,0,false
2026-01-25 23:20:07,2026-01-26 23:23:09,UTC-06:00,2026-01-26 14:56:55,2026-01-26 15:29:52,32,Stairmaster,5.4,131.0,133,106,59,0,0,0,0,false
2026-01-25 23:20:07,2026-01-26 23:23:09,UTC-06:00,2026-01-26 14:03:09,2026-01-26 14:53:17,50,Strength Trainer,7.3,69.0,120,80,1,0,0,0,0,false
2026-01-24 23:34:40,2026-01-25 23:20:07,UTC-06:00,2026-01-25 13:51:08,2026-01-25 15:03:41,72,Strength Trainer,5.6,111.0,138,90,7,0,0,0,0,false
2026-01-23 23:38:46,2026-01-24 23:34:40,UTC-06:00,2026-01-24 11:05:07,2026-01-24 12:03:02,57,Strength Trainer,4.1,85.0,133,86,13,0,0,0,0,false
2026-01-23 00:18:35,2026-01-23 23:38:46,UTC-06:00,2026-01-23 08:52:42,2026-01-23 09:07:52,15,Stairmaster,5.5,112.0,142,123,46,50,0,0,0,false
2026-01-23 00:18:35,2026-01-23 23:38:46,UTC-06:00,2026-01-23 08:08:17,2026-01-23 08:52:01,43,Weightlifting,5.4,144.0,146,103,57,5,0,0,0,false
2026-01-22 00:17:30,2026-01-23 00:18:35,UTC-06:00,2026-01-22 09:24:14,2026-01-22 09:52:32,28,Stairmaster,5.7,148.0,137,112,71,12,0,0,0,false
2026-01-22 00:17:30,2026-01-23 00:18:35,UTC-06:00,2026-01-22 08:25:01,2026-01-22 09:14:58,49,Strength Trainer,8.7,73.0,123,85,13,0,0,0,0,false
2026-01-20 23:59:52,2026-01-22 00:17:30,UTC-06:00,2026-01-21 15:33:01,2026-01-21 16:00:21,27,Stairmaster,5.8,149.0,136,114,78,14,0,0,0,false
2026-01-20 23:59:52,2026-01-22 00:17:30,UTC-06:00,2026-01-21 14:35:19,2026-01-21 15:27:11,51,Strength Trainer,9.8,79.0,123,88,19,0,0,0,0,false
2026-01-17 04:05:14,2026-01-18 04:54:47,UTC-05:00,2026-01-17 13:43:30,2026-01-17 13:59:59,16,Swimming,4.8,69.0,168,103,50,13,1,1,0,false
2026-01-14 00:30:09,2026-01-14 23:28:59,UTC-06:00,2026-01-14 16:31:21,2026-01-14 17:23:52,52,Strength Trainer,4.6,106.0,123,88,23,0,0,0,0,false
2026-01-12 23:43:17,2026-01-14 00:30:09,UTC-06:00,2026-01-13 15:10:27,2026-01-13 15:40:25,29,Running,5.4,125.0,145,102,50,7,0,0,0,false
2026-01-12 23:43:17,2026-01-14 00:30:09,UTC-06:00,2026-01-13 14:10:56,2026-01-13 15:05:25,54,Strength Trainer,10.8,88.0,127,82,7,0,0,0,0,false
2026-01-11 23:39:57,2026-01-12 23:43:17,UTC-06:00,2026-01-12 09:22:39,2026-01-12 09:48:15,25,Running,5.4,117.0,142,105,69,3,0,0,0,false
2026-01-11 23:39:57,2026-01-12 23:43:17,UTC-06:00,2026-01-12 08:35:14,2026-01-12 09:19:34,44,Strength Trainer,10.5,88.0,127,88,20,0,0,0,0,false
2026-01-09 23:57:50,2026-01-11 00:31:15,UTC-06:00,2026-01-10 13:16:30,2026-01-10 13:34:29,17,Activity,5.3,108.0,149,111,74,13,1,0,0,false
2026-01-09 23:57:50,2026-01-11 00:31:15,UTC-06:00,2026-01-10 09:45:48,2026-01-10 10:44:14,58,Soccer,15.7,676.0,181,138,31,6,11,25,20,false
2026-01-09 23:57:50,2026-01-11 00:31:15,UTC-06:00,2026-01-10 08:07:06,2026-01-10 08:49:23,42,Strength Trainer,4.5,73.0,126,80,11,0,0,0,0,false
2026-01-09 00:25:24,2026-01-09 23:57:50,UTC-06:00,2026-01-09 08:42:43,2026-01-09 09:29:30,46,Strength Trainer,10.2,83.0,119,81,12,0,0,0,0,false
2026-01-08 00:23:18,2026-01-09 00:25:24,UTC-06:00,2026-01-08 16:18:00,2026-01-08 16:32:59,14,Activity,5.1,86.0,145,110,71,15,0,0,0,false
2026-01-08 00:23:18,2026-01-09 00:25:24,UTC-06:00,2026-01-08 15:21:26,2026-01-08 15:52:21,30,Running,5.3,118.0,126,100,62,0,0,0,0,false
2026-01-08 00:23:18,2026-01-09 00:25:24,UTC-06:00,2026-01-08 14:26:05,2026-01-08 15:17:52,51,Strength Trainer,6.1,85.0,114,82,8,0,0,0,0,false
2026-01-07 00:43:08,2026-01-08 00:23:18,UTC-06:00,2026-01-07 15:21:14,2026-01-07 16:07:29,46,Running,5.9,177.0,150,98,54,1,0,0,0,false
2026-01-07 00:43:08,2026-01-08 00:23:18,UTC-06:00,2026-01-07 14:11:44,2026-01-07 14:53:40,41,Strength Trainer,4.6,66.0,114,80,6,0,0,0,0,false
2026-01-06 01:00:52,2026-01-07 00:43:08,UTC-06:00,2026-01-06 15:28:00,2026-01-06 16:07:42,39,Stairmaster,6.0,177.0,127,101,65,0,0,0,0,false
2026-01-06 01:00:52,2026-01-07 00:43:08,UTC-06:00,2026-01-06 14:17:25,2026-01-06 15:22:51,65,Strength Trainer,10.7,107.0,123,79,9,0,0,0,0,false
2026-01-04 23:57:06,2026-01-06 01:00:52,UTC-06:00,2026-01-05 15:21:48,2026-01-05 15:46:08,24,Stairmaster,5.3,116.0,128,103,71,0,0,0,0,false
2026-01-04 23:57:06,2026-01-06 01:00:52,UTC-06:00,2026-01-05 14:07:28,2026-01-05 15:15:43,68,Strength Trainer,8.8,107.0,128,77,5,0,0,0,0,false
2026-01-04 00:04:16,2026-01-04 23:57:06,UTC-06:00,2026-01-04 12:17:31,2026-01-04 13:34:52,77,Strength Trainer,5.0,154.0,134,84,18,0,0,0,0,false
2026-01-03 00:03:42,2026-01-04 00:04:16,UTC-06:00,2026-01-03 11:36:33,2026-01-03 12:39:42,63,Strength Trainer,13.8,96.0,123,79,8,0,0,0,0,false
2026-01-01 23:14:46,2026-01-03 00:03:42,UTC-06:00,2026-01-02 20:23:55,2026-01-02 21:42:54,78,Strength Trainer,9.0,110.0,125,81,2,0,0,0,0,false
2026-01-01 00:13:13,2026-01-01 23:14:46,UTC-06:00,2026-01-01 12:10:30,2026-01-01 12:59:59,49,Swimming,5.8,172.0,150,91,49,4,1,0,0,false
2025-12-29 22:45:36,2025-12-30 22:52:32,UTC-06:00,2025-12-30 17:25:30,2025-12-30 17:40:29,14,Activity,5.2,90.0,140,109,67,18,0,0,0,false
2025-12-29 01:21:51,2025-12-29 22:45:36,UTC-06:00,2025-12-29 12:04:30,2025-12-29 12:29:59,25,Activity,6.6,176.0,152,114,54,23,8,0,0,false
2025-12-25 23:16:02,2025-12-27 00:27:48,UTC-06:00,2025-12-26 08:13:11,2025-12-26 09:12:15,59,Strength Trainer,8.4,87.0,127,75,6,0,0,0,0,false
2025-12-24 00:01:02,2025-12-25 02:50:53,UTC-06:00,2025-12-24 08:49:51,2025-12-24 10:00:52,71,Strength Trainer,5.5,98.0,106,77,1,0,0,0,0,false
2025-12-23 00:27:03,2025-12-24 00:01:02,UTC-06:00,2025-12-23 09:59:58,2025-12-23 10:27:11,27,Running,5.0,95.0,136,96,40,4,0,0,0,false
2025-12-23 00:27:03,2025-12-24 00:01:02,UTC-06:00,2025-12-23 08:47:35,2025-12-23 09:44:24,56,Strength Trainer,9.2,86.0,118,73,5,0,0,0,0,false
2025-12-21 23:40:58,2025-12-23 00:27:03,UTC-06:00,2025-12-22 09:58:36,2025-12-22 10:46:07,47,Running,7.7,279.0,185,108,60,15,3,0,1,false
2025-12-21 23:40:58,2025-12-23 00:27:03,UTC-06:00,2025-12-22 08:54:51,2025-12-22 09:45:47,50,Strength Trainer,12.0,78.0,128,73,5,0,0,0,0,false
2025-12-20 00:04:31,2025-12-20 23:33:25,UTC-06:00,2025-12-20 07:57:01,2025-12-20 09:10:16,73,Soccer,13.6,600.0,178,121,24,11,20,15,1,false
2025-12-19 01:58:45,2025-12-20 00:04:31,UTC-06:00,2025-12-19 20:51:57,2025-12-19 22:11:17,79,Strength Trainer,7.5,115.0,118,74,5,0,0,0,0,false
2025-12-18 00:22:56,2025-12-19 01:58:45,UTC-06:00,2025-12-18 15:20:27,2025-12-18 15:58:36,38,Running,5.4,133.0,153,93,41,3,1,0,0,false
2025-12-18 00:22:56,2025-12-19 01:58:45,UTC-06:00,2025-12-18 14:21:43,2025-12-18 15:19:37,57,Strength Trainer,9.8,96.0,119,79,8,0,0,0,0,false
2025-12-18 00:22:56,2025-12-19 01:58:45,UTC-06:00,2025-12-18 06:48:00,2025-12-18 07:02:59,14,Activity,7.7,170.0,184,136,11,39,36,12,2,false
2025-12-17 00:08:57,2025-12-18 00:22:56,UTC-06:00,2025-12-17 09:18:29,2025-12-17 09:40:47,22,Running,4.4,59.0,129,89,34,0,0,0,0,false
2025-12-17 00:08:57,2025-12-18 00:22:56,UTC-06:00,2025-12-17 08:20:10,2025-12-17 09:09:04,48,Strength Trainer,7.4,66.0,95,66,0,0,0,0,0,false
2025-12-15 23:16:23,2025-12-17 00:08:57,UTC-06:00,2025-12-16 20:27:26,2025-12-16 20:54:00,26,Running,5.7,142.0,131,105,73,5,0,0,0,false
2025-12-15 23:16:23,2025-12-17 00:08:57,UTC-06:00,2025-12-16 19:32:36,2025-12-16 20:23:54,51,Strength Trainer,7.2,78.0,122,72,4,0,0,0,0,false
2025-12-14 21:59:23,2025-12-15 23:16:23,UTC-06:00,2025-12-15 15:26:16,2025-12-15 16:00:49,34,Stairmaster,5.3,127.0,128,94,52,0,0,0,0,false
2025-12-14 21:59:23,2025-12-15 23:16:23,UTC-06:00,2025-12-15 14:19:55,2025-12-15 15:25:49,65,Strength Trainer,9.8,97.0,140,71,3,0,0,0,0,false
2025-12-13 22:13:49,2025-12-14 21:59:23,UTC-06:00,2025-12-14 08:09:00,2025-12-14 08:38:59,29,Running,10.6,320.0,171,133,22,34,16,23,1,false
2025-12-12 23:42:32,2025-12-13 22:13:49,UTC-06:00,2025-12-13 09:35:31,2025-12-13 10:33:16,57,Soccer,13.4,533.0,178,125,35,6,27,17,2,false
2025-12-11 23:51:33,2025-12-12 23:42:32,UTC-06:00,2025-12-12 08:11:14,2025-12-12 09:28:43,77,Strength Trainer,7.4,106.0,110,71,1,0,0,0,0,false
2025-12-10 23:54:39,2025-12-11 23:51:33,UTC-06:00,2025-12-11 15:42:00,2025-12-11 16:02:25,20,Activity,5.3,98.0,149,103,50,11,1,0,0,false
2025-12-10 23:54:39,2025-12-11 23:51:33,UTC-06:00,2025-12-11 08:23:00,2025-12-11 09:25:44,62,Strength Trainer,7.8,87.0,108,71,2,0,0,0,0,false
2025-12-10 00:24:29,2025-12-10 23:54:39,UTC-06:00,2025-12-10 15:34:33,2025-12-10 16:15:40,41,Running,6.1,181.0,136,100,59,3,0,0,0,false
2025-12-10 00:24:29,2025-12-10 23:54:39,UTC-06:00,2025-12-10 14:40:20,2025-12-10 15:34:24,54,Strength Trainer,7.9,77.0,106,70,1,0,0,0,0,false
2025-12-09 00:07:32,2025-12-10 00:24:29,UTC-06:00,2025-12-09 09:04:18,2025-12-09 09:33:48,29,Running,6.8,192.0,141,111,46,30,0,0,0,false
2025-12-09 00:07:32,2025-12-10 00:24:29,UTC-06:00,2025-12-09 08:20:17,2025-12-09 09:03:59,43,Strength Trainer,9.1,67.0,121,77,5,0,0,0,0,false
2025-12-08 00:18:52,2025-12-09 00:07:32,UTC-06:00,2025-12-08 15:22:53,2025-12-08 15:55:14,32,Running,6.4,187.0,131,107,73,8,0,0,0,false
2025-12-08 00:18:52,2025-12-09 00:07:32,UTC-06:00,2025-12-08 14:23:00,2025-12-08 15:21:58,58,Strength Trainer,12.6,88.0,128,75,5,0,0,0,0,false
2025-12-05 23:26:13,2025-12-07 01:00:00,UTC-06:00,2025-12-06 13:28:30,2025-12-06 13:52:29,23,Activity,7.5,200.0,159,121,54,17,24,2,0,false
2025-12-05 23:26:13,2025-12-07 01:00:00,UTC-06:00,2025-12-06 10:17:37,2025-12-06 11:22:23,64,Soccer,10.6,356.0,166,104,18,6,13,8,0,false
2025-12-03 23:55:06,2025-12-04 23:50:10,UTC-06:00,2025-12-04 15:12:00,2025-12-04 15:50:59,38,Walking,7.6,240.0,166,108,50,15,9,1,0,false
2025-12-03 23:55:06,2025-12-04 23:50:10,UTC-06:00,2025-12-04 09:08:04,2025-12-04 09:45:34,37,Running,5.4,137.0,127,92,48,0,0,0,0,false
2025-12-03 23:55:06,2025-12-04 23:50:10,UTC-06:00,2025-12-04 08:17:06,2025-12-04 09:05:36,48,Strength Trainer,5.1,68.0,109,67,2,0,0,0,0,false
2025-12-02 23:10:09,2025-12-03 23:55:06,UTC-06:00,2025-12-03 09:16:08,2025-12-03 09:45:48,29,Running,4.5,73.0,120,80,24,0,0,0,0,false
2025-12-02 23:10:09,2025-12-03 23:55:06,UTC-06:00,2025-12-03 08:28:44,2025-12-03 09:10:04,41,Strength Trainer,8.8,61.0,111,69,3,0,0,0,0,false
2025-12-01 23:24:06,2025-12-02 23:10:09,UTC-06:00,2025-12-02 15:31:30,2025-12-02 16:19:29,47,Walking,8.9,331.0,166,111,53,18,11,1,0,false
2025-12-01 23:24:06,2025-12-02 23:10:09,UTC-06:00,2025-12-02 09:14:34,2025-12-02 09:41:01,26,Running,5.1,102.0,131,95,55,0,0,0,0,false
2025-12-01 23:24:06,2025-12-02 23:10:09,UTC-06:00,2025-12-02 08:29:27,2025-12-02 09:14:26,44,Strength Trainer,10.0,66.0,125,68,5,0,0,0,0,false
2025-11-30 23:09:02,2025-12-01 23:24:06,UTC-06:00,2025-12-01 09:11:38,2025-12-01 09:32:40,21,Running,4.3,42.0,112,85,18,0,0,0,0,false
2025-11-30 23:09:02,2025-12-01 23:24:06,UTC-06:00,2025-12-01 08:29:37,2025-12-01 09:08:28,38,Strength Trainer,4.0,55.0,118,68,3,0,0,0,0,false
2025-11-28 22:44:25,2025-11-30 04:05:36,UTC-05:00,2025-11-29 08:40:03,2025-11-29 09:27:30,47,Strength Trainer,9.1,68.0,108,71,3,0,0,0,0,false
2025-11-28 00:06:11,2025-11-28 22:44:25,UTC-05:00,2025-11-28 10:08:24,2025-11-28 10:24:29,16,Running,4.4,42.0,113,90,19,0,0,0,0,false
2025-11-28 00:06:11,2025-11-28 22:44:25,UTC-05:00,2025-11-28 09:13:25,2025-11-28 10:08:02,54,Strength Trainer,4.6,75.0,109,71,1,0,0,0,0,false
2025-11-25 23:25:30,2025-11-26 23:27:12,UTC-06:00,2025-11-26 09:07:47,2025-11-26 09:48:22,40,Running,6.5,200.0,149,100,53,9,1,0,0,false
2025-11-25 23:25:30,2025-11-26 23:27:12,UTC-06:00,2025-11-26 08:26:38,2025-11-26 09:07:38,40,Strength Trainer,10.6,59.0,108,71,4,0,0,0,0,false
2025-11-24 23:01:34,2025-11-25 23:25:30,UTC-06:00,2025-11-25 15:09:00,2025-11-25 15:59:59,50,Walking,12.1,495.0,168,127,29,34,23,8,0,false
2025-11-24 23:01:34,2025-11-25 23:25:30,UTC-06:00,2025-11-25 09:25:40,2025-11-25 09:52:52,27,Running,6.7,187.0,158,113,64,18,2,2,0,false
2025-11-24 23:01:34,2025-11-25 23:25:30,UTC-06:00,2025-11-25 08:45:06,2025-11-25 09:24:55,39,Strength Trainer,7.6,61.0,114,73,5,0,0,0,0,false
2025-11-23 23:48:03,2025-11-24 23:01:34,UTC-06:00,2025-11-24 09:21:48,2025-11-24 09:43:19,21,Running,5.2,103.0,150,100,63,5,1,0,0,false
2025-11-23 23:48:03,2025-11-24 23:01:34,UTC-06:00,2025-11-24 08:26:08,2025-11-24 09:21:37,55,Strength Trainer,12.2,76.0,105,65,0,0,0,0,0,false
2025-11-22 00:07:12,2025-11-22 22:39:31,UTC-06:00,2025-11-22 14:30:00,2025-11-22 15:25:29,55,Soccer,12.5,464.0,179,120,62,8,2,15,4,false
2025-11-22 00:07:12,2025-11-22 22:39:31,UTC-06:00,2025-11-22 12:40:30,2025-11-22 13:28:29,47,Soccer,12.8,442.0,180,125,55,7,4,17,8,false
2025-11-22 00:07:12,2025-11-22 22:39:31,UTC-06:00,2025-11-22 10:34:30,2025-11-22 11:50:59,76,Soccer,14.3,706.0,176,125,51,15,9,19,2,false
2025-11-22 00:07:12,2025-11-22 22:39:31,UTC-06:00,2025-11-22 08:33:00,2025-11-22 09:07:29,34,Soccer,9.5,282.0,166,120,61,6,12,15,0,false
2025-11-20 23:42:35,2025-11-22 00:07:12,UTC-06:00,2025-11-21 09:17:49,2025-11-21 09:56:08,38,Stairmaster,5.2,125.0,117,93,47,0,0,0,0,false
2025-11-20 23:42:35,2025-11-22 00:07:12,UTC-06:00,2025-11-21 08:18:37,2025-11-21 09:17:40,59,Strength Trainer,6.1,80.0,94,67,0,0,0,0,0,false
2025-11-19 23:19:23,2025-11-20 23:42:35,UTC-06:00,2025-11-20 14:55:30,2025-11-20 15:37:13,41,Running,7.3,248.0,150,108,68,15,0,0,0,false
2025-11-19 23:19:23,2025-11-20 23:42:35,UTC-06:00,2025-11-20 13:50:45,2025-11-20 14:54:04,63,Strength Trainer,7.1,100.0,119,73,9,0,0,0,0,false
2025-11-18 23:45:32,2025-11-19 23:19:23,UTC-06:00,2025-11-19 15:31:30,2025-11-19 16:23:29,51,Walking,8.6,257.0,173,101,18,6,11,5,0,false
2025-11-18 23:45:32,2025-11-19 23:19:23,UTC-06:00,2025-11-19 09:20:54,2025-11-19 10:05:49,44,Running,6.3,186.0,144,99,52,5,0,0,0,false
2025-11-18 23:45:32,2025-11-19 23:19:23,UTC-06:00,2025-11-19 08:26:12,2025-11-19 09:18:03,51,Strength Trainer,9.7,73.0,107,68,1,0,0,0,0,false
2025-11-17 23:44:37,2025-11-18 23:45:32,UTC-06:00,2025-11-18 16:10:30,2025-11-18 16:28:29,17,Walking,9.8,229.0,172,142,6,12,47,30,4,false
2025-11-17 23:44:37,2025-11-18 23:45:32,UTC-06:00,2025-11-18 09:26:05,2025-11-18 09:59:05,32,Running,6.5,188.0,143,106,58,14,0,0,0,false
2025-11-17 23:44:37,2025-11-18 23:45:32,UTC-06:00,2025-11-18 08:26:27,2025-11-18 09:25:54,59,Strength Trainer,8.4,85.0,129,73,2,0,0,0,0,false
2025-11-17 00:09:16,2025-11-17 23:44:37,UTC-06:00,2025-11-17 12:45:31,2025-11-17 13:15:07,29,Running,7.2,187.0,166,109,59,4,5,7,0,false
2025-11-17 00:09:16,2025-11-17 23:44:37,UTC-06:00,2025-11-17 12:00:52,2025-11-17 12:44:52,43,Strength Trainer,10.5,68.0,112,76,5,0,0,0,0,false
2025-11-15 00:29:09,2025-11-16 00:41:14,UTC-06:00,2025-11-15 08:47:45,2025-11-15 10:23:34,95,Soccer,15.0,724.0,173,115,15,6,12,23,1,false
2025-11-14 00:03:45,2025-11-15 00:29:09,UTC-06:00,2025-11-14 08:54:19,2025-11-14 09:22:46,28,Running,6.4,181.0,138,110,76,9,0,0,0,false
2025-11-14 00:03:45,2025-11-15 00:29:09,UTC-06:00,2025-11-14 08:24:18,2025-11-14 08:53:57,29,Strength Trainer,10.5,69.0,128,85,25,0,0,0,0,false
2025-11-12 23:47:45,2025-11-14 00:03:45,UTC-06:00,2025-11-13 15:48:00,2025-11-13 16:02:59,14,Walking,4.6,58.0,140,98,51,2,0,0,0,false
2025-11-12 23:47:45,2025-11-14 00:03:45,UTC-06:00,2025-11-13 09:18:22,2025-11-13 09:50:05,31,Running,7.2,221.0,145,113,58,25,0,0,0,false
2025-11-12 23:47:45,2025-11-14 00:03:45,UTC-06:00,2025-11-13 08:22:10,2025-11-13 09:13:48,51,Strength Trainer,9.9,84.0,117,80,7,0,0,0,0,false
2025-11-11 23:19:13,2025-11-12 23:47:45,UTC-06:00,2025-11-12 09:09:27,2025-11-12 09:58:58,49,Running,8.9,346.0,145,113,56,28,0,0,0,false
2025-11-11 23:19:13,2025-11-12 23:47:45,UTC-06:00,2025-11-12 08:26:15,2025-11-12 09:08:42,42,Strength Trainer,5.4,73.0,120,80,8,0,0,0,0,false
2025-11-10 23:19:13,2025-11-11 23:19:13,UTC-06:00,2025-11-11 15:31:30,2025-11-11 16:07:29,35,Walking,9.3,286.0,178,119,56,10,16,7,3,false
2025-11-10 23:19:13,2025-11-11 23:19:13,UTC-06:00,2025-11-11 09:14:28,2025-11-11 09:51:48,37,Stairmaster,5.8,159.0,135,100,57,3,0,0,0,false
2025-11-10 23:19:13,2025-11-11 23:19:13,UTC-06:00,2025-11-11 08:05:19,2025-11-11 09:14:06,68,Strength Trainer,5.2,97.0,109,69,1,0,0,0,0,false
2025-11-09 23:05:47,2025-11-10 23:19:13,UTC-06:00,2025-11-10 09:24:21,2025-11-10 09:53:28,29,Stairmaster,5.8,151.0,133,105,70,4,0,0,0,false
2025-11-09 23:05:47,2025-11-10 23:19:13,UTC-06:00,2025-11-10 08:30:32,2025-11-10 09:24:09,53,Strength Trainer,11.2,74.0,108,65,1,0,0,0,0,false
2025-11-09 01:26:11,2025-11-09 23:05:47,UTC-06:00,2025-11-09 11:16:47,2025-11-09 11:52:46,35,Running,5.1,110.0,131,94,42,0,0,0,0,false
2025-11-08 00:12:48,2025-11-09 01:26:11,UTC-06:00,2025-11-08 10:20:08,2025-11-08 11:39:37,79,Soccer,14.9,643.0,177,117,11,6,9,27,4,false
2025-11-06 23:27:24,2025-11-08 00:12:48,UTC-06:00,2025-11-07 09:16:49,2025-11-07 09:48:49,31,Running,6.4,184.0,157,108,59,12,1,0,0,false
2025-11-06 23:27:24,2025-11-08 00:12:48,UTC-06:00,2025-11-07 08:17:33,2025-11-07 09:10:13,52,Strength Trainer,9.3,87.0,125,79,7,0,0,0,0,false
2025-11-05 23:40:22,2025-11-06 23:27:24,UTC-06:00,2025-11-06 09:27:42,2025-11-06 09:46:24,18,Running,7.2,161.0,166,122,39,25,11,12,0,false
2025-11-05 23:40:22,2025-11-06 23:27:24,UTC-06:00,2025-11-06 09:04:13,2025-11-06 09:27:31,23,Stairmaster,4.5,54.0,110,90,11,0,0,0,0,false
2025-11-05 23:40:22,2025-11-06 23:27:24,UTC-06:00,2025-11-06 08:08:25,2025-11-06 09:04:01,55,Strength Trainer,8.1,78.0,113,73,1,0,0,0,0,false
2025-11-04 23:19:30,2025-11-05 23:40:22,UTC-06:00,2025-11-05 14:33:04,2025-11-05 15:17:57,44,Weightlifting,4.3,76.0,131,77,10,0,0,0,0,false
2025-11-04 23:19:30,2025-11-05 23:40:22,UTC-06:00,2025-11-05 08:43:23,2025-11-05 09:18:30,35,Running,9.1,310.0,154,124,36,44,16,0,0,false
2025-11-04 23:19:30,2025-11-05 23:40:22,UTC-06:00,2025-11-05 08:08:53,2025-11-05 08:41:30,32,Strength Trainer,6.2,49.0,116,77,7,0,0,0,0,false
2025-11-03 23:05:05,2025-11-04 23:19:30,UTC-06:00,2025-11-04 09:05:24,2025-11-04 09:35:53,30,Running,8.5,254.0,168,121,45,32,5,8,0,false
2025-11-03 23:05:05,2025-11-04 23:19:30,UTC-06:00,2025-11-04 08:18:13,2025-11-04 09:04:26,46,Strength Trainer,6.2,86.0,134,81,14,0,0,0,0,false
2025-11-02 23:39:59,2025-11-03 23:05:05,UTC-06:00,2025-11-03 09:18:43,2025-11-03 09:45:39,26,Running,5.2,112.0,128,99,63,0,0,0,0,false
2025-11-02 23:39:59,2025-11-03 23:05:05,UTC-06:00,2025-11-03 08:15:48,2025-11-03 09:13:59,58,Strength Trainer,11.6,85.0,112,71,4,0,0,0,0,false
2025-11-01 00:18:52,2025-11-02 00:25:50,UTC-06:00,2025-11-01 08:32:31,2025-11-01 09:02:43,30,Strength Trainer,4.0,43.0,113,74,4,0,0,0,0,false
2025-10-30 23:30:46,2025-11-01 00:18:52,UTC-06:00,2025-10-31 09:16:15,2025-10-31 09:48:34,32,Running,6.4,170.0,146,105,52,18,0,0,0,false
2025-10-30 23:30:46,2025-11-01 00:18:52,UTC-06:00,2025-10-31 08:11:03,2025-10-31 09:13:13,62,Strength Trainer,10.5,98.0,112,77,7,0,0,0,0,false
2025-10-29 23:11:17,2025-10-30 23:30:46,UTC-06:00,2025-10-30 09:08:26,2025-10-30 09:30:02,21,Stairmaster,4.6,58.0,107,92,24,0,0,0,0,false
2025-10-29 23:11:17,2025-10-30 23:30:46,UTC-06:00,2025-10-30 08:20:28,2025-10-30 09:05:19,44,Strength Trainer,10.3,68.0,109,74,4,0,0,0,0,false
2025-10-28 22:54:20,2025-10-29 23:11:17,UTC-06:00,2025-10-29 08:29:26,2025-10-29 08:59:48,30,Running,7.0,218.0,155,114,78,17,2,0,0,false
2025-10-28 22:54:20,2025-10-29 23:11:17,UTC-06:00,2025-10-29 07:39:04,2025-10-29 08:25:50,46,Strength Trainer,5.2,66.0,110,72,3,0,0,0,0,false
2025-10-28 00:29:54,2025-10-28 22:54:20,UTC-06:00,2025-10-28 09:34:51,2025-10-28 10:06:40,31,Stairmaster,5.3,129.0,121,98,68,0,0,0,0,false
2025-10-28 00:29:54,2025-10-28 22:54:20,UTC-06:00,2025-10-28 08:48:15,2025-10-28 09:31:41,43,Strength Trainer,6.2,67.0,111,76,3,0,0,0,0,false
2025-10-26 22:44:11,2025-10-28 00:29:54,UTC-06:00,2025-10-27 15:35:40,2025-10-27 16:08:52,33,Running,5.9,167.0,157,102,73,1,0,0,0,false
2025-10-26 22:44:11,2025-10-28 00:29:54,UTC-06:00,2025-10-27 14:26:26,2025-10-27 15:35:32,69,Strength Trainer,11.3,100.0,113,66,3,0,0,0,0,false
2025-10-20 23:44:57,2025-10-21 23:23:11,UTC-06:00,2025-10-21 14:21:01,2025-10-21 15:12:11,51,Running,7.1,248.0,158,102,62,3,1,0,0,false
2025-10-20 23:44:57,2025-10-21 23:23:11,UTC-06:00,2025-10-21 07:24:46,2025-10-21 08:23:24,58,Strength Trainer,8.8,85.0,107,71,1,0,0,0,0,false
2025-10-19 23:20:22,2025-10-20 23:44:57,UTC-06:00,2025-10-20 09:12:12,2025-10-20 09:44:28,32,Stairmaster,5.3,119.0,115,96,59,0,0,0,0,false
2025-10-19 23:20:22,2025-10-20 23:44:57,UTC-06:00,2025-10-20 08:16:09,2025-10-20 09:09:54,53,Strength Trainer,12.3,78.0,112,72,1,0,0,0,0,false
2025-10-18 22:25:42,2025-10-19 23:20:22,UTC-06:00,2025-10-19 13:48:11,2025-10-19 14:28:56,40,Running,6.6,214.0,162,105,76,2,0,0,0,false
2025-10-16 23:34:14,2025-10-17 23:41:45,UTC-06:00,2025-10-17 09:08:14,2025-10-17 09:40:09,31,Running,6.7,212.0,131,112,87,1,0,0,0,false
2025-10-16 23:34:14,2025-10-17 23:41:45,UTC-06:00,2025-10-17 08:10:23,2025-10-17 09:06:34,56,Strength Trainer,8.8,86.0,124,75,5,0,0,0,0,false
2025-10-15 23:45:32,2025-10-16 23:34:14,UTC-06:00,2025-10-16 08:59:34,2025-10-16 09:32:08,32,Stairmaster,5.5,135.0,127,99,56,0,0,0,0,false
2025-10-15 23:45:32,2025-10-16 23:34:14,UTC-06:00,2025-10-16 08:15:12,2025-10-16 08:58:48,43,Strength Trainer,9.2,64.0,108,74,2,0,0,0,0,false
2025-10-14 23:31:38,2025-10-15 23:45:32,UTC-06:00,2025-10-15 15:28:30,2025-10-15 15:55:20,26,Walking,6.4,161.0,161,108,45,18,10,0,0,false
2025-10-14 23:31:38,2025-10-15 23:45:32,UTC-06:00,2025-10-15 09:14:05,2025-10-15 09:50:33,36,Running,6.6,206.0,159,106,67,11,3,0,0,false
2025-10-14 23:31:38,2025-10-15 23:45:32,UTC-06:00,2025-10-15 08:27:33,2025-10-15 09:10:38,43,Strength Trainer,6.9,66.0,117,70,8,0,0,0,0,false
2025-10-13 23:33:07,2025-10-14 23:31:38,UTC-06:00,2025-10-14 09:09:53,2025-10-14 09:43:13,33,Stairmaster,5.2,112.0,124,95,40,0,0,0,0,false
2025-10-13 23:33:07,2025-10-14 23:31:38,UTC-06:00,2025-10-14 08:25:26,2025-10-14 09:09:22,43,Strength Trainer,8.1,60.0,102,70,0,0,0,0,0,false
2025-10-12 23:02:38,2025-10-13 23:33:07,UTC-06:00,2025-10-13 09:31:29,2025-10-13 09:53:24,21,Stairmaster,5.2,105.0,126,104,74,0,0,0,0,false
2025-10-12 23:02:38,2025-10-13 23:33:07,UTC-06:00,2025-10-13 08:35:54,2025-10-13 09:29:43,53,Strength Trainer,10.7,84.0,113,77,8,0,0,0,0,false
2025-10-11 00:47:03,2025-10-12 02:14:18,UTC-06:00,2025-10-11 10:48:00,2025-10-11 11:47:59,59,Soccer,15.3,688.0,181,136,16,8,18,43,5,false
2025-10-09 23:45:32,2025-10-11 00:47:03,UTC-06:00,2025-10-10 09:19:41,2025-10-10 09:51:07,31,Stairmaster,6.0,172.0,127,107,88,0,0,0,0,false
2025-10-09 23:45:32,2025-10-11 00:47:03,UTC-06:00,2025-10-10 08:21:48,2025-10-10 09:16:20,54,Strength Trainer,8.4,83.0,118,74,6,0,0,0,0,false
2025-10-08 23:44:44,2025-10-09 23:45:32,UTC-06:00,2025-10-09 09:02:35,2025-10-09 09:53:33,50,Stairmaster,5.4,155.0,128,90,40,0,0,0,0,false
2025-10-08 23:44:44,2025-10-09 23:45:32,UTC-06:00,2025-10-09 08:21:18,2025-10-09 09:01:25,40,Strength Trainer,9.8,55.0,100,72,0,0,0,0,0,false
2025-10-06 23:20:12,2025-10-07 23:13:22,UTC-06:00,2025-10-07 09:28:21,2025-10-07 10:08:02,39,Running,7.6,255.0,142,111,65,21,0,0,0,false
2025-10-06 23:20:12,2025-10-07 23:13:22,UTC-06:00,2025-10-07 08:34:09,2025-10-07 09:20:43,46,Strength Trainer,8.2,66.0,123,73,3,0,0,0,0,false
2025-10-05 22:48:57,2025-10-06 23:20:12,UTC-06:00,2025-10-06 09:10:53,2025-10-06 09:41:11,30,Stairmaster,5.5,133.0,120,101,74,0,0,0,0,false
2025-10-05 22:48:57,2025-10-06 23:20:12,UTC-06:00,2025-10-06 08:16:38,2025-10-06 09:07:44,51,Strength Trainer,12.3,73.0,110,72,2,0,0,0,0,false
2025-10-03 23:34:14,2025-10-04 23:46:54,UTC-06:00,2025-10-04 08:03:52,2025-10-04 09:25:24,81,Soccer,15.6,786.0,182,127,19,11,21,24,5,false
2025-10-02 23:58:45,2025-10-03 23:34:14,UTC-06:00,2025-10-03 09:13:38,2025-10-03 09:58:17,44,Stairmaster,6.4,208.0,136,102,71,0,0,0,0,false
2025-10-02 23:58:45,2025-10-03 23:34:14,UTC-06:00,2025-10-03 08:15:04,2025-10-03 09:08:35,53,Strength Trainer,10.1,76.0,114,70,3,0,0,0,0,false
2025-10-01 23:30:54,2025-10-02 23:58:45,UTC-06:00,2025-10-02 08:51:42,2025-10-02 09:23:25,31,Stairmaster,5.3,116.0,133,95,46,1,0,0,0,false
2025-10-01 23:30:54,2025-10-02 23:58:45,UTC-06:00,2025-10-02 08:09:03,2025-10-02 08:49:33,40,Strength Trainer,9.0,57.0,107,72,2,0,0,0,0,false
2025-09-30 23:33:57,2025-10-01 23:30:54,UTC-06:00,2025-10-01 14:47:47,2025-10-01 15:16:05,28,Running,5.6,135.0,145,102,63,6,0,0,0,false
2025-09-30 23:33:57,2025-10-01 23:30:54,UTC-06:00,2025-10-01 08:14:28,2025-10-01 08:58:24,43,Strength Trainer,7.0,61.0,110,72,1,0,0,0,0,false
2025-09-29 22:55:14,2025-09-30 23:33:57,UTC-06:00,2025-09-30 08:01:54,2025-09-30 08:36:25,34,Running,6.7,192.0,156,106,53,15,4,0,0,false
2025-09-29 22:55:14,2025-09-30 23:33:57,UTC-06:00,2025-09-30 07:19:00,2025-09-30 07:59:58,40,Strength Trainer,6.3,60.0,123,69,6,0,0,0,0,false
2025-09-28 22:48:34,2025-09-29 22:55:14,UTC-06:00,2025-09-29 08:37:39,2025-09-29 09:04:03,26,Stairmaster,5.7,142.0,123,106,78,0,0,0,0,false
2025-09-28 22:48:34,2025-09-29 22:55:14,UTC-06:00,2025-09-29 07:56:05,2025-09-29 08:34:39,38,Strength Trainer,11.2,58.0,112,76,4,0,0,0,0,false
2025-09-26 23:21:01,2025-09-28 00:01:00,UTC-06:00,2025-09-27 08:52:23,2025-09-27 09:57:02,64,Soccer,14.9,654.0,177,129,23,7,13,36,4,false
2025-09-25 23:23:26,2025-09-26 23:21:01,UTC-06:00,2025-09-26 08:27:09,2025-09-26 08:57:58,30,Running,9.0,260.0,172,121,41,20,14,12,0,false
2025-09-25 23:23:26,2025-09-26 23:21:01,UTC-06:00,2025-09-26 07:35:09,2025-09-26 08:19:49,44,Strength Trainer,7.8,74.0,112,77,12,0,0,0,0,false
2025-09-24 23:12:32,2025-09-25 23:23:26,UTC-06:00,2025-09-25 15:12:48,2025-09-25 15:39:39,26,Stairmaster,5.5,134.0,130,104,80,0,0,0,0,false
2025-09-24 23:12:32,2025-09-25 23:23:26,UTC-06:00,2025-09-25 14:17:46,2025-09-25 15:09:03,51,Strength Trainer,6.9,75.0,110,71,3,0,0,0,0,false
2025-09-23 23:10:44,2025-09-24 23:12:32,UTC-06:00,2025-09-24 09:10:32,2025-09-24 09:38:13,27,Stairmaster,7.1,200.0,145,116,49,35,2,0,0,false
2025-09-23 23:10:44,2025-09-24 23:12:32,UTC-06:00,2025-09-24 08:17:59,2025-09-24 09:08:38,50,Strength Trainer,9.4,71.0,110,76,1,0,0,0,0,false
2025-09-22 23:07:17,2025-09-23 23:10:44,UTC-06:00,2025-09-23 09:12:36,2025-09-23 09:37:48,25,Running,6.8,182.0,157,115,53,23,11,0,0,false
2025-09-22 23:07:17,2025-09-23 23:10:44,UTC-06:00,2025-09-23 08:29:20,2025-09-23 09:10:56,41,Strength Trainer,6.6,60.0,125,72,3,0,0,0,0,false
2025-09-21 23:08:59,2025-09-22 23:07:17,UTC-06:00,2025-09-22 09:21:49,2025-09-22 09:51:53,30,Stairmaster,5.9,159.0,139,106,83,0,0,0,0,false
2025-09-21 23:08:59,2025-09-22 23:07:17,UTC-06:00,2025-09-22 08:23:29,2025-09-22 09:19:14,55,Strength Trainer,13.0,82.0,116,73,4,0,0,0,0,false
2025-09-19 23:31:13,2025-09-21 01:30:53,UTC-06:00,2025-09-20 11:58:26,2025-09-20 13:08:54,70,Soccer,13.2,515.0,170,115,16,8,14,19,0,false
2025-09-19 23:31:13,2025-09-21 01:30:53,UTC-06:00,2025-09-20 07:50:51,2025-09-20 08:40:51,50,Strength Trainer,8.5,82.0,118,80,11,0,0,0,0,false
2025-09-18 22:57:01,2025-09-19 23:31:13,UTC-06:00,2025-09-19 09:15:03,2025-09-19 09:46:53,31,Stairmaster,6.8,194.0,143,109,50,24,0,0,0,false
2025-09-18 22:57:01,2025-09-19 23:31:13,UTC-06:00,2025-09-19 08:22:42,2025-09-19 09:13:56,51,Strength Trainer,9.8,74.0,117,72,3,0,0,0,0,false
2025-09-17 22:56:43,2025-09-18 22:57:01,UTC-06:00,2025-09-18 08:24:24,2025-09-18 08:50:52,26,Rowing,5.8,141.0,141,104,60,12,0,0,0,false
2025-09-17 22:56:43,2025-09-18 22:57:01,UTC-06:00,2025-09-18 07:23:38,2025-09-18 08:20:24,56,Strength Trainer,11.3,78.0,101,67,0,0,0,0,0,false
2025-09-16 23:25:40,2025-09-17 22:56:43,UTC-06:00,2025-09-17 08:51:25,2025-09-17 09:17:39,26,Stairmaster,5.3,118.0,135,101,65,1,0,0,0,false
2025-09-16 23:25:40,2025-09-17 22:56:43,UTC-06:00,2025-09-17 08:24:03,2025-09-17 08:50:29,26,Strength Trainer,7.3,41.0,120,75,7,0,0,0,0,false
2025-09-15 23:43:34,2025-09-16 23:25:40,UTC-06:00,2025-09-16 13:03:10,2025-09-16 13:42:20,39,Stairmaster,6.3,189.0,138,103,61,10,0,0,0,false
2025-09-15 23:43:34,2025-09-16 23:25:40,UTC-06:00,2025-09-16 11:58:25,2025-09-16 13:02:11,63,Strength Trainer,9.5,90.0,114,73,2,0,0,0,0,false
2025-09-14 22:24:22,2025-09-15 23:43:34,UTC-06:00,2025-09-15 14:34:35,2025-09-15 15:01:59,27,Running,5.8,138.0,152,103,49,13,4,0,0,false
2025-09-14 22:24:22,2025-09-15 23:43:34,UTC-06:00,2025-09-15 13:48:24,2025-09-15 14:32:27,44,Strength Trainer,11.0,61.0,105,73,0,0,0,0,0,false
2025-09-12 23:26:52,2025-09-13 21:05:32,UTC-06:00,2025-09-13 11:26:44,2025-09-13 11:40:42,13,Running,6.2,119.0,157,122,39,29,22,3,0,false
2025-09-12 23:26:52,2025-09-13 21:05:32,UTC-06:00,2025-09-13 11:03:27,2025-09-13 11:26:32,23,Strength Trainer,8.0,38.0,114,83,11,0,0,0,0,false
2025-09-11 23:10:02,2025-09-12 23:26:52,UTC-06:00,2025-09-12 09:14:49,2025-09-12 09:42:50,28,Stairmaster,5.8,152.0,128,107,86,0,0,0,0,false
2025-09-11 23:10:02,2025-09-12 23:26:52,UTC-06:00,2025-09-12 08:16:12,2025-09-12 09:13:28,57,Strength Trainer,8.8,99.0,123,80,14,0,0,0,0,false
2025-09-10 22:57:00,2025-09-11 23:10:02,UTC-06:00,2025-09-11 09:06:37,2025-09-11 09:53:01,46,Stairmaster,6.2,202.0,144,98,63,5,0,0,0,false
2025-09-10 22:57:00,2025-09-11 23:10:02,UTC-06:00,2025-09-11 08:24:46,2025-09-11 09:06:26,41,Strength Trainer,11.3,57.0,105,74,1,0,0,0,0,false
2025-09-09 23:17:14,2025-09-10 22:57:00,UTC-06:00,2025-09-10 14:48:20,2025-09-10 15:16:31,28,Stairmaster,6.0,154.0,135,107,58,13,0,0,0,false
2025-09-09 23:17:14,2025-09-10 22:57:00,UTC-06:00,2025-09-10 13:50:43,2025-09-10 14:47:59,57,Strength Trainer,8.8,76.0,101,67,0,0,0,0,0,false
2025-09-08 23:15:20,2025-09-09 23:17:14,UTC-06:00,2025-09-09 08:58:27,2025-09-09 09:49:05,50,Running,7.1,244.0,150,102,47,14,3,0,0,false
2025-09-08 23:15:20,2025-09-09 23:17:14,UTC-06:00,2025-09-09 08:18:09,2025-09-09 08:53:02,34,Strength Trainer,6.1,47.0,105,70,1,0,0,0,0,false
2025-09-07 23:30:30,2025-09-08 23:15:20,UTC-06:00,2025-09-08 09:21:57,2025-09-08 10:03:06,41,Stairmaster,6.4,198.0,147,103,60,8,0,0,0,false
2025-09-07 23:30:30,2025-09-08 23:15:20,UTC-06:00,2025-09-08 08:19:54,2025-09-08 09:18:29,58,Strength Trainer,12.4,82.0,120,70,2,0,0,0,0,false
2025-09-05 23:29:51,2025-09-06 23:37:42,UTC-06:00,2025-09-06 08:59:27,2025-09-06 09:32:00,32,Strength Trainer,5.3,50.0,116,77,8,0,0,0,0,false
2025-09-04 23:35:25,2025-09-05 23:29:51,UTC-06:00,2025-09-05 09:13:57,2025-09-05 09:28:20,14,Stairmaster,5.3,95.0,136,112,79,10,0,0,0,false
2025-09-04 23:35:25,2025-09-05 23:29:51,UTC-06:00,2025-09-05 08:31:06,2025-09-05 09:12:19,41,Strength Trainer,9.0,70.0,117,76,13,0,0,0,0,false
2025-09-03 23:29:52,2025-09-04 23:35:25,UTC-06:00,2025-09-04 09:15:44,2025-09-04 09:42:28,26,Stairmaster,5.9,148.0,139,106,65,13,0,0,0,false
2025-09-03 23:29:52,2025-09-04 23:35:25,UTC-06:00,2025-09-04 08:28:27,2025-09-04 09:14:58,46,Strength Trainer,10.2,65.0,108,75,4,0,0,0,0,false
2025-09-02 23:32:20,2025-09-03 23:29:52,UTC-06:00,2025-09-03 09:12:03,2025-09-03 09:37:16,25,Stairmaster,6.4,165.0,142,112,50,30,0,0,0,false
2025-09-02 23:32:20,2025-09-03 23:29:52,UTC-06:00,2025-09-03 08:27:05,2025-09-03 09:11:07,44,Strength Trainer,9.4,62.0,111,74,3,0,0,0,0,false
2025-09-01 23:40:18,2025-09-02 23:32:20,UTC-06:00,2025-09-02 15:00:57,2025-09-02 15:57:03,56,Stairmaster,6.2,211.0,132,93,65,0,0,0,0,false
2025-09-01 23:40:18,2025-09-02 23:32:20,UTC-06:00,2025-09-02 13:56:35,2025-09-02 14:59:15,62,Strength Trainer,6.0,85.0,110,63,1,0,0,0,0,false
2025-08-31 23:38:11,2025-09-01 23:40:18,UTC-06:00,2025-09-01 15:04:05,2025-09-01 15:24:37,20,Stairmaster,5.0,93.0,124,101,73,0,0,0,0,false
2025-08-31 23:38:11,2025-09-01 23:40:18,UTC-06:00,2025-09-01 14:04:40,2025-09-01 15:01:20,56,Strength Trainer,12.8,86.0,123,73,4,0,0,0,0,false
2025-08-30 00:15:16,2025-08-31 01:19:00,UTC-06:00,2025-08-30 07:59:05,2025-08-30 09:16:33,77,Soccer,15.1,686.0,174,122,18,4,15,27,3,false
2025-08-29 00:20:43,2025-08-30 00:15:16,UTC-06:00,2025-08-29 08:46:52,2025-08-29 09:07:05,20,Stairmaster,8.6,222.0,155,134,16,29,55,0,0,false
2025-08-29 00:20:43,2025-08-30 00:15:16,UTC-06:00,2025-08-29 08:03:26,2025-08-29 08:41:12,37,Strength Trainer,5.7,71.0,113,82,16,0,0,0,0,false
2025-08-28 00:34:01,2025-08-29 00:20:43,UTC-06:00,2025-08-28 15:00:24,2025-08-28 15:38:10,37,Strength Trainer,11.3,78.0,119,84,26,0,0,0,0,false
2025-08-26 23:58:54,2025-08-28 00:34:01,UTC-06:00,2025-08-27 15:03:42,2025-08-27 15:29:03,25,Running,6.5,167.0,155,111,58,19,7,0,0,false
2025-08-26 23:58:54,2025-08-28 00:34:01,UTC-06:00,2025-08-27 14:06:33,2025-08-27 15:01:00,54,Strength Trainer,9.1,76.0,109,76,2,0,0,0,0,false
2025-08-26 00:03:11,2025-08-26 23:58:54,UTC-06:00,2025-08-26 15:43:02,2025-08-26 16:09:27,26,Running,6.8,178.0,156,112,49,23,11,0,0,false
2025-08-26 00:03:11,2025-08-26 23:58:54,UTC-06:00,2025-08-26 14:53:16,2025-08-26 15:36:57,43,Strength Trainer,6.6,73.0,127,74,8,0,0,0,0,false
2025-08-24 22:45:18,2025-08-26 00:03:11,UTC-06:00,2025-08-25 07:00:52,2025-08-25 07:54:16,53,Strength Trainer,12.9,133.0,127,89,28,0,0,0,0,false
2025-08-21 00:17:21,2025-08-22 00:28:53,UTC-06:00,2025-08-21 14:31:12,2025-08-21 15:44:10,72,Strength Trainer,13.4,110.0,117,71,4,0,0,0,0,false
2025-08-19 23:55:56,2025-08-21 00:17:21,UTC-06:00,2025-08-20 07:13:32,2025-08-20 08:05:51,52,Strength Trainer,6.5,74.0,107,74,1,0,0,0,0,false
2025-08-18 23:59:28,2025-08-19 23:55:56,UTC-06:00,2025-08-19 20:26:30,2025-08-19 20:48:58,22,Running,5.3,106.0,129,101,65,0,0,0,0,false
2025-08-18 23:59:28,2025-08-19 23:55:56,UTC-06:00,2025-08-19 19:35:56,2025-08-19 20:25:28,49,Strength Trainer,6.7,87.0,124,77,10,0,0,0,0,false
2025-08-17 23:41:37,2025-08-18 23:59:28,UTC-06:00,2025-08-18 15:38:18,2025-08-18 16:30:21,52,Running,6.3,182.0,159,92,35,0,3,0,0,false
2025-08-17 23:41:37,2025-08-18 23:59:28,UTC-06:00,2025-08-18 14:35:50,2025-08-18 15:37:15,61,Strength Trainer,11.1,83.0,116,66,1,0,0,0,0,false
2025-08-15 00:53:47,2025-08-16 01:35:00,UTC-06:00,2025-08-15 07:37:06,2025-08-15 08:17:44,40,Strength Trainer,5.0,105.0,128,87,31,0,0,0,0,false
2025-08-14 00:24:38,2025-08-15 00:53:47,UTC-06:00,2025-08-14 14:45:01,2025-08-14 15:46:36,61,Strength Trainer,10.4,95.0,120,73,4,0,0,0,0,false
2025-08-13 00:16:49,2025-08-14 00:24:38,UTC-06:00,2025-08-13 07:44:48,2025-08-13 08:36:01,51,Strength Trainer,9.5,72.0,109,73,1,0,0,0,0,false
2025-08-12 00:22:06,2025-08-13 00:16:49,UTC-06:00,2025-08-12 14:14:45,2025-08-12 15:12:23,57,Strength Trainer,8.4,108.0,144,73,13,0,0,0,0,false
2025-08-10 23:27:04,2025-08-12 00:22:06,UTC-06:00,2025-08-11 13:58:43,2025-08-11 15:06:06,67,Strength Trainer,11.4,96.0,109,74,3,0,0,0,0,false
2025-08-09 00:35:36,2025-08-10 01:09:39,UTC-06:00,2025-08-09 13:22:10,2025-08-09 14:23:50,61,Soccer,14.2,600.0,177,128,22,9,20,30,3,false
2025-08-08 00:24:59,2025-08-09 00:35:36,UTC-06:00,2025-08-08 07:56:26,2025-08-08 08:58:18,61,Strength Trainer,7.2,93.0,120,74,7,0,0,0,0,false
2025-08-06 23:49:26,2025-08-08 00:24:59,UTC-06:00,2025-08-07 15:33:12,2025-08-07 15:53:28,20,Running,4.5,53.0,125,91,31,0,0,0,0,false
2025-08-06 23:49:26,2025-08-08 00:24:59,UTC-06:00,2025-08-07 14:39:33,2025-08-07 15:33:02,53,Strength Trainer,6.8,73.0,102,68,0,0,0,0,0,false
2025-08-06 00:32:56,2025-08-06 23:49:26,UTC-06:00,2025-08-06 14:38:29,2025-08-06 15:33:27,54,Strength Trainer,8.2,75.0,104,69,1,0,0,0,0,false
2025-08-06 00:32:56,2025-08-06 23:49:26,UTC-06:00,2025-08-06 07:37:30,2025-08-06 07:54:51,17,Activity,5.9,124.0,147,116,50,38,5,0,0,false
2025-08-05 00:27:26,2025-08-06 00:32:56,UTC-06:00,2025-08-05 15:33:40,2025-08-05 16:00:08,26,Running,6.2,161.0,156,110,60,18,6,0,0,false
2025-08-05 00:27:26,2025-08-06 00:32:56,UTC-06:00,2025-08-05 14:21:53,2025-08-05 15:31:48,69,Strength Trainer,13.3,99.0,121,70,3,0,0,0,0,false
2025-08-03 22:50:52,2025-08-05 00:27:26,UTC-06:00,2025-08-04 15:35:51,2025-08-04 16:05:55,30,Running,5.3,112.0,137,97,45,6,0,0,0,false
2025-08-03 22:50:52,2025-08-05 00:27:26,UTC-06:00,2025-08-04 14:54:51,2025-08-04 15:33:03,38,Strength Trainer,7.7,53.0,111,72,3,0,0,0,0,false
2025-08-02 00:20:49,2025-08-03 04:17:12,UTC-06:00,2025-08-02 11:11:49,2025-08-02 12:02:53,51,Strength Trainer,11.9,86.0,119,76,11,0,0,0,0,false
2025-07-31 23:28:12,2025-08-02 00:20:49,UTC-06:00,2025-08-01 08:12:06,2025-08-01 09:16:08,64,Strength Trainer,7.1,110.0,127,80,13,0,0,0,0,false
2025-07-30 22:57:25,2025-07-31 23:28:12,UTC-06:00,2025-07-31 15:06:59,2025-07-31 16:03:35,56,Strength Trainer,11.7,97.0,116,78,12,0,0,0,0,false
2025-07-29 23:09:13,2025-07-30 22:57:25,UTC-06:00,2025-07-30 06:18:56,2025-07-30 07:03:22,44,Strength Trainer,6.6,96.0,130,80,21,0,0,0,0,false
2025-07-29 00:02:34,2025-07-29 23:09:13,UTC-06:00,2025-07-29 16:02:36,2025-07-29 16:29:23,26,Running,7.6,205.0,167,117,52,20,13,7,0,false
2025-07-29 00:02:34,2025-07-29 23:09:13,UTC-06:00,2025-07-29 15:19:44,2025-07-29 16:00:02,40,Strength Trainer,5.3,65.0,111,74,8,0,0,0,0,false
2025-07-27 23:10:07,2025-07-29 00:02:34,UTC-06:00,2025-07-28 14:37:48,2025-07-28 15:52:33,74,Strength Trainer,12.4,106.0,118,73,4,0,0,0,0,false
2025-07-26 00:06:40,2025-07-27 02:36:06,UTC-06:00,2025-07-26 10:28:14,2025-07-26 11:49:04,80,Soccer,15.0,699.0,180,122,23,14,12,16,8,false
2025-07-25 00:10:41,2025-07-26 00:06:40,UTC-06:00,2025-07-25 07:59:52,2025-07-25 09:03:50,63,Strength Trainer,9.3,114.0,119,80,9,0,0,0,0,false
2025-07-24 00:37:46,2025-07-25 00:10:41,UTC-06:00,2025-07-24 15:10:55,2025-07-24 15:38:44,27,Stairmaster,4.8,78.0,126,91,23,0,0,0,0,false
2025-07-24 00:37:46,2025-07-25 00:10:41,UTC-06:00,2025-07-24 13:57:52,2025-07-24 15:03:43,65,Strength Trainer,11.8,88.0,101,68,0,0,0,0,0,false
2025-07-23 00:32:18,2025-07-24 00:37:46,UTC-06:00,2025-07-23 11:23:45,2025-07-23 11:44:45,20,Stairmaster,5.3,106.0,140,104,71,3,0,0,0,false
2025-07-23 00:32:18,2025-07-24 00:37:46,UTC-06:00,2025-07-23 10:29:18,2025-07-23 11:23:16,53,Strength Trainer,9.3,91.0,121,81,12,0,0,0,0,false
2025-07-22 01:12:37,2025-07-23 00:32:18,UTC-06:00,2025-07-22 15:08:55,2025-07-22 15:35:18,26,Running,5.7,130.0,147,103,54,15,1,0,0,false
2025-07-22 01:12:37,2025-07-23 00:32:18,UTC-06:00,2025-07-22 14:11:57,2025-07-22 15:06:04,54,Strength Trainer,4.4,79.0,118,72,8,0,0,0,0,false
2025-07-20 23:02:07,2025-07-22 01:12:37,UTC-06:00,2025-07-21 19:51:07,2025-07-21 20:18:58,27,Running,4.7,74.0,126,92,32,0,0,0,0,false
2025-07-20 23:02:07,2025-07-22 01:12:37,UTC-06:00,2025-07-21 15:30:05,2025-07-21 15:44:46,14,Running,4.8,69.0,140,101,45,13,0,0,0,false
2025-07-20 23:02:07,2025-07-22 01:12:37,UTC-06:00,2025-07-21 14:18:29,2025-07-21 15:29:35,71,Strength Trainer,10.4,101.0,127,76,5,0,0,0,0,false
2025-07-19 00:07:24,2025-07-20 01:21:29,UTC-06:00,2025-07-19 07:57:09,2025-07-19 09:44:24,107,Soccer,17.5,1140.0,183,133,22,15,18,33,2,false
2025-07-17 23:48:30,2025-07-19 00:07:24,UTC-06:00,2025-07-18 08:13:41,2025-07-18 08:58:35,44,Strength Trainer,6.5,66.0,109,73,3,0,0,0,0,false
2025-07-16 23:55:24,2025-07-17 23:48:30,UTC-06:00,2025-07-17 14:53:00,2025-07-17 15:25:41,32,Running,6.1,167.0,147,104,62,11,2,0,0,false
2025-07-16 23:55:24,2025-07-17 23:48:30,UTC-06:00,2025-07-17 13:52:26,2025-07-17 14:51:02,58,Strength Trainer,11.8,88.0,117,73,6,0,0,0,0,false
2025-07-15 23:59:13,2025-07-16 23:55:24,UTC-06:00,2025-07-16 14:50:32,2025-07-16 15:32:46,42,Running,5.5,140.0,122,96,48,0,0,0,0,false
2025-07-15 23:59:13,2025-07-16 23:55:24,UTC-06:00,2025-07-16 13:53:04,2025-07-16 14:47:59,54,Strength Trainer,12.9,90.0,118,80,14,0,0,0,0,false
2025-07-14 22:31:14,2025-07-15 23:59:13,UTC-06:00,2025-07-15 20:54:54,2025-07-15 21:26:17,31,Running,5.7,138.0,145,101,53,11,0,0,0,false
2025-07-14 22:31:14,2025-07-15 23:59:13,UTC-06:00,2025-07-15 08:09:32,2025-07-15 09:03:13,53,Strength Trainer,8.9,77.0,114,71,3,0,0,0,0,false
2025-07-13 23:07:22,2025-07-14 22:31:14,UTC-06:00,2025-07-14 15:14:51,2025-07-14 15:36:04,21,Running,5.4,106.0,140,105,61,12,0,0,0,false
2025-07-13 23:07:22,2025-07-14 22:31:14,UTC-06:00,2025-07-14 14:02:44,2025-07-14 15:12:54,70,Strength Trainer,9.0,97.0,116,70,2,0,0,0,0,false
2025-07-12 00:13:52,2025-07-13 02:00:05,UTC-06:00,2025-07-12 10:57:56,2025-07-12 12:01:20,63,Soccer,14.5,600.0,180,126,25,4,13,33,5,false
2025-07-11 00:05:07,2025-07-12 00:13:52,UTC-06:00,2025-07-11 08:44:39,2025-07-11 09:07:57,23,Running,5.5,121.0,148,106,60,13,0,0,0,false
2025-07-11 00:05:07,2025-07-12 00:13:52,UTC-06:00,2025-07-11 07:54:01,2025-07-11 08:41:28,47,Strength Trainer,7.4,78.0,125,77,8,0,0,0,0,false
2025-07-09 23:34:15,2025-07-11 00:05:07,UTC-06:00,2025-07-10 15:16:58,2025-07-10 15:38:57,21,Running,6.0,129.0,169,109,53,15,4,3,0,false
2025-07-09 23:34:15,2025-07-11 00:05:07,UTC-06:00,2025-07-10 14:26:14,2025-07-10 15:16:32,50,Strength Trainer,7.0,94.0,125,79,15,0,0,0,0,false
2025-07-08 00:17:17,2025-07-08 23:32:58,UTC-06:00,2025-07-08 14:57:19,2025-07-08 15:38:18,40,Running,5.4,126.0,116,95,35,0,0,0,0,false
2025-07-08 00:17:17,2025-07-08 23:32:58,UTC-06:00,2025-07-08 13:56:03,2025-07-08 14:53:43,57,Strength Trainer,8.4,83.0,110,72,3,0,0,0,0,false
2025-07-06 22:47:35,2025-07-08 00:17:17,UTC-06:00,2025-07-07 14:59:47,2025-07-07 15:34:24,34,Running,5.6,145.0,123,101,71,0,0,0,0,false
2025-07-06 22:47:35,2025-07-08 00:17:17,UTC-06:00,2025-07-07 14:00:16,2025-07-07 14:56:55,56,Strength Trainer,11.0,81.0,116,76,3,0,0,0,0,false
2025-07-05 00:18:52,2025-07-06 02:33:46,UTC-06:00,2025-07-05 08:38:54,2025-07-05 10:03:34,84,Soccer,15.2,694.0,175,120,25,7,7,22,6,false
2025-07-04 02:30:32,2025-07-05 00:18:52,UTC-06:00,2025-07-04 08:39:00,2025-07-04 09:24:11,45,Strength Trainer,5.0,74.0,117,83,6,0,0,0,0,false
2025-07-03 00:16:34,2025-07-04 02:30:32,UTC-06:00,2025-07-03 15:12:00,2025-07-03 16:08:05,56,Strength Trainer,8.7,82.0,113,77,5,0,0,0,0,false
2025-07-02 00:35:32,2025-07-03 00:16:34,UTC-06:00,2025-07-02 15:34:28,2025-07-02 16:29:48,55,Running,5.8,167.0,145,95,36,0,0,0,0,false
2025-07-02 00:35:32,2025-07-03 00:16:34,UTC-06:00,2025-07-02 14:28:30,2025-07-02 15:30:23,61,Strength Trainer,6.9,104.0,120,81,7,0,0,0,0,false
2025-07-01 00:07:59,2025-07-02 00:35:32,UTC-06:00,2025-07-01 13:29:59,2025-07-01 13:56:17,26,Running,5.3,118.0,122,103,83,0,0,0,0,false
2025-07-01 00:07:59,2025-07-02 00:35:32,UTC-06:00,2025-07-01 12:35:51,2025-07-01 13:29:07,53,Strength Trainer,8.5,78.0,109,78,2,0,0,0,0,false
2025-06-29 23:21:37,2025-07-01 00:07:59,UTC-06:00,2025-06-30 15:35:15,2025-06-30 16:10:52,35,Running,6.0,175.0,127,105,88,0,0,0,0,false
2025-06-29 23:21:37,2025-07-01 00:07:59,UTC-06:00,2025-06-30 14:27:28,2025-06-30 15:32:39,65,Strength Trainer,13.1,101.0,114,75,7,0,0,0,0,false
2025-06-28 00:33:50,2025-06-28 22:01:43,UTC-06:00,2025-06-28 09:42:00,2025-06-28 10:28:29,46,Soccer,14.7,574.0,177,142,24,5,19,44,7,false
2025-06-27 00:03:58,2025-06-28 00:33:50,UTC-06:00,2025-06-27 07:54:02,2025-06-27 08:50:27,56,Strength Trainer,4.4,88.0,119,77,13,0,0,0,0,false
2025-06-25 23:51:37,2025-06-27 00:03:58,UTC-06:00,2025-06-26 15:22:29,2025-06-26 16:05:54,43,Running,5.7,164.0,120,99,72,0,0,0,0,false
2025-06-25 23:51:37,2025-06-27 00:03:58,UTC-06:00,2025-06-26 13:54:57,2025-06-26 15:17:11,82,Strength Trainer,9.7,116.0,115,72,4,0,0,0,0,false
2025-06-25 00:00:52,2025-06-25 23:51:37,UTC-06:00,2025-06-25 15:15:12,2025-06-25 15:56:27,41,Running,5.6,144.0,130,98,73,0,0,0,0,false
2025-06-25 00:00:52,2025-06-25 23:51:37,UTC-06:00,2025-06-25 14:08:11,2025-06-25 15:14:40,66,Strength Trainer,10.7,101.0,131,77,8,0,0,0,0,false
2025-06-24 00:07:55,2025-06-25 00:00:52,UTC-06:00,2025-06-24 15:15:15,2025-06-24 15:45:15,30,Running,5.1,102.0,125,97,70,0,0,0,0,false
2025-06-24 00:07:55,2025-06-25 00:00:52,UTC-06:00,2025-06-24 14:16:18,2025-06-24 15:14:10,57,Strength Trainer,9.2,93.0,117,80,14,0,0,0,0,false
2025-06-22 23:26:25,2025-06-24 00:07:55,UTC-06:00,2025-06-23 20:15:51,2025-06-23 21:24:09,68,Running,5.3,151.0,133,85,29,0,0,0,0,false
2025-06-22 23:26:25,2025-06-24 00:07:55,UTC-06:00,2025-06-23 14:06:14,2025-06-23 15:07:39,61,Strength Trainer,11.5,88.0,116,75,6,0,0,0,0,false
2025-06-21 01:00:34,2025-06-22 00:07:12,UTC-06:00,2025-06-21 10:16:23,2025-06-21 11:11:44,55,Soccer,14.7,619.0,175,136,20,15,17,32,9,false
2025-06-20 01:10:31,2025-06-21 01:00:34,UTC-06:00,2025-06-20 08:11:18,2025-06-20 09:08:29,57,Strength Trainer,9.4,79.0,114,74,4,0,0,0,0,false
2025-06-19 00:02:12,2025-06-20 01:10:31,UTC-06:00,2025-06-19 15:16:01,2025-06-19 15:41:15,25,Stairmaster,5.3,116.0,125,102,86,0,0,0,0,false
2025-06-19 00:02:12,2025-06-20 01:10:31,UTC-06:00,2025-06-19 14:13:45,2025-06-19 15:15:36,61,Strength Trainer,9.0,85.0,109,78,2,0,0,0,0,false
2025-06-17 23:38:35,2025-06-19 00:02:12,UTC-06:00,2025-06-18 15:27:02,2025-06-18 15:43:33,16,Stairmaster,4.7,66.0,118,98,72,0,0,0,0,false
2025-06-17 23:38:35,2025-06-19 00:02:12,UTC-06:00,2025-06-18 14:35:09,2025-06-18 15:26:50,51,Strength Trainer,7.6,84.0,110,78,10,0,0,0,0,false
2025-06-16 23:27:15,2025-06-17 23:38:35,UTC-06:00,2025-06-17 15:45:10,2025-06-17 15:46:48,1,Running,0.0,2.0,90,78,0,0,0,0,0,false
2025-06-16 23:27:15,2025-06-17 23:38:35,UTC-06:00,2025-06-17 15:05:09,2025-06-17 15:43:28,38,Strength Trainer,7.2,51.0,107,70,1,0,0,0,0,false
2025-06-15 05:48:00,2025-06-16 02:05:02,UTC-07:00,2025-06-15 12:04:30,2025-06-15 12:25:29,20,Walking,5.6,121.0,145,106,62,15,1,0,0,false
2025-06-14 03:28:34,2025-06-15 05:48:00,UTC-07:00,2025-06-14 10:42:00,2025-06-14 11:25:29,43,Activity,6.9,235.0,146,105,69,7,0,0,0,false
2025-06-11 23:22:58,2025-06-13 00:41:02,UTC-06:00,2025-06-12 15:55:06,2025-06-12 16:16:42,21,Running,5.9,141.0,142,110,62,20,0,0,0,false
2025-06-11 23:22:58,2025-06-13 00:41:02,UTC-06:00,2025-06-12 14:53:36,2025-06-12 15:53:35,59,Strength Trainer,10.6,104.0,131,72,9,0,0,0,0,false
2025-06-10 00:20:44,2025-06-11 00:04:02,UTC-06:00,2025-06-10 15:18:16,2025-06-10 15:46:16,28,Stairmaster,5.0,98.0,117,94,47,0,0,0,0,false
2025-06-10 00:20:44,2025-06-11 00:04:02,UTC-06:00,2025-06-10 14:12:59,2025-06-10 15:17:39,64,Strength Trainer,10.3,87.0,113,66,0,0,0,0,0,false
2025-06-08 23:53:46,2025-06-10 00:20:44,UTC-06:00,2025-06-09 16:08:25,2025-06-09 16:35:25,27,Running,7.0,166.0,175,105,43,11,5,6,2,false
2025-06-08 23:53:46,2025-06-10 00:20:44,UTC-06:00,2025-06-09 14:58:09,2025-06-09 16:07:39,69,Strength Trainer,12.2,95.0,118,65,1,0,0,0,0,false
2025-06-07 00:10:33,2025-06-08 00:24:30,UTC-06:00,2025-06-07 12:58:30,2025-06-07 13:41:59,43,Soccer,15.5,608.0,184,149,9,10,14,50,17,false
2025-06-07 00:10:33,2025-06-08 00:24:30,UTC-06:00,2025-06-07 10:56:28,2025-06-07 11:32:11,35,Strength Trainer,4.5,73.0,125,78,19,0,0,0,0,false
2025-06-06 00:49:15,2025-06-07 00:10:33,UTC-06:00,2025-06-06 13:41:06,2025-06-06 14:24:45,43,Strength Trainer,7.4,61.0,104,75,0,0,0,0,0,false
2025-06-05 00:30:07,2025-06-06 00:49:15,UTC-06:00,2025-06-05 15:03:48,2025-06-05 15:32:12,28,Running,6.6,190.0,145,111,67,18,1,0,0,false
2025-06-05 00:30:07,2025-06-06 00:49:15,UTC-06:00,2025-06-05 14:05:39,2025-06-05 14:59:29,53,Strength Trainer,9.5,81.0,109,70,4,0,0,0,0,false
2025-06-03 23:51:00,2025-06-05 00:30:07,UTC-06:00,2025-06-04 15:33:00,2025-06-04 15:56:05,23,Running,5.7,134.0,147,106,62,13,0,0,0,false
2025-06-03 23:51:00,2025-06-05 00:30:07,UTC-06:00,2025-06-04 14:31:57,2025-06-04 15:30:24,58,Strength Trainer,10.7,81.0,115,64,1,0,0,0,0,false
2025-06-02 23:11:20,2025-06-03 23:51:00,UTC-06:00,2025-06-03 07:28:40,2025-06-03 08:11:45,43,Running,5.7,158.0,133,92,52,0,0,0,0,false
2025-06-02 23:11:20,2025-06-03 23:51:00,UTC-06:00,2025-06-03 06:36:30,2025-06-03 07:28:20,51,Strength Trainer,7.2,74.0,107,76,2,0,0,0,0,false
2025-06-01 23:44:03,2025-06-02 23:11:20,UTC-06:00,2025-06-02 20:54:14,2025-06-02 21:31:03,36,Running,5.8,160.0,123,101,69,0,0,0,0,false
2025-06-01 23:44:03,2025-06-02 23:11:20,UTC-06:00,2025-06-02 19:55:57,2025-06-02 20:54:06,58,Strength Trainer,10.2,80.0,113,71,3,0,0,0,0,false
2025-05-31 00:00:38,2025-06-01 00:58:22,UTC-06:00,2025-05-31 09:46:30,2025-05-31 10:25:29,38,Soccer,13.1,431.0,177,135,6,6,31,39,0,false
2025-05-31 00:00:38,2025-06-01 00:58:22,UTC-06:00,2025-05-31 06:37:18,2025-05-31 07:17:18,40,Strength Trainer,5.5,68.0,123,81,10,0,0,0,0,false
2025-05-29 00:16:37,2025-05-29 23:47:35,UTC-06:00,2025-05-29 15:13:20,2025-05-29 15:50:20,37,Running,6.8,206.0,154,107,51,14,7,0,0,false
2025-05-29 00:16:37,2025-05-29 23:47:35,UTC-06:00,2025-05-29 13:53:12,2025-05-29 15:12:08,78,Strength Trainer,10.2,111.0,117,73,3,0,0,0,0,false
2025-05-27 23:50:32,2025-05-29 00:16:37,UTC-06:00,2025-05-28 15:28:34,2025-05-28 15:50:40,22,Stairmaster,4.7,65.0,117,94,33,0,0,0,0,false
2025-05-27 23:50:32,2025-05-29 00:16:37,UTC-06:00,2025-05-28 14:23:49,2025-05-28 15:25:23,61,Strength Trainer,11.7,85.0,111,74,1,0,0,0,0,false
2025-05-27 00:08:40,2025-05-27 23:50:32,UTC-06:00,2025-05-27 14:48:59,2025-05-27 15:17:39,28,Running,7.2,200.0,169,113,46,20,10,6,0,false
2025-05-27 00:08:40,2025-05-27 23:50:32,UTC-06:00,2025-05-27 13:35:36,2025-05-27 14:44:33,68,Strength Trainer,7.7,94.0,101,63,0,0,0,0,0,false
2025-05-26 00:19:16,2025-05-27 00:08:40,UTC-06:00,2025-05-26 14:26:21,2025-05-26 14:52:01,25,Running,6.7,180.0,166,114,55,21,9,2,0,false
2025-05-26 00:19:16,2025-05-27 00:08:40,UTC-06:00,2025-05-26 13:00:28,2025-05-26 14:22:38,82,Strength Trainer,12.0,116.0,112,73,4,0,0,0,0,false
2025-05-24 01:04:43,2025-05-25 00:04:40,UTC-06:00,2025-05-24 12:37:30,2025-05-24 13:38:59,61,Soccer,15.8,716.0,179,139,22,8,13,42,7,false
2025-05-23 01:44:49,2025-05-24 01:04:43,UTC-06:00,2025-05-23 14:14:03,2025-05-23 15:00:03,45,Strength Trainer,8.9,70.0,118,78,7,0,0,0,0,false
2025-05-21 23:53:59,2025-05-23 01:44:49,UTC-06:00,2025-05-22 15:34:17,2025-05-22 15:55:44,21,Running,5.8,130.0,143,110,54,22,1,0,0,false
2025-05-21 23:53:59,2025-05-23 01:44:49,UTC-06:00,2025-05-22 14:27:10,2025-05-22 15:32:56,65,Strength Trainer,11.5,99.0,117,73,5,0,0,0,0,false
2025-05-21 00:45:09,2025-05-21 23:53:59,UTC-06:00,2025-05-21 15:22:37,2025-05-21 15:43:33,20,Running,5.7,133.0,144,110,62,20,0,0,0,false
2025-05-21 00:45:09,2025-05-21 23:53:59,UTC-06:00,2025-05-21 14:07:24,2025-05-21 15:20:03,72,Strength Trainer,10.4,122.0,117,76,8,0,0,0,0,false
2025-05-19 23:13:42,2025-05-21 00:45:09,UTC-06:00,2025-05-20 23:58:30,2025-05-21 00:27:32,29,Activity,4.7,82.0,153,80,24,5,2,0,0,false
2025-05-19 23:13:42,2025-05-21 00:45:09,UTC-06:00,2025-05-20 21:05:34,2025-05-20 21:57:58,52,Strength Trainer,6.0,81.0,119,71,8,0,0,0,0,false
2025-05-19 00:58:11,2025-05-19 23:13:42,UTC-06:00,2025-05-19 21:16:52,2025-05-19 21:38:37,21,Running,5.9,129.0,151,109,46,20,7,0,0,false
2025-05-19 00:58:11,2025-05-19 23:13:42,UTC-06:00,2025-05-19 20:22:51,2025-05-19 21:16:39,53,Strength Trainer,12.6,78.0,116,74,4,0,0,0,0,false
2025-05-17 01:11:38,2025-05-18 00:13:54,UTC-06:00,2025-05-17 12:27:35,2025-05-17 13:38:15,70,Soccer,15.7,720.0,180,131,19,10,12,32,7,false
2025-05-17 01:11:38,2025-05-18 00:13:54,UTC-06:00,2025-05-17 11:10:31,2025-05-17 12:04:16,53,Strength Trainer,10.5,76.0,117,71,2,0,0,0,0,false
2025-05-16 00:35:04,2025-05-17 01:11:38,UTC-06:00,2025-05-16 14:01:23,2025-05-16 14:55:01,53,Strength Trainer,6.2,85.0,118,79,7,0,0,0,0,false
2025-05-15 00:28:32,2025-05-16 00:35:04,UTC-06:00,2025-05-15 08:32:00,2025-05-15 08:54:56,22,Running,7.9,210.0,165,126,42,28,19,8,0,false
2025-05-15 00:28:32,2025-05-16 00:35:04,UTC-06:00,2025-05-15 07:28:13,2025-05-15 08:28:15,60,Strength Trainer,11.0,141.0,136,89,25,0,0,0,0,false
2025-05-14 00:24:03,2025-05-15 00:28:32,UTC-06:00,2025-05-14 14:56:54,2025-05-14 15:27:14,30,Running,8.6,267.0,170,124,43,32,17,4,0,false
2025-05-14 00:24:03,2025-05-15 00:28:32,UTC-06:00,2025-05-14 13:54:09,2025-05-14 14:54:44,60,Strength Trainer,6.8,144.0,131,88,25,0,0,0,0,false
2025-05-13 00:32:30,2025-05-14 00:24:03,UTC-06:00,2025-05-13 15:50:01,2025-05-13 16:37:30,47,Stairmaster,6.3,202.0,142,100,60,3,0,0,0,false
2025-05-13 00:32:30,2025-05-14 00:24:03,UTC-06:00,2025-05-13 14:38:08,2025-05-13 15:49:46,71,Strength Trainer,6.7,173.0,142,86,26,0,0,0,0,false
2025-05-12 00:17:18,2025-05-13 00:32:30,UTC-06:00,2025-05-12 15:12:17,2025-05-12 15:41:39,29,Stairmaster,5.7,151.0,138,105,83,0,0,0,0,false
2025-05-12 00:17:18,2025-05-13 00:32:30,UTC-06:00,2025-05-12 14:14:14,2025-05-12 15:12:06,57,Strength Trainer,10.3,77.0,99,69,0,0,0,0,0,false
2025-05-10 01:22:54,2025-05-11 00:25:45,UTC-06:00,2025-05-10 08:56:38,2025-05-10 10:01:45,65,Soccer,15.7,703.0,178,134,38,11,6,19,19,false
2025-05-08 01:49:53,2025-05-09 00:35:27,UTC-06:00,2025-05-08 22:13:51,2025-05-08 22:43:13,29,Running,6.2,178.0,138,110,90,0,0,0,0,false
2025-05-08 01:49:53,2025-05-09 00:35:27,UTC-06:00,2025-05-08 21:35:35,2025-05-08 22:13:37,38,Strength Trainer,5.8,52.0,113,74,2,0,0,0,0,false
2025-05-07 00:18:41,2025-05-08 01:49:53,UTC-06:00,2025-05-07 20:29:58,2025-05-07 21:10:29,40,Running,7.5,277.0,146,115,92,6,0,0,0,false
2025-05-05 23:41:57,2025-05-07 00:18:41,UTC-06:00,2025-05-06 15:04:59,2025-05-06 15:34:33,29,Stairmaster,5.8,153.0,136,106,75,1,0,0,0,false
2025-05-05 23:41:57,2025-05-07 00:18:41,UTC-06:00,2025-05-06 14:12:03,2025-05-06 15:04:51,52,Strength Trainer,8.4,73.0,110,79,4,0,0,0,0,false
2025-05-04 19:44:16,2025-05-05 23:41:57,UTC-06:00,2025-05-05 15:32:04,2025-05-05 16:07:58,35,Stairmaster,6.9,225.0,141,112,83,7,0,0,0,false
2025-05-04 19:44:16,2025-05-05 23:41:57,UTC-06:00,2025-05-05 14:33:15,2025-05-05 15:30:58,57,Strength Trainer,9.4,100.0,125,80,12,0,0,0,0,false
2025-05-04 19:44:16,2025-05-05 23:41:57,UTC-06:00,2025-05-05 07:55:30,2025-05-05 08:34:29,38,Activity,10.1,342.0,164,124,20,37,31,0,0,false
2025-05-04 00:14:07,2025-05-04 19:44:16,UTC-06:00,2025-05-04 11:11:22,2025-05-04 12:00:58,49,Running,8.0,304.0,143,110,65,13,0,0,0,false
2025-05-02 23:49:06,2025-05-04 00:14:07,UTC-06:00,2025-05-03 12:45:14,2025-05-03 13:13:24,28,Running,6.0,162.0,134,110,81,2,0,0,0,false
2025-05-02 23:49:06,2025-05-04 00:14:07,UTC-06:00,2025-05-03 11:47:50,2025-05-03 12:45:03,57,Strength Trainer,4.4,77.0,108,71,0,0,0,0,0,false
2025-05-02 01:34:32,2025-05-02 23:49:06,UTC-06:00,2025-05-02 08:43:01,2025-05-02 09:10:22,27,Stairmaster,7.0,198.0,152,117,59,25,2,0,0,false
2025-05-02 01:34:32,2025-05-02 23:49:06,UTC-06:00,2025-05-02 08:02:22,2025-05-02 08:42:37,40,Strength Trainer,9.9,63.0,120,76,6,0,0,0,0,false
2025-05-01 01:58:10,2025-05-02 01:34:32,UTC-06:00,2025-05-01 14:22:27,2025-05-01 14:49:24,26,Stairmaster,7.6,222.0,149,122,48,40,5,0,0,false
2025-05-01 01:58:10,2025-05-02 01:34:32,UTC-06:00,2025-05-01 13:25:05,2025-05-01 14:22:04,56,Strength Trainer,7.3,133.0,139,87,24,1,0,0,0,false
2025-04-30 00:19:11,2025-05-01 01:58:10,UTC-06:00,2025-04-30 22:01:58,2025-04-30 22:33:36,31,Running,6.3,181.0,154,109,80,2,0,0,0,false
2025-04-29 00:30:10,2025-04-30 00:19:11,UTC-06:00,2025-04-29 16:46:46,2025-04-29 17:24:23,37,Running,8.3,277.0,146,117,47,35,1,0,0,false
2025-04-29 00:30:10,2025-04-30 00:19:11,UTC-06:00,2025-04-29 15:47:51,2025-04-29 16:46:27,58,Strength Trainer,4.7,83.0,114,73,2,0,0,0,0,false
2025-04-28 00:48:44,2025-04-29 00:30:10,UTC-06:00,2025-04-28 15:01:44,2025-04-28 15:32:53,31,Stairmaster,5.7,142.0,134,104,59,1,0,0,0,false
2025-04-28 00:48:44,2025-04-29 00:30:10,UTC-06:00,2025-04-28 13:58:22,2025-04-28 15:00:04,61,Strength Trainer,11.1,83.0,127,70,0,0,0,0,0,false
2025-04-26 02:17:15,2025-04-27 02:30:45,UTC-06:00,2025-04-26 11:31:30,2025-04-26 12:17:59,46,Soccer,14.8,590.0,179,144,17,10,17,44,11,false
2025-04-25 01:56:45,2025-04-26 02:17:15,UTC-06:00,2025-04-25 21:01:02,2025-04-25 21:40:50,39,Strength Trainer,11.6,54.0,105,77,0,0,0,0,0,false
2025-04-24 01:12:39,2025-04-25 01:56:45,UTC-06:00,2025-04-24 14:45:29,2025-04-24 15:17:36,32,Stairmaster,6.9,209.0,139,114,57,23,0,0,0,false
2025-04-24 01:12:39,2025-04-25 01:56:45,UTC-06:00,2025-04-24 14:04:05,2025-04-24 14:44:32,40,Strength Trainer,7.0,72.0,130,85,11,0,0,0,0,false
2025-04-22 01:29:06,2025-04-23 01:28:31,UTC-06:00,2025-04-22 21:30:00,2025-04-22 21:55:29,25,Activity,5.4,115.0,147,102,56,7,0,0,0,false
2025-04-22 01:29:06,2025-04-23 01:28:31,UTC-06:00,2025-04-22 15:13:14,2025-04-22 15:39:38,26,Stairmaster,6.7,183.0,141,116,62,24,0,0,0,false
2025-04-22 01:29:06,2025-04-23 01:28:31,UTC-06:00,2025-04-22 14:33:16,2025-04-22 15:12:51,39,Strength Trainer,8.4,81.0,127,85,18,0,0,0,0,false
2025-04-21 00:50:24,2025-04-22 01:29:06,UTC-06:00,2025-04-21 15:24:38,2025-04-21 15:50:13,25,Stairmaster,6.1,162.0,137,114,77,9,0,0,0,false
2025-04-21 00:50:24,2025-04-22 01:29:06,UTC-06:00,2025-04-21 14:14:32,2025-04-21 15:22:12,67,Strength Trainer,10.7,96.0,116,77,3,0,0,0,0,false
2025-04-16 01:48:44,2025-04-17 02:59:28,UTC-06:00,2025-04-16 08:48:00,2025-04-16 09:07:29,19,Activity,10.1,235.0,198,142,15,22,38,8,17,false
2025-04-15 00:39:41,2025-04-16 01:48:44,UTC-06:00,2025-04-15 14:44:52,2025-04-15 15:29:53,45,Strength Trainer,6.4,61.0,123,73,2,0,0,0,0,false
2025-04-13 23:45:31,2025-04-15 00:39:41,UTC-06:00,2025-04-14 15:01:12,2025-04-14 15:28:15,27,Stairmaster,4.7,75.0,125,94,39,0,0,0,0,false
2025-04-13 23:45:31,2025-04-15 00:39:41,UTC-06:00,2025-04-14 14:08:13,2025-04-14 15:00:12,51,Strength Trainer,8.3,69.0,110,72,0,0,0,0,0,false
2025-04-10 00:20:18,2025-04-11 00:44:29,UTC-06:00,2025-04-10 07:04:14,2025-04-10 07:26:17,22,Running,5.1,101.0,134,104,72,0,0,0,0,false
2025-04-09 00:32:07,2025-04-10 00:20:18,UTC-06:00,2025-04-09 21:55:10,2025-04-09 22:03:03,7,Running,4.1,18.0,146,88,27,2,0,0,0,false
2025-04-09 00:32:07,2025-04-10 00:20:18,UTC-06:00,2025-04-09 21:19:20,2025-04-09 21:50:35,31,Strength Trainer,4.7,46.0,117,77,7,0,0,0,0,false
2025-04-07 23:57:22,2025-04-09 00:32:07,UTC-06:00,2025-04-08 14:32:19,2025-04-08 15:33:44,61,Strength Trainer,11.9,89.0,109,80,5,0,0,0,0,false
2025-04-06 23:26:38,2025-04-07 23:57:22,UTC-06:00,2025-04-07 20:59:17,2025-04-07 21:37:03,37,Strength Trainer,4.1,56.0,123,80,7,0,0,0,0,false
2025-04-05 00:46:22,2025-04-06 01:44:40,UTC-06:00,2025-04-05 13:11:46,2025-04-05 13:38:29,26,Strength Trainer,4.1,39.0,111,77,2,0,0,0,0,false
2025-04-03 23:56:12,2025-04-05 00:46:22,UTC-06:00,2025-04-04 22:08:14,2025-04-04 22:52:01,43,Running,8.6,319.0,146,117,62,28,0,0,0,false
2025-04-03 00:20:36,2025-04-03 23:56:12,UTC-06:00,2025-04-03 15:03:00,2025-04-03 15:17:54,14,Activity,5.1,93.0,139,112,84,12,0,0,0,false
2025-04-03 00:20:36,2025-04-03 23:56:12,UTC-06:00,2025-04-03 14:13:06,2025-04-03 14:53:23,40,Strength Trainer,9.1,91.0,125,89,24,0,0,0,0,false
2025-04-02 00:32:05,2025-04-03 00:20:36,UTC-06:00,2025-04-02 14:56:19,2025-04-02 15:22:22,26,Stairmaster,5.9,148.0,141,109,72,4,0,0,0,false
2025-04-02 00:32:05,2025-04-03 00:20:36,UTC-06:00,2025-04-02 13:56:36,2025-04-02 14:53:11,56,Strength Trainer,12.3,94.0,120,80,8,0,0,0,0,false
2025-03-31 23:59:36,2025-04-02 00:32:05,UTC-06:00,2025-04-01 15:11:29,2025-04-01 15:37:11,25,Stairmaster,7.7,202.0,150,119,34,27,18,0,0,false
2025-03-31 23:59:36,2025-04-02 00:32:05,UTC-06:00,2025-04-01 14:30:54,2025-04-01 15:09:37,38,Strength Trainer,5.8,61.0,118,81,8,0,0,0,0,false
2025-03-31 00:05:59,2025-03-31 23:59:36,UTC-06:00,2025-03-31 15:13:17,2025-03-31 15:27:21,14,Stairmaster,4.8,69.0,127,105,72,0,0,0,0,false
2025-03-31 00:05:59,2025-03-31 23:59:36,UTC-06:00,2025-03-31 14:11:41,2025-03-31 15:10:54,59,Strength Trainer,10.1,95.0,112,83,5,0,0,0,0,false
2025-03-29 01:15:54,2025-03-30 00:53:48,UTC-06:00,2025-03-29 09:15:00,2025-03-29 09:36:39,21,Running,7.9,213.0,150,130,25,63,12,0,0,false
2025-03-29 01:15:54,2025-03-30 00:53:48,UTC-06:00,2025-03-29 08:45:46,2025-03-29 09:12:32,26,Strength Trainer,7.2,43.0,118,78,4,0,0,0,0,false
2025-03-27 00:18:41,2025-03-28 00:18:53,UTC-06:00,2025-03-27 22:18:13,2025-03-27 22:44:51,26,Running,7.2,209.0,143,119,48,43,0,0,0,false
2025-03-27 00:18:41,2025-03-28 00:18:53,UTC-06:00,2025-03-27 21:25:07,2025-03-27 22:17:57,52,Strength Trainer,8.9,85.0,120,77,8,0,0,0,0,false
2025-03-26 00:39:07,2025-03-27 00:18:41,UTC-06:00,2025-03-26 14:56:45,2025-03-26 15:40:39,43,Stairmaster,7.1,234.0,136,108,63,13,0,0,0,false
2025-03-26 00:39:07,2025-03-27 00:18:41,UTC-06:00,2025-03-26 14:05:38,2025-03-26 14:48:53,43,Strength Trainer,10.9,77.0,115,88,6,0,0,0,0,false
2025-03-24 23:46:24,2025-03-26 00:39:07,UTC-06:00,2025-03-25 14:14:22,2025-03-25 14:51:39,37,Running,9.5,317.0,161,123,32,41,15,2,0,false
2025-03-24 23:46:24,2025-03-26 00:39:07,UTC-06:00,2025-03-25 13:24:40,2025-03-25 14:05:36,40,Strength Trainer,4.7,58.0,112,81,2,0,0,0,0,false
2025-03-23 23:44:26,2025-03-24 23:46:24,UTC-06:00,2025-03-24 15:02:29,2025-03-24 15:43:45,41,Stairmaster,6.4,203.0,138,105,72,1,0,0,0,false
2025-03-23 23:44:26,2025-03-24 23:46:24,UTC-06:00,2025-03-24 14:07:30,2025-03-24 15:01:19,53,Strength Trainer,9.6,79.0,123,78,5,0,0,0,0,false
2025-03-21 23:38:02,2025-03-23 03:23:33,UTC-06:00,2025-03-22 21:12:19,2025-03-22 21:53:30,41,Strength Trainer,8.6,84.0,124,86,22,0,0,0,0,false
2025-03-20 01:28:13,2025-03-21 00:22:47,UTC-06:00,2025-03-20 14:11:48,2025-03-20 14:44:28,32,Running,12.4,395.0,175,141,10,27,38,19,5,false
2025-03-19 00:25:44,2025-03-20 01:28:13,UTC-06:00,2025-03-19 14:58:34,2025-03-19 15:24:12,25,Stairmaster,7.1,208.0,143,121,58,40,0,0,0,false
2025-03-19 00:25:44,2025-03-20 01:28:13,UTC-06:00,2025-03-19 14:08:30,2025-03-19 14:52:41,44,Strength Trainer,9.0,83.0,131,86,14,0,0,0,0,false
2025-03-18 00:05:56,2025-03-19 00:25:44,UTC-06:00,2025-03-18 14:56:04,2025-03-18 15:21:33,25,Stairmaster,6.0,152.0,137,111,62,17,0,0,0,false
2025-03-18 00:05:56,2025-03-19 00:25:44,UTC-06:00,2025-03-18 13:54:20,2025-03-18 14:55:20,61,Strength Trainer,6.6,118.0,137,87,15,0,0,0,0,false
2025-03-17 00:55:48,2025-03-18 00:05:56,UTC-06:00,2025-03-17 13:49:54,2025-03-17 14:28:08,38,Running,10.0,337.0,152,125,42,23,29,0,0,false
2025-03-17 00:55:48,2025-03-18 00:05:56,UTC-06:00,2025-03-17 12:55:56,2025-03-17 13:49:42,53,Strength Trainer,9.9,73.0,114,72,2,0,0,0,0,false
2025-03-16 02:13:59,2025-03-17 00:55:48,UTC-06:00,2025-03-16 22:19:59,2025-03-16 22:52:48,32,Running,8.1,266.0,148,122,57,35,4,0,0,false
2025-03-16 02:13:59,2025-03-17 00:55:48,UTC-06:00,2025-03-16 14:13:30,2025-03-16 14:29:59,16,Activity,9.0,181.0,196,136,23,20,27,13,13,false
2025-03-15 01:08:03,2025-03-16 02:13:59,UTC-06:00,2025-03-15 09:30:07,2025-03-15 09:53:46,23,Running,9.6,250.0,156,134,9,22,56,1,0,false
2025-03-15 01:08:03,2025-03-16 02:13:59,UTC-06:00,2025-03-15 08:48:22,2025-03-15 09:29:56,41,Strength Trainer,11.2,64.0,111,83,5,0,0,0,0,false
2025-03-14 00:37:22,2025-03-15 01:08:03,UTC-06:00,2025-03-14 22:22:44,2025-03-14 22:57:14,34,Running,7.9,255.0,152,119,40,42,2,0,0,false
2025-03-13 01:08:26,2025-03-14 00:37:22,UTC-06:00,2025-03-13 22:59:53,2025-03-13 23:35:47,35,Running,8.4,281.0,151,121,49,36,7,0,0,false
2025-03-13 01:08:26,2025-03-14 00:37:22,UTC-06:00,2025-03-13 22:07:40,2025-03-13 22:55:22,47,Strength Trainer,10.2,92.0,126,86,21,0,0,0,0,false
2025-03-12 00:16:26,2025-03-13 01:08:26,UTC-06:00,2025-03-12 15:14:01,2025-03-12 15:45:31,31,Stairmaster,6.0,158.0,140,106,56,13,0,0,0,false
2025-03-12 00:16:26,2025-03-13 01:08:26,UTC-06:00,2025-03-12 14:16:27,2025-03-12 15:10:45,54,Strength Trainer,11.2,74.0,110,78,1,0,0,0,0,false
2025-03-10 23:36:15,2025-03-12 00:16:26,UTC-06:00,2025-03-11 14:46:02,2025-03-11 15:14:25,28,Stairmaster,8.4,256.0,152,127,26,56,12,0,0,false
2025-03-10 23:36:15,2025-03-12 00:16:26,UTC-06:00,2025-03-11 14:03:16,2025-03-11 14:43:19,40,Strength Trainer,8.0,81.0,141,85,19,1,0,0,0,false
2025-03-09 22:35:43,2025-03-10 23:36:15,UTC-06:00,2025-03-10 15:38:33,2025-03-10 16:21:01,42,Stairmaster,7.4,256.0,145,112,62,19,0,0,0,false
2025-03-09 22:35:43,2025-03-10 23:36:15,UTC-06:00,2025-03-10 14:38:43,2025-03-10 15:37:41,58,Strength Trainer,11.2,90.0,115,84,5,0,0,0,0,false
2025-03-06 00:09:44,2025-03-07 00:38:56,UTC-06:00,2025-03-06 21:28:07,2025-03-06 22:05:30,37,Running,7.4,235.0,163,112,62,15,2,1,0,false
2025-03-05 00:41:10,2025-03-06 00:09:44,UTC-06:00,2025-03-05 15:39:24,2025-03-05 15:58:23,18,Stairmaster,7.2,176.0,148,127,34,48,18,0,0,false
2025-03-05 00:41:10,2025-03-06 00:09:44,UTC-06:00,2025-03-05 14:43:54,2025-03-05 15:38:10,54,Strength Trainer,12.7,133.0,135,92,25,1,0,0,0,false
2025-03-04 00:26:16,2025-03-05 00:41:10,UTC-06:00,2025-03-04 15:19:27,2025-03-04 15:52:26,32,Stairmaster,8.0,249.0,148,119,37,44,3,0,0,false
2025-03-04 00:26:16,2025-03-05 00:41:10,UTC-06:00,2025-03-04 14:30:07,2025-03-04 15:18:16,48,Strength Trainer,8.8,83.0,127,84,12,0,0,0,0,false
2025-03-02 23:36:07,2025-03-04 00:26:16,UTC-06:00,2025-03-03 21:45:59,2025-03-03 22:10:05,24,Running,7.8,180.0,166,118,65,2,5,18,0,false
2025-03-02 23:36:07,2025-03-04 00:26:16,UTC-06:00,2025-03-03 20:41:01,2025-03-03 21:43:58,62,Strength Trainer,12.3,97.0,123,72,6,0,0,0,0,false
2025-03-02 04:04:34,2025-03-02 23:36:07,UTC-06:00,2025-03-02 19:00:00,2025-03-02 19:11:28,11,Activity,5.8,105.0,154,126,34,46,20,0,0,false
2025-02-25 00:19:55,2025-02-26 00:28:14,UTC-06:00,2025-02-25 21:23:29,2025-02-25 21:54:12,30,Running,6.6,190.0,135,111,76,6,0,0,0,false
2025-02-25 00:19:55,2025-02-26 00:28:14,UTC-06:00,2025-02-25 20:37:54,2025-02-25 21:21:57,44,Strength Trainer,10.1,102.0,135,85,25,0,0,0,0,false
2025-02-23 22:57:41,2025-02-25 00:19:55,UTC-06:00,2025-02-24 22:08:50,2025-02-24 22:28:56,20,Running,5.3,111.0,144,108,84,5,0,0,0,false
2025-02-23 22:57:41,2025-02-25 00:19:55,UTC-06:00,2025-02-24 21:04:55,2025-02-24 22:02:10,57,Strength Trainer,12.4,124.0,137,86,23,0,0,0,0,false
2025-02-22 00:22:41,2025-02-23 00:36:59,UTC-06:00,2025-02-22 08:57:17,2025-02-22 09:13:48,16,Running,5.4,108.0,146,113,90,3,0,0,0,false
2025-02-22 00:22:41,2025-02-23 00:36:59,UTC-06:00,2025-02-22 08:08:15,2025-02-22 08:55:33,47,Strength Trainer,10.2,76.0,127,79,6,0,0,0,0,false
2025-02-20 00:25:31,2025-02-21 00:24:40,UTC-06:00,2025-02-20 21:23:04,2025-02-20 22:08:31,45,Strength Trainer,7.4,77.0,135,79,6,0,0,0,0,false
2025-02-16 21:44:06,2025-02-17 23:22:51,UTC-08:00,2025-02-17 07:02:46,2025-02-17 07:47:10,44,Strength Trainer,10.6,77.0,125,80,8,0,0,0,0,false
2025-02-16 00:56:32,2025-02-16 23:44:06,UTC-06:00,2025-02-16 16:55:30,2025-02-16 17:01:34,6,Activity,4.5,40.0,140,114,84,9,0,0,0,false
2025-02-14 23:58:24,2025-02-16 00:56:32,UTC-06:00,2025-02-15 12:43:30,2025-02-15 13:29:59,46,Soccer,14.7,572.0,179,142,21,8,14,42,12,false
2025-02-13 01:05:09,2025-02-14 00:27:20,UTC-06:00,2025-02-13 15:02:21,2025-02-13 15:58:13,55,Strength Trainer,11.4,216.0,151,99,34,9,0,0,0,false
2025-02-12 00:48:23,2025-02-13 01:05:09,UTC-06:00,2025-02-12 15:28:25,2025-02-12 15:53:59,25,Running,6.9,179.0,162,116,58,13,11,1,0,false
2025-02-11 00:52:20,2025-02-12 00:48:23,UTC-06:00,2025-02-11 15:04:02,2025-02-11 15:39:49,35,Strength Trainer,8.9,79.0,127,91,24,0,0,0,0,false
2025-02-09 23:06:18,2025-02-11 00:52:20,UTC-06:00,2025-02-10 15:17:21,2025-02-10 15:40:54,23,Running,5.4,118.0,139,108,77,0,0,0,0,false
2025-02-09 23:06:18,2025-02-11 00:52:20,UTC-06:00,2025-02-10 14:28:30,2025-02-10 15:16:48,48,Strength Trainer,6.8,101.0,137,92,24,0,0,0,0,false
2025-02-08 23:50:55,2025-02-09 23:06:18,UTC-06:00,2025-02-09 13:08:27,2025-02-09 13:38:15,29,Strength Trainer,9.7,40.0,99,70,0,0,0,0,0,false
2025-02-08 00:59:34,2025-02-08 23:50:55,UTC-06:00,2025-02-08 10:50:49,2025-02-08 11:39:52,49,Strength Trainer,6.2,66.0,108,69,0,0,0,0,0,false
2025-02-02 23:15:07,2025-02-04 00:11:25,UTC-06:00,2025-02-03 12:29:16,2025-02-03 13:11:35,42,Strength Trainer,11.2,63.0,129,80,6,0,0,0,0,false
2025-01-31 23:59:57,2025-02-02 02:06:11,UTC-06:00,2025-02-01 07:34:11,2025-02-01 08:09:20,35,Strength Trainer,5.6,50.0,113,77,3,0,0,0,0,false
2025-01-30 00:36:10,2025-01-31 01:43:16,UTC-06:00,2025-01-30 14:40:13,2025-01-30 15:49:37,69,Strength Trainer,11.1,128.0,133,90,15,0,0,0,0,false
2025-01-29 00:49:03,2025-01-30 00:36:10,UTC-06:00,2025-01-29 14:55:55,2025-01-29 15:07:17,11,Rowing,5.4,87.0,141,120,43,44,0,0,0,false
2025-01-29 00:49:03,2025-01-30 00:36:10,UTC-06:00,2025-01-29 14:16:37,2025-01-29 14:53:15,36,Strength Trainer,5.6,93.0,135,94,33,1,0,0,0,false
2025-01-28 00:30:42,2025-01-29 00:49:03,UTC-06:00,2025-01-28 22:42:33,2025-01-28 23:14:45,32,Strength Trainer,5.4,56.0,123,87,10,0,0,0,0,false
2025-01-27 00:17:26,2025-01-28 00:30:42,UTC-06:00,2025-01-27 14:07:28,2025-01-27 14:56:40,49,Strength Trainer,14.0,158.0,126,98,51,0,0,0,0,false
2025-01-25 01:16:10,2025-01-26 01:05:23,UTC-06:00,2025-01-25 11:59:49,2025-01-25 12:34:43,34,Soccer,13.5,402.0,178,139,31,8,7,21,25,false
2025-01-24 01:33:20,2025-01-25 01:16:10,UTC-06:00,2025-01-24 13:15:11,2025-01-24 14:04:39,49,Strength Trainer,5.8,175.0,139,99,51,2,0,0,0,false
2025-01-22 23:52:12,2025-01-23 23:33:20,UTC-08:00,2025-01-23 08:27:23,2025-01-23 08:33:46,6,Running,4.8,50.0,152,121,24,47,9,0,0,false
2025-01-22 23:52:12,2025-01-23 23:33:20,UTC-08:00,2025-01-23 07:37:06,2025-01-23 08:26:32,49,Strength Trainer,10.9,99.0,130,86,8,0,0,0,0,false
2025-01-22 23:52:12,2025-01-23 23:33:20,UTC-08:00,2025-01-23 07:32:02,2025-01-23 07:36:50,4,Running,4.5,38.0,139,122,48,39,0,0,0,false
2025-01-21 23:49:43,2025-01-22 23:52:12,UTC-08:00,2025-01-22 06:54:51,2025-01-22 07:29:23,34,Strength Trainer,9.4,48.0,104,76,0,0,0,0,0,false
2025-01-20 22:27:29,2025-01-21 23:49:43,UTC-08:00,2025-01-21 07:08:08,2025-01-21 07:15:08,7,Running,6.1,72.0,163,133,2,5,23,43,0,false
2025-01-20 22:27:29,2025-01-21 23:49:43,UTC-08:00,2025-01-21 06:28:56,2025-01-21 07:07:56,39,Strength Trainer,11.2,101.0,135,94,9,0,0,0,0,false
2025-01-20 22:27:29,2025-01-21 23:49:43,UTC-08:00,2025-01-21 06:21:00,2025-01-21 06:28:38,7,Running,4.7,50.0,147,114,43,25,2,0,0,false
2025-01-20 00:44:25,2025-01-21 00:27:29,UTC-06:00,2025-01-20 12:50:50,2025-01-20 13:11:28,20,Strength Trainer,9.9,75.0,142,100,20,5,0,0,0,false
2025-01-17 23:57:12,2025-01-19 00:51:51,UTC-06:00,2025-01-18 08:41:06,2025-01-18 09:15:05,33,Running,10.4,332.0,169,130,21,32,21,13,0,false
2025-01-17 00:57:57,2025-01-17 23:57:12,UTC-06:00,2025-01-17 08:47:14,2025-01-17 09:18:52,31,Running,6.7,186.0,154,111,22,25,3,0,0,false
2025-01-17 00:57:57,2025-01-17 23:57:12,UTC-06:00,2025-01-17 07:59:30,2025-01-17 08:43:23,43,Strength Trainer,4.3,71.0,121,81,1,0,0,0,0,false
2025-01-16 00:27:37,2025-01-17 00:57:57,UTC-06:00,2025-01-16 07:48:11,2025-01-16 08:07:15,19,Running,8.1,180.0,165,128,10,9,51,5,0,false
2025-01-16 00:27:37,2025-01-17 00:57:57,UTC-06:00,2025-01-16 07:07:00,2025-01-16 07:47:33,40,Strength Trainer,11.8,133.0,138,94,15,3,0,0,0,false
2025-01-14 00:41:39,2025-01-15 00:24:40,UTC-06:00,2025-01-14 15:30:03,2025-01-14 15:41:47,11,Stairmaster,5.2,81.0,148,116,46,23,6,0,0,false
2025-01-14 00:41:39,2025-01-15 00:24:40,UTC-06:00,2025-01-14 14:49:55,2025-01-14 15:28:08,38,Strength Trainer,9.0,117.0,134,96,12,1,0,0,0,false
2025-01-13 00:19:35,2025-01-14 00:41:39,UTC-06:00,2025-01-13 15:56:10,2025-01-13 16:14:43,18,Running,7.7,185.0,161,131,6,57,23,4,0,false
2025-01-13 00:19:35,2025-01-14 00:41:39,UTC-06:00,2025-01-13 15:07:13,2025-01-13 15:56:01,48,Strength Trainer,11.3,124.0,133,90,5,0,0,0,0,false
2025-01-11 01:16:48,2025-01-12 01:04:34,UTC-06:00,2025-01-11 12:19:22,2025-01-11 12:41:35,22,Strength Trainer,6.3,56.0,127,92,3,0,0,0,0,false
2025-01-11 01:16:48,2025-01-12 01:04:34,UTC-06:00,2025-01-11 10:00:42,2025-01-11 11:18:42,78,Soccer,14.7,636.0,179,120,13,11,7,13,10,false
2025-01-10 01:05:01,2025-01-11 01:16:48,UTC-06:00,2025-01-10 13:57:38,2025-01-10 14:44:02,46,Strength Trainer,5.4,106.0,121,90,1,0,0,0,0,false
2025-01-09 01:33:04,2025-01-10 01:05:01,UTC-06:00,2025-01-09 16:17:04,2025-01-09 16:19:35,2,Running,4.2,15.0,150,109,45,12,15,0,0,false
2025-01-09 01:33:04,2025-01-10 01:05:01,UTC-06:00,2025-01-09 15:21:44,2025-01-09 16:07:16,45,Strength Trainer,10.3,85.0,127,84,3,0,0,0,0,false
2025-01-08 01:04:31,2025-01-09 01:33:04,UTC-06:00,2025-01-08 15:43:23,2025-01-08 15:59:46,16,Running,6.8,146.0,161,125,18,34,27,2,0,false
2025-01-08 01:04:31,2025-01-09 01:33:04,UTC-06:00,2025-01-08 15:09:49,2025-01-08 15:42:27,32,Strength Trainer,6.7,94.0,133,95,7,1,0,0,0,false
2025-01-07 02:19:31,2025-01-08 01:04:31,UTC-06:00,2025-01-07 15:18:54,2025-01-07 15:41:38,22,Running,7.0,182.0,161,119,50,19,10,4,0,false
2025-01-07 02:19:31,2025-01-08 01:04:31,UTC-06:00,2025-01-07 14:28:18,2025-01-07 15:14:44,46,Strength Trainer,4.0,65.0,106,74,0,0,0,0,0,false
2025-01-06 01:03:07,2025-01-07 02:19:31,UTC-06:00,2025-01-06 15:14:43,2025-01-06 15:38:50,24,Running,5.7,145.0,143,109,54,2,0,0,0,false
2025-01-06 01:03:07,2025-01-07 02:19:31,UTC-06:00,2025-01-06 14:13:57,2025-01-06 15:14:22,60,Strength Trainer,9.3,94.0,115,79,0,0,0,0,0,false
2025-01-04 01:22:04,2025-01-05 02:20:46,UTC-06:00,2025-01-04 09:46:52,2025-01-04 10:21:14,34,Running,8.8,289.0,150,122,19,43,14,0,0,false
2025-01-04 01:22:04,2025-01-05 02:20:46,UTC-06:00,2025-01-04 09:13:09,2025-01-04 09:46:30,33,Strength Trainer,6.5,52.0,114,78,0,0,0,0,0,false
2025-01-03 00:22:01,2025-01-04 01:22:04,UTC-06:00,2025-01-03 14:13:42,2025-01-03 14:31:23,17,Running,4.9,84.0,128,102,24,0,0,0,0,false
2025-01-03 00:22:01,2025-01-04 01:22:04,UTC-06:00,2025-01-03 13:08:49,2025-01-03 14:13:34,64,Strength Trainer,5.4,113.0,129,73,1,0,0,0,0,false
2025-01-02 01:55:16,2025-01-03 00:22:01,UTC-06:00,2025-01-02 15:03:23,2025-01-02 15:29:04,25,Running,6.1,164.0,133,112,54,8,0,0,0,false
2025-01-02 01:55:16,2025-01-03 00:22:01,UTC-06:00,2025-01-02 13:59:55,2025-01-02 15:03:12,63,Strength Trainer,5.3,90.0,130,72,1,0,0,0,0,false
2025-01-01 04:09:19,2025-01-02 01:55:16,UTC-06:00,2025-01-01 13:38:36,2025-01-01 14:09:40,31,Running,6.3,185.0,136,110,59,1,0,0,0,false
2025-01-01 04:09:19,2025-01-02 01:55:16,UTC-06:00,2025-01-01 12:57:04,2025-01-01 13:37:18,40,Strength Trainer,10.6,67.0,121,73,2,0,0,0,0,false
2024-12-31 01:01:27,2025-01-01 04:09:19,UTC-06:00,2024-12-31 12:33:29,2024-12-31 13:00:41,27,Running,8.7,224.0,162,121,20,23,11,14,0,false
2024-12-31 01:01:27,2025-01-01 04:09:19,UTC-06:00,2024-12-31 11:46:20,2024-12-31 12:30:27,44,Strength Trainer,4.7,98.0,126,83,6,0,0,0,0,false
2024-12-30 00:23:24,2024-12-31 01:01:27,UTC-06:00,2024-12-30 15:04:46,2024-12-30 15:37:03,32,Running,6.5,182.0,138,107,38,15,0,0,0,false
2024-12-30 00:23:24,2024-12-31 01:01:27,UTC-06:00,2024-12-30 13:53:30,2024-12-30 14:58:56,65,Strength Trainer,10.6,97.0,124,75,0,0,0,0,0,false
2024-12-27 00:49:59,2024-12-28 00:46:57,UTC-06:00,2024-12-27 09:01:30,2024-12-27 09:23:59,22,Activity,9.1,250.0,175,136,11,46,38,5,0,false
2024-12-27 00:49:59,2024-12-28 00:46:57,UTC-06:00,2024-12-27 08:23:30,2024-12-27 08:51:24,27,Running,6.2,163.0,152,109,48,5,3,0,0,false
2024-12-27 00:49:59,2024-12-28 00:46:57,UTC-06:00,2024-12-27 07:49:24,2024-12-27 08:23:02,33,Strength Trainer,4.1,48.0,112,73,0,0,0,0,0,false
2024-12-25 23:52:28,2024-12-27 00:49:59,UTC-06:00,2024-12-26 15:06:07,2024-12-26 15:27:26,21,Running,4.8,72.0,133,97,1,0,0,0,0,false
2024-12-25 23:52:28,2024-12-27 00:49:59,UTC-06:00,2024-12-26 14:21:22,2024-12-26 15:05:53,44,Strength Trainer,7.3,64.0,109,73,0,0,0,0,0,false
2024-12-24 00:41:51,2024-12-25 00:46:48,UTC-06:00,2024-12-24 07:50:33,2024-12-24 08:28:37,38,Strength Trainer,4.2,59.0,110,79,0,0,0,0,0,false
2024-12-23 01:30:56,2024-12-24 00:41:51,UTC-06:00,2024-12-23 15:39:36,2024-12-23 15:55:53,16,Running,4.7,66.0,123,100,7,0,0,0,0,false
2024-12-23 01:30:56,2024-12-24 00:41:51,UTC-06:00,2024-12-23 15:02:55,2024-12-23 15:39:16,36,Strength Trainer,6.2,55.0,121,77,0,0,0,0,0,false
2024-12-20 00:48:17,2024-12-21 01:11:21,UTC-06:00,2024-12-20 14:10:12,2024-12-20 14:35:41,25,Running,6.4,168.0,160,115,55,9,2,2,0,false
2024-12-20 00:48:17,2024-12-21 01:11:21,UTC-06:00,2024-12-20 13:25:50,2024-12-20 14:05:55,40,Strength Trainer,6.2,60.0,120,80,0,0,0,0,0,false
2024-12-19 01:40:31,2024-12-20 00:48:17,UTC-06:00,2024-12-19 13:27:56,2024-12-19 14:31:42,63,Strength Trainer,6.6,84.0,112,78,0,0,0,0,0,false
2024-12-18 00:15:04,2024-12-18 23:40:31,UTC-08:00,2024-12-18 07:24:48,2024-12-18 08:27:53,63,Strength Trainer,9.8,83.0,107,68,0,0,0,0,0,false
2024-12-14 00:47:20,2024-12-15 00:07:58,UTC-06:00,2024-12-14 11:15:00,2024-12-14 12:01:29,46,Soccer,13.8,537.0,173,139,8,10,36,32,2,false
2024-12-13 00:25:07,2024-12-14 00:47:20,UTC-06:00,2024-12-13 08:02:24,2024-12-13 08:23:38,21,Running,6.6,168.0,143,121,38,52,0,0,0,false
2024-12-13 00:25:07,2024-12-14 00:47:20,UTC-06:00,2024-12-13 07:24:19,2024-12-13 08:01:31,37,Strength Trainer,4.0,50.0,108,78,0,0,0,0,0,false
2024-12-12 00:38:31,2024-12-13 00:25:07,UTC-06:00,2024-12-12 14:24:26,2024-12-12 15:38:33,74,Strength Trainer,8.2,129.0,134,78,1,0,0,0,0,false
2024-12-11 01:04:06,2024-12-12 00:38:31,UTC-06:00,2024-12-11 15:22:30,2024-12-11 15:43:29,20,Running,5.8,136.0,148,114,61,11,1,0,0,false
2024-12-11 01:04:06,2024-12-12 00:38:31,UTC-06:00,2024-12-11 14:23:38,2024-12-11 15:19:27,55,Strength Trainer,9.0,83.0,120,80,0,0,0,0,0,false
2024-12-10 01:08:23,2024-12-11 01:04:06,UTC-06:00,2024-12-10 15:48:19,2024-12-10 16:15:06,26,Running,6.8,189.0,138,116,34,41,0,0,0,false
2024-12-10 01:08:23,2024-12-11 01:04:06,UTC-06:00,2024-12-10 14:57:39,2024-12-10 15:47:02,49,Strength Trainer,6.5,65.0,101,69,0,0,0,0,0,false
2024-12-08 23:40:23,2024-12-10 01:08:23,UTC-06:00,2024-12-09 15:58:51,2024-12-09 16:29:47,30,Running,5.3,116.0,147,98,20,4,1,0,0,false
2024-12-08 23:40:23,2024-12-10 01:08:23,UTC-06:00,2024-12-09 15:03:24,2024-12-09 15:57:19,53,Strength Trainer,9.1,71.0,109,72,0,0,0,0,0,false
2024-12-07 03:50:27,2024-12-07 23:12:56,UTC-06:00,2024-12-07 11:52:36,2024-12-07 12:49:42,57,Soccer,15.5,644.0,175,137,7,4,10,44,10,false
2024-12-06 01:28:08,2024-12-07 03:50:27,UTC-06:00,2024-12-06 13:49:13,2024-12-06 14:21:00,31,Strength Trainer,6.2,60.0,115,85,0,0,0,0,0,false
2024-12-05 01:08:01,2024-12-06 01:28:08,UTC-06:00,2024-12-05 14:38:41,2024-12-05 15:27:23,48,Strength Trainer,10.6,121.0,141,91,5,0,0,0,0,false
2024-12-04 01:38:22,2024-12-05 01:08:01,UTC-06:00,2024-12-04 15:38:41,2024-12-04 16:05:41,27,Running,8.4,243.0,152,125,14,45,21,0,0,false
2024-12-04 01:38:22,2024-12-05 01:08:01,UTC-06:00,2024-12-04 15:04:49,2024-12-04 15:37:19,32,Strength Trainer,4.2,51.0,129,82,2,0,0,0,0,false
2024-12-03 01:22:32,2024-12-04 01:38:22,UTC-06:00,2024-12-03 14:38:17,2024-12-03 15:24:09,45,Strength Trainer,12.2,74.0,116,82,0,0,0,0,0,false
2024-12-02 00:25:33,2024-12-03 01:22:32,UTC-06:00,2024-12-02 15:58:07,2024-12-02 16:18:15,20,Running,4.7,65.0,122,96,2,0,0,0,0,false
2024-12-02 00:25:33,2024-12-03 01:22:32,UTC-06:00,2024-12-02 15:00:58,2024-12-02 15:54:29,53,Strength Trainer,6.1,84.0,118,77,0,0,0,0,0,false
2024-12-01 01:28:39,2024-12-02 00:25:33,UTC-06:00,2024-12-01 11:05:21,2024-12-01 11:45:38,40,Strength Trainer,11.4,59.0,111,76,0,0,0,0,0,false
2024-11-30 00:47:04,2024-12-01 01:28:39,UTC-06:00,2024-11-30 09:15:17,2024-11-30 10:33:56,78,Soccer,15.0,641.0,180,118,8,6,8,22,7,false
2024-11-30 00:47:04,2024-12-01 01:28:39,UTC-06:00,2024-11-30 07:33:36,2024-11-30 08:10:31,36,Strength Trainer,4.8,87.0,127,90,3,0,0,0,0,false
2024-11-28 00:11:44,2024-11-28 23:59:20,UTC-08:00,2024-11-28 07:51:08,2024-11-28 08:16:42,25,Running,5.6,135.0,136,106,36,3,0,0,0,false
2024-11-27 00:52:15,2024-11-28 00:11:44,UTC-08:00,2024-11-27 06:58:38,2024-11-27 07:36:41,38,Strength Trainer,7.5,113.0,129,95,9,0,0,0,0,false
2024-11-26 01:00:26,2024-11-27 02:52:15,UTC-06:00,2024-11-26 14:13:13,2024-11-26 14:50:50,37,Strength Trainer,5.0,61.0,110,83,0,0,0,0,0,false
2024-11-24 23:02:33,2024-11-26 01:00:26,UTC-06:00,2024-11-25 15:41:05,2024-11-25 15:54:42,13,Running,4.5,48.0,122,99,8,0,0,0,0,false
2024-11-24 23:02:33,2024-11-26 01:00:26,UTC-06:00,2024-11-25 14:36:50,2024-11-25 15:40:56,64,Strength Trainer,8.8,86.0,105,70,0,0,0,0,0,false
2024-11-23 00:56:20,2024-11-24 01:06:52,UTC-06:00,2024-11-23 07:28:32,2024-11-23 08:03:06,34,Strength Trainer,4.6,71.0,119,87,1,0,0,0,0,false
2024-11-21 01:29:02,2024-11-22 01:23:30,UTC-06:00,2024-11-21 15:18:38,2024-11-21 16:08:35,49,Running,8.0,277.0,158,108,27,16,1,1,0,false
2024-11-21 01:29:02,2024-11-22 01:23:30,UTC-06:00,2024-11-21 14:32:33,2024-11-21 15:17:11,44,Strength Trainer,9.8,70.0,121,81,0,0,0,0,0,false
2024-11-20 01:09:09,2024-11-21 01:29:02,UTC-06:00,2024-11-20 15:10:21,2024-11-20 15:29:15,18,Running,6.4,140.0,155,118,42,8,17,0,0,false
2024-11-20 01:09:09,2024-11-21 01:29:02,UTC-06:00,2024-11-20 14:24:20,2024-11-20 15:10:04,45,Strength Trainer,4.6,81.0,119,86,0,0,0,0,0,false
2024-11-19 00:37:22,2024-11-20 01:09:09,UTC-06:00,2024-11-19 15:12:49,2024-11-19 16:03:52,51,Strength Trainer,7.6,72.0,117,79,0,0,0,0,0,false
2024-11-13 00:54:18,2024-11-14 01:18:27,UTC-06:00,2024-11-13 14:59:35,2024-11-13 15:30:37,31,Running,9.3,297.0,150,129,5,18,75,1,0,false
2024-11-13 00:54:18,2024-11-14 01:18:27,UTC-06:00,2024-11-13 14:07:55,2024-11-13 14:56:38,48,Strength Trainer,7.4,98.0,139,84,35,5,2,0,0,false
2024-11-12 01:26:11,2024-11-13 00:54:18,UTC-06:00,2024-11-12 15:25:17,2024-11-12 15:41:19,16,Running,7.2,160.0,151,131,8,2,77,13,0,false
2024-11-12 01:26:11,2024-11-13 00:54:18,UTC-06:00,2024-11-12 14:41:12,2024-11-12 15:25:06,43,Strength Trainer,7.7,117.0,151,90,35,10,6,1,0,false
2024-11-11 00:39:33,2024-11-12 01:26:11,UTC-06:00,2024-11-11 15:41:28,2024-11-11 16:11:01,29,Running,7.4,215.0,160,115,6,17,57,4,0,false
2024-11-11 00:39:33,2024-11-12 01:26:11,UTC-06:00,2024-11-11 14:48:33,2024-11-11 15:35:52,47,Strength Trainer,10.4,102.0,130,83,31,12,1,0,0,false
2024-11-09 01:49:36,2024-11-10 02:17:44,UTC-06:00,2024-11-09 11:43:12,2024-11-09 12:51:09,67,Soccer,15.8,702.0,185,132,17,8,12,24,31,false
2024-11-07 23:27:49,2024-11-08 23:49:36,UTC-08:00,2024-11-08 06:54:30,2024-11-08 07:32:12,37,Strength Trainer,4.2,57.0,111,79,24,0,0,0,0,false
2024-11-07 00:29:33,2024-11-07 23:27:49,UTC-08:00,2024-11-07 06:47:18,2024-11-07 07:19:06,31,Strength Trainer,4.4,59.0,133,81,26,7,2,0,0,false
2024-11-05 23:41:34,2024-11-07 00:29:33,UTC-08:00,2024-11-06 07:08:06,2024-11-06 07:36:43,28,Stairmaster,9.9,290.0,155,131,10,13,41,36,0,false
2024-11-05 23:41:34,2024-11-07 00:29:33,UTC-08:00,2024-11-06 06:35:57,2024-11-06 07:06:41,30,Strength Trainer,4.9,74.0,131,88,45,14,2,0,0,false
2024-11-05 02:14:25,2024-11-06 01:41:34,UTC-06:00,2024-11-05 14:15:01,2024-11-05 14:58:36,43,Strength Trainer,4.8,90.0,125,88,51,9,0,0,0,false
2024-11-04 01:34:00,2024-11-05 02:14:25,UTC-06:00,2024-11-04 15:22:03,2024-11-04 15:56:33,34,Running,8.2,243.0,158,115,20,14,43,8,0,false
2024-11-04 01:34:00,2024-11-05 02:14:25,UTC-06:00,2024-11-04 14:35:15,2024-11-04 15:20:01,44,Strength Trainer,7.2,85.0,128,86,31,7,0,0,0,false
2024-11-02 01:29:54,2024-11-03 00:27:36,UTC-06:00,2024-11-02 13:39:00,2024-11-02 13:59:59,20,Activity,9.1,208.0,177,130,16,22,18,30,14,false
2024-11-02 01:29:54,2024-11-03 00:27:36,UTC-06:00,2024-11-02 11:39:26,2024-11-02 12:47:09,67,Soccer,13.8,569.0,177,121,10,17,19,22,14,false
2024-11-01 00:03:00,2024-11-02 01:29:54,UTC-06:00,2024-11-01 14:52:08,2024-11-01 15:12:33,20,Stairmaster,7.7,200.0,170,129,2,2,87,7,2,false
2024-11-01 00:03:00,2024-11-02 01:29:54,UTC-06:00,2024-11-01 14:05:11,2024-11-01 14:51:36,46,Strength Trainer,8.2,79.0,120,83,30,4,0,0,0,false
2024-10-31 00:00:23,2024-10-31 23:03:00,UTC-07:00,2024-10-31 07:34:39,2024-10-31 07:54:35,19,Stairmaster,8.0,199.0,153,130,6,16,55,23,0,false
2024-10-31 00:00:23,2024-10-31 23:03:00,UTC-07:00,2024-10-31 06:53:05,2024-10-31 07:32:37,39,Strength Trainer,9.3,68.0,118,83,34,4,0,0,0,false
2024-10-30 00:05:34,2024-10-31 00:00:23,UTC-07:00,2024-10-30 07:44:15,2024-10-30 08:19:29,35,Running,6.8,202.0,156,106,15,40,24,2,0,false
2024-10-30 00:05:34,2024-10-31 00:00:23,UTC-07:00,2024-10-30 07:00:09,2024-10-30 07:40:04,39,Strength Trainer,9.6,57.0,114,76,18,2,0,0,0,false
2024-10-28 22:18:44,2024-10-30 01:05:34,UTC-06:00,2024-10-29 08:03:04,2024-10-29 08:12:08,9,Running,4.2,17.0,108,90,75,0,0,0,0,false
2024-10-28 22:18:44,2024-10-30 01:05:34,UTC-06:00,2024-10-29 07:19:41,2024-10-29 08:00:57,41,Strength Trainer,8.4,59.0,112,76,17,1,0,0,0,false
2024-10-24 23:02:55,2024-10-25 23:24:23,UTC-05:00,2024-10-25 18:30:00,2024-10-25 19:02:59,32,Activity,5.7,148.0,133,103,41,52,1,0,0,false
2024-10-24 23:02:55,2024-10-25 23:24:23,UTC-05:00,2024-10-25 08:09:29,2024-10-25 08:52:05,42,Running,6.9,238.0,142,108,20,57,15,0,0,false
2024-10-24 00:31:57,2024-10-24 22:02:55,UTC-06:00,2024-10-24 08:35:12,2024-10-24 09:00:44,25,Running,9.7,258.0,174,132,9,10,53,17,11,false
2024-10-24 00:31:57,2024-10-24 22:02:55,UTC-06:00,2024-10-24 07:52:32,2024-10-24 08:30:12,37,Strength Trainer,10.0,50.0,108,74,7,0,0,0,0,false
2024-10-23 01:01:52,2024-10-24 00:31:57,UTC-06:00,2024-10-23 16:03:00,2024-10-23 16:22:29,19,Activity,9.9,232.0,170,141,1,11,28,42,18,false
2024-10-23 01:01:52,2024-10-24 00:31:57,UTC-06:00,2024-10-23 15:22:34,2024-10-23 15:45:28,22,Running,5.4,116.0,148,106,38,40,15,0,0,false
2024-10-23 01:01:52,2024-10-24 00:31:57,UTC-06:00,2024-10-23 14:37:23,2024-10-23 15:19:03,41,Strength Trainer,9.2,69.0,126,81,29,5,0,0,0,false
2024-10-22 00:28:41,2024-10-23 01:01:52,UTC-06:00,2024-10-22 15:01:36,2024-10-22 15:31:34,29,Running,6.9,204.0,153,114,10,46,33,2,0,false
2024-10-22 00:28:41,2024-10-23 01:01:52,UTC-06:00,2024-10-22 14:07:14,2024-10-22 15:00:34,53,Strength Trainer,9.5,92.0,124,80,31,6,0,0,0,false
2024-10-21 00:37:40,2024-10-22 00:28:41,UTC-06:00,2024-10-21 14:43:28,2024-10-21 15:34:53,51,Strength Trainer,11.3,88.0,114,81,36,2,0,0,0,false
2024-10-19 00:38:34,2024-10-19 22:17:49,UTC-06:00,2024-10-19 09:40:45,2024-10-19 10:32:58,52,Soccer,16.2,670.0,183,145,5,11,11,19,51,false
2024-10-18 00:31:54,2024-10-19 00:38:34,UTC-06:00,2024-10-18 13:57:47,2024-10-18 14:19:17,21,Running,6.4,159.0,141,118,20,25,55,0,0,false
2024-10-18 00:31:54,2024-10-19 00:38:34,UTC-06:00,2024-10-18 13:15:28,2024-10-18 13:57:19,41,Strength Trainer,9.7,82.0,122,86,55,1,0,0,0,false
2024-10-17 00:43:18,2024-10-18 00:31:54,UTC-06:00,2024-10-17 18:05:55,2024-10-17 18:48:09,42,Strength Trainer,9.8,125.0,127,95,66,18,0,0,0,false
2024-10-16 00:26:54,2024-10-17 00:43:18,UTC-06:00,2024-10-16 22:23:39,2024-10-16 22:53:59,30,Running,9.0,279.0,159,126,3,36,42,19,0,false
2024-10-15 01:15:42,2024-10-16 00:26:54,UTC-06:00,2024-10-15 20:32:05,2024-10-15 21:00:50,28,Running,8.4,230.0,165,120,21,34,21,20,1,false
2024-10-15 01:15:42,2024-10-16 00:26:54,UTC-06:00,2024-10-15 07:29:28,2024-10-15 08:08:54,39,Strength Trainer,10.4,87.0,117,89,57,6,0,0,0,false
2024-10-13 22:55:06,2024-10-15 01:15:42,UTC-06:00,2024-10-14 16:50:22,2024-10-14 17:13:45,23,Running,5.1,97.0,135,100,71,27,1,0,0,false
2024-10-13 22:55:06,2024-10-15 01:15:42,UTC-06:00,2024-10-14 15:59:53,2024-10-14 16:47:15,47,Strength Trainer,11.5,105.0,131,88,49,9,0,0,0,false
2024-10-12 00:15:53,2024-10-13 00:40:48,UTC-06:00,2024-10-12 11:47:53,2024-10-12 11:58:17,10,Strength Trainer,4.5,41.0,136,98,41,33,6,0,0,false
2024-10-12 00:15:53,2024-10-13 00:40:48,UTC-06:00,2024-10-12 07:52:56,2024-10-12 08:59:32,66,Soccer,15.6,771.0,172,138,10,11,15,51,13,false
2024-10-11 00:16:55,2024-10-12 00:15:53,UTC-06:00,2024-10-11 13:51:48,2024-10-11 14:32:19,40,Running,7.7,262.0,146,112,31,24,41,0,0,false
2024-10-11 00:16:55,2024-10-12 00:15:53,UTC-06:00,2024-10-11 12:51:17,2024-10-11 13:38:24,47,Strength Trainer,10.9,141.0,136,94,61,17,1,0,0,false
2024-10-07 23:51:58,2024-10-08 23:47:50,UTC-06:00,2024-10-08 16:28:30,2024-10-08 16:46:29,17,Activity,9.9,223.0,177,142,0,9,30,43,18,false
2024-10-07 23:51:58,2024-10-08 23:47:50,UTC-06:00,2024-10-08 15:43:22,2024-10-08 16:06:48,23,Running,6.6,166.0,138,115,11,37,41,0,0,false
2024-10-07 23:51:58,2024-10-08 23:47:50,UTC-06:00,2024-10-08 14:55:45,2024-10-08 15:40:53,45,Strength Trainer,9.5,94.0,124,84,38,6,0,0,0,false
2024-10-06 23:21:08,2024-10-07 23:51:58,UTC-06:00,2024-10-07 15:02:47,2024-10-07 15:29:16,26,Running,8.7,253.0,160,127,1,18,66,12,0,false
2024-10-06 23:21:08,2024-10-07 23:51:58,UTC-06:00,2024-10-07 14:17:10,2024-10-07 15:01:56,44,Strength Trainer,12.8,72.0,114,80,30,1,0,0,0,false
2024-10-04 00:24:05,2024-10-05 04:54:01,UTC-06:00,2024-10-04 13:20:12,2024-10-04 13:29:47,9,Running,4.9,69.0,148,116,10,58,30,2,0,false
2024-10-04 00:24:05,2024-10-05 04:54:01,UTC-06:00,2024-10-04 12:42:40,2024-10-04 13:18:59,36,Strength Trainer,5.9,76.0,131,87,51,4,1,0,0,false
2024-10-03 00:27:25,2024-10-04 00:24:05,UTC-06:00,2024-10-03 15:11:42,2024-10-03 15:40:42,29,Running,8.5,250.0,160,123,13,18,63,4,0,false
2024-10-03 00:27:25,2024-10-04 00:24:05,UTC-06:00,2024-10-03 14:24:43,2024-10-03 15:10:47,46,Strength Trainer,9.7,79.0,126,83,35,5,0,0,0,false
2024-10-02 00:03:53,2024-10-03 00:27:25,UTC-06:00,2024-10-02 18:03:36,2024-10-02 18:40:06,36,Running,8.1,268.0,144,117,18,48,32,0,0,false
2024-10-01 00:27:12,2024-10-02 00:03:53,UTC-06:00,2024-10-01 15:16:39,2024-10-01 15:47:44,31,Running,8.4,268.0,150,123,9,25,63,1,0,false
2024-10-01 00:27:12,2024-10-02 00:03:53,UTC-06:00,2024-10-01 14:12:05,2024-10-01 15:14:55,62,Strength Trainer,9.2,88.0,108,76,17,0,0,0,0,false
2024-09-29 23:07:38,2024-10-01 00:27:12,UTC-06:00,2024-09-30 15:23:57,2024-09-30 16:15:03,51,Strength Trainer,11.6,69.0,118,74,10,0,0,0,0,false
2024-09-28 00:55:49,2024-09-29 00:20:32,UTC-06:00,2024-09-28 11:17:26,2024-09-28 12:25:10,67,Soccer,14.9,605.0,177,122,4,15,8,16,26,false
2024-09-26 23:57:27,2024-09-28 00:55:49,UTC-06:00,2024-09-27 12:55:00,2024-09-27 13:14:10,19,Running,8.8,203.0,168,133,8,10,41,31,9,false
2024-09-26 23:57:27,2024-09-28 00:55:49,UTC-06:00,2024-09-27 12:30:32,2024-09-27 12:54:50,24,Strength Trainer,4.1,34.0,102,75,18,0,0,0,0,false
2024-09-26 00:46:06,2024-09-26 23:57:27,UTC-06:00,2024-09-26 15:45:27,2024-09-26 16:12:37,27,Running,8.8,254.0,162,127,3,19,58,16,0,false
2024-09-26 00:46:06,2024-09-26 23:57:27,UTC-06:00,2024-09-26 14:52:56,2024-09-26 15:44:55,51,Strength Trainer,10.4,75.0,108,74,16,0,0,0,0,false
2024-09-25 00:39:08,2024-09-26 00:46:06,UTC-06:00,2024-09-25 16:24:00,2024-09-25 16:49:29,25,Activity,11.3,305.0,175,140,2,13,22,55,8,false
2024-09-25 00:39:08,2024-09-26 00:46:06,UTC-06:00,2024-09-25 15:48:40,2024-09-25 16:14:14,25,Running,7.1,201.0,150,119,5,53,40,0,0,false
2024-09-25 00:39:08,2024-09-26 00:46:06,UTC-06:00,2024-09-25 14:57:58,2024-09-25 15:46:44,48,Strength Trainer,7.1,69.0,112,80,19,0,0,0,0,false
2024-09-24 00:34:47,2024-09-25 00:39:08,UTC-06:00,2024-09-24 15:48:37,2024-09-24 16:16:53,28,Running,7.6,215.0,145,117,12,37,41,2,0,false
2024-09-24 00:34:47,2024-09-25 00:39:08,UTC-06:00,2024-09-24 14:45:14,2024-09-24 15:45:42,60,Strength Trainer,10.5,100.0,128,79,24,2,0,0,0,false
2024-09-22 23:45:27,2024-09-24 00:34:47,UTC-06:00,2024-09-23 15:50:09,2024-09-23 16:20:02,29,Running,6.3,184.0,135,110,19,68,7,0,0,false
2024-09-22 23:45:27,2024-09-24 00:34:47,UTC-06:00,2024-09-23 14:51:45,2024-09-23 15:47:59,56,Strength Trainer,11.6,79.0,112,72,12,0,0,0,0,false
2024-09-21 00:55:07,2024-09-22 00:51:24,UTC-06:00,2024-09-21 07:58:00,2024-09-21 08:49:46,51,Soccer,13.8,509.0,171,129,23,15,8,35,16,false
2024-09-20 00:16:45,2024-09-21 00:55:07,UTC-06:00,2024-09-20 12:28:04,2024-09-20 13:24:42,56,Strength Trainer,8.1,83.0,106,77,21,0,0,0,0,false
2024-09-19 01:03:14,2024-09-20 00:16:45,UTC-06:00,2024-09-19 15:06:08,2024-09-19 15:33:11,27,Running,6.8,194.0,144,115,22,28,45,0,0,false
2024-09-19 01:03:14,2024-09-20 00:16:45,UTC-06:00,2024-09-19 14:03:18,2024-09-19 15:01:43,58,Strength Trainer,10.4,81.0,108,73,13,0,0,0,0,false
2024-09-18 01:01:33,2024-09-19 01:03:14,UTC-06:00,2024-09-18 15:03:02,2024-09-18 15:32:21,29,Running,6.6,188.0,148,112,24,52,23,0,0,false
2024-09-18 01:01:33,2024-09-19 01:03:14,UTC-06:00,2024-09-18 14:02:20,2024-09-18 14:56:32,54,Strength Trainer,10.7,79.0,107,76,16,0,0,0,0,false
2024-09-17 00:27:12,2024-09-18 01:01:33,UTC-06:00,2024-09-17 14:59:14,2024-09-17 15:22:16,23,Running,6.0,147.0,139,109,14,49,25,0,0,false
2024-09-17 00:27:12,2024-09-18 01:01:33,UTC-06:00,2024-09-17 14:03:38,2024-09-17 14:55:34,51,Strength Trainer,9.0,71.0,118,74,11,0,0,0,0,false
2024-09-16 00:57:18,2024-09-17 00:27:12,UTC-06:00,2024-09-16 13:26:05,2024-09-16 13:53:05,26,Running,6.1,158.0,131,108,22,54,13,0,0,false
2024-09-16 00:57:18,2024-09-17 00:27:12,UTC-06:00,2024-09-16 12:35:00,2024-09-16 13:22:53,47,Strength Trainer,12.9,74.0,109,78,24,0,0,0,0,false
2024-09-14 00:15:45,2024-09-15 00:34:32,UTC-06:00,2024-09-14 11:58:43,2024-09-14 12:46:28,47,Strength Trainer,8.6,126.0,144,85,27,17,2,0,0,false
2024-09-13 00:31:53,2024-09-14 00:15:45,UTC-06:00,2024-09-13 19:57:24,2024-09-13 21:12:42,75,Strength Trainer,10.4,171.0,149,81,24,8,3,0,0,false
2024-09-12 00:17:01,2024-09-13 00:31:53,UTC-06:00,2024-09-12 15:34:15,2024-09-12 16:03:32,29,Running,8.5,257.0,143,124,3,27,64,0,0,false
2024-09-12 00:17:01,2024-09-13 00:31:53,UTC-06:00,2024-09-12 14:50:56,2024-09-12 15:30:20,39,Strength Trainer,10.7,69.0,127,81,30,6,0,0,0,false
2024-09-11 00:58:27,2024-09-12 00:17:01,UTC-06:00,2024-09-11 14:44:29,2024-09-11 15:14:54,30,Running,10.0,311.0,152,131,4,16,57,22,0,false
2024-09-11 00:58:27,2024-09-12 00:17:01,UTC-06:00,2024-09-11 14:01:40,2024-09-11 14:40:54,39,Strength Trainer,9.2,58.0,111,77,16,0,0,0,0,false
2024-09-10 01:13:26,2024-09-11 00:58:27,UTC-06:00,2024-09-10 15:40:42,2024-09-10 16:03:43,23,Running,7.8,204.0,152,124,5,34,45,14,0,false
2024-09-10 01:13:26,2024-09-11 00:58:27,UTC-06:00,2024-09-10 14:42:40,2024-09-10 15:38:09,55,Strength Trainer,9.4,75.0,109,72,11,0,0,0,0,false
2024-09-09 01:01:41,2024-09-10 01:13:26,UTC-06:00,2024-09-09 20:07:30,2024-09-09 21:01:29,53,Soccer,15.1,598.0,179,135,20,9,10,25,32,false
2024-09-09 01:01:41,2024-09-10 01:13:26,UTC-06:00,2024-09-09 15:39:48,2024-09-09 15:58:26,18,Running,4.8,73.0,135,98,45,34,4,0,0,false
2024-09-09 01:01:41,2024-09-10 01:13:26,UTC-06:00,2024-09-09 14:33:51,2024-09-09 15:37:33,63,Strength Trainer,11.4,94.0,110,77,20,0,0,0,0,false
2024-09-07 01:51:36,2024-09-08 01:11:01,UTC-06:00,2024-09-07 12:24:48,2024-09-07 12:56:10,31,Running,10.4,331.0,163,133,0,22,43,34,0,false
2024-09-07 01:51:36,2024-09-08 01:11:01,UTC-06:00,2024-09-07 11:28:18,2024-09-07 12:22:36,54,Strength Trainer,10.0,89.0,117,77,21,2,0,0,0,false
2024-09-06 00:18:58,2024-09-07 01:51:36,UTC-06:00,2024-09-06 13:33:20,2024-09-06 14:04:04,30,Running,9.8,302.0,154,129,2,32,42,24,0,false
2024-09-05 00:58:14,2024-09-06 00:18:58,UTC-06:00,2024-09-05 16:00:34,2024-09-05 16:31:04,30,Running,11.6,348.0,179,137,3,5,58,18,16,false
2024-09-05 00:58:14,2024-09-06 00:18:58,UTC-06:00,2024-09-05 15:16:13,2024-09-05 15:58:05,41,Strength Trainer,11.7,98.0,125,88,47,12,0,0,0,false
2024-09-04 00:45:09,2024-09-05 00:58:14,UTC-06:00,2024-09-04 15:57:22,2024-09-04 16:29:08,31,Running,9.0,287.0,148,125,2,38,47,11,0,false
2024-09-04 00:45:09,2024-09-05 00:58:14,UTC-06:00,2024-09-04 15:14:40,2024-09-04 15:55:13,40,Strength Trainer,4.3,70.0,110,81,32,0,0,0,0,false
2024-09-03 00:31:14,2024-09-04 00:45:09,UTC-06:00,2024-09-03 15:38:21,2024-09-03 16:04:33,26,Running,7.8,224.0,163,122,8,31,52,7,0,false
2024-09-03 00:31:14,2024-09-04 00:45:09,UTC-06:00,2024-09-03 14:32:21,2024-09-03 15:37:36,65,Strength Trainer,9.4,104.0,121,77,19,2,0,0,0,false
2024-09-02 00:04:38,2024-09-03 00:31:14,UTC-06:00,2024-09-02 20:57:22,2024-09-02 22:11:56,74,Soccer,14.0,558.0,176,114,18,5,11,20,13,false
2024-09-02 00:04:38,2024-09-03 00:31:14,UTC-06:00,2024-09-02 15:29:32,2024-09-02 15:49:45,20,Running,7.2,179.0,152,124,14,12,67,7,0,false
2024-09-02 00:04:38,2024-09-03 00:31:14,UTC-06:00,2024-09-02 14:22:36,2024-09-02 15:28:29,65,Strength Trainer,11.9,97.0,114,76,18,0,0,0,0,false
2024-09-01 00:51:06,2024-09-02 00:04:38,UTC-06:00,2024-09-01 12:06:00,2024-09-01 12:20:59,14,Dedicated Parenting,4.6,52.0,124,96,66,21,0,0,0,false
2024-08-31 00:24:25,2024-09-01 00:51:06,UTC-06:00,2024-08-31 10:54:44,2024-08-31 12:10:33,75,Soccer,15.7,718.0,180,126,21,13,13,16,27,false
2024-08-30 00:48:33,2024-08-31 00:24:25,UTC-06:00,2024-08-30 13:53:54,2024-08-30 14:25:49,31,Running,8.6,247.0,146,117,9,6,54,7,0,false
2024-08-30 00:48:33,2024-08-31 00:24:25,UTC-06:00,2024-08-30 13:13:22,2024-08-30 13:50:30,37,Strength Trainer,6.5,87.0,122,89,54,7,0,0,0,false
2024-08-29 00:34:55,2024-08-30 00:48:33,UTC-06:00,2024-08-29 15:12:15,2024-08-29 15:38:56,26,Stairmaster,8.2,247.0,144,126,4,18,77,0,0,false
2024-08-29 00:34:55,2024-08-30 00:48:33,UTC-06:00,2024-08-29 14:17:42,2024-08-29 15:11:37,53,Strength Trainer,11.4,110.0,137,85,49,5,0,0,0,false
2024-08-28 01:12:02,2024-08-29 00:34:55,UTC-06:00,2024-08-28 21:15:19,2024-08-28 21:49:22,34,Running,11.0,352.0,171,131,8,17,49,24,2,false
2024-08-27 00:44:38,2024-08-28 01:12:02,UTC-06:00,2024-08-27 15:49:12,2024-08-27 16:11:31,22,Running,6.8,171.0,142,115,1,24,57,0,0,false
2024-08-27 00:44:38,2024-08-28 01:12:02,UTC-06:00,2024-08-27 15:06:32,2024-08-27 15:48:59,42,Strength Trainer,10.5,72.0,118,82,32,3,0,0,0,false
2024-08-26 00:31:33,2024-08-27 00:44:38,UTC-06:00,2024-08-26 15:25:15,2024-08-26 15:51:11,25,Running,7.5,216.0,148,121,3,30,57,1,0,false
2024-08-26 00:31:33,2024-08-27 00:44:38,UTC-06:00,2024-08-26 14:26:38,2024-08-26 15:24:13,57,Strength Trainer,13.6,90.0,117,77,23,2,0,0,0,false
2024-08-23 21:14:03,2024-08-25 04:40:23,UTC-06:00,2024-08-24 10:11:36,2024-08-24 11:16:00,64,Soccer,16.2,715.0,179,135,22,10,13,16,36,false
2024-08-22 01:10:16,2024-08-23 01:02:33,UTC-07:00,2024-08-22 20:57:33,2024-08-22 21:29:40,32,Running,7.3,228.0,152,114,24,44,29,2,0,false
2024-08-22 01:10:16,2024-08-23 01:02:33,UTC-07:00,2024-08-22 19:55:47,2024-08-22 20:51:15,55,Strength Trainer,11.8,82.0,118,74,17,1,0,0,0,false
2024-08-20 23:10:18,2024-08-22 02:10:16,UTC-06:00,2024-08-21 20:15:22,2024-08-21 20:46:41,31,Running,6.0,167.0,136,104,26,52,6,0,0,false
2024-08-20 00:40:13,2024-08-20 23:10:18,UTC-06:00,2024-08-20 15:33:22,2024-08-20 16:09:01,35,Strength Trainer,9.7,65.0,120,83,36,4,0,0,0,false
2024-08-18 22:28:14,2024-08-20 00:40:13,UTC-06:00,2024-08-19 15:48:16,2024-08-19 16:12:16,24,Running,7.3,195.0,142,119,13,13,68,0,0,false
2024-08-18 22:28:14,2024-08-20 00:40:13,UTC-06:00,2024-08-19 15:01:17,2024-08-19 15:48:00,46,Strength Trainer,12.9,85.0,117,79,32,1,0,0,0,false
2024-08-16 23:37:36,2024-08-18 03:13:00,UTC-06:00,2024-08-17 09:36:00,2024-08-17 10:28:29,52,Soccer,16.0,702.0,180,146,2,11,14,39,34,false
2024-08-16 00:33:37,2024-08-16 23:37:36,UTC-06:00,2024-08-16 13:42:35,2024-08-16 14:19:53,37,Stairmaster,6.3,190.0,142,104,55,37,4,0,0,false
2024-08-16 00:33:37,2024-08-16 23:37:36,UTC-06:00,2024-08-16 12:56:51,2024-08-16 13:42:22,45,Strength Trainer,5.6,79.0,118,80,25,1,0,0,0,false
2024-08-15 01:00:00,2024-08-16 00:33:37,UTC-06:00,2024-08-15 16:07:07,2024-08-15 16:30:01,22,Stairmaster,5.9,147.0,132,111,27,66,5,0,0,false
2024-08-15 01:00:00,2024-08-16 00:33:37,UTC-06:00,2024-08-15 14:58:04,2024-08-15 16:06:55,68,Strength Trainer,10.8,126.0,135,81,29,4,1,0,0,false
2024-08-14 00:37:12,2024-08-15 01:00:00,UTC-06:00,2024-08-14 15:43:49,2024-08-14 16:08:12,24,Running,6.1,154.0,137,109,26,50,15,0,0,false
2024-08-14 00:37:12,2024-08-15 01:00:00,UTC-06:00,2024-08-14 15:00:19,2024-08-14 15:43:17,42,Strength Trainer,9.5,67.0,108,77,17,0,0,0,0,false
2024-08-13 00:56:40,2024-08-14 00:37:12,UTC-06:00,2024-08-13 15:42:41,2024-08-13 16:02:58,20,Running,6.1,146.0,154,114,13,66,18,3,0,false
2024-08-13 00:56:40,2024-08-14 00:37:12,UTC-06:00,2024-08-13 14:39:38,2024-08-13 15:40:18,60,Strength Trainer,10.9,86.0,102,72,9,0,0,0,0,false
2024-08-11 23:00:39,2024-08-13 00:56:40,UTC-06:00,2024-08-12 19:54:22,2024-08-12 21:16:40,82,Soccer,15.0,752.0,173,123,18,16,9,41,4,false
2024-08-11 23:00:39,2024-08-13 00:56:40,UTC-06:00,2024-08-12 15:02:30,2024-08-12 15:34:57,32,Running,5.5,141.0,147,98,32,42,1,0,0,false
2024-08-11 23:00:39,2024-08-13 00:56:40,UTC-06:00,2024-08-12 14:06:13,2024-08-12 15:01:43,55,Strength Trainer,12.1,85.0,115,75,12,2,0,0,0,false
2024-08-10 23:55:28,2024-08-11 23:00:39,UTC-06:00,2024-08-11 07:42:14,2024-08-11 08:00:21,18,Running,5.2,96.0,163,105,36,32,13,4,0,false
2024-08-10 00:12:13,2024-08-10 23:55:28,UTC-06:00,2024-08-10 12:19:17,2024-08-10 13:26:02,66,Soccer,14.7,618.0,180,125,23,27,8,15,21,false
2024-08-10 00:12:13,2024-08-10 23:55:28,UTC-06:00,2024-08-10 10:27:26,2024-08-10 11:17:45,50,Strength Trainer,8.0,79.0,116,77,19,1,0,0,0,false
2024-08-08 23:50:23,2024-08-10 00:12:13,UTC-06:00,2024-08-09 08:47:20,2024-08-09 09:25:59,38,Stairmaster,6.7,211.0,139,105,40,35,15,0,0,false
2024-08-08 23:50:23,2024-08-10 00:12:13,UTC-06:00,2024-08-09 07:47:06,2024-08-09 08:46:35,59,Strength Trainer,10.5,105.0,124,81,26,3,0,0,0,false
2024-08-07 22:25:44,2024-08-08 23:50:23,UTC-06:00,2024-08-08 14:53:09,2024-08-08 15:10:58,17,Running,5.2,102.0,130,106,31,66,1,0,0,false
2024-08-07 22:25:44,2024-08-08 23:50:23,UTC-06:00,2024-08-08 13:42:23,2024-08-08 14:47:48,65,Strength Trainer,14.0,111.0,120,77,22,3,0,0,0,false
2024-08-01 01:07:07,2024-08-02 00:37:00,UTC-06:00,2024-08-01 16:04:52,2024-08-01 16:08:09,3,Running,5.0,38.0,161,138,0,13,24,63,0,false
2024-08-01 01:07:07,2024-08-02 00:37:00,UTC-06:00,2024-08-01 14:55:43,2024-08-01 16:00:15,64,Strength Trainer,12.8,103.0,121,79,28,2,0,0,0,false
2024-07-31 00:48:57,2024-08-01 01:07:07,UTC-06:00,2024-07-31 15:53:04,2024-07-31 16:10:35,17,Running,5.5,109.0,133,110,24,54,20,0,0,false
2024-07-31 00:48:57,2024-08-01 01:07:07,UTC-06:00,2024-07-31 14:58:11,2024-07-31 15:49:34,51,Strength Trainer,10.5,72.0,103,73,13,0,0,0,0,false
2024-07-30 00:55:44,2024-07-31 00:48:57,UTC-06:00,2024-07-30 16:16:15,2024-07-30 16:36:38,20,Running,7.8,181.0,160,124,12,24,24,35,0,false
2024-07-30 00:55:44,2024-07-31 00:48:57,UTC-06:00,2024-07-30 15:16:43,2024-07-30 16:15:44,59,Strength Trainer,10.5,101.0,121,74,22,4,0,0,0,false
2024-07-28 23:06:28,2024-07-30 00:55:44,UTC-06:00,2024-07-29 20:03:20,2024-07-29 21:20:39,77,Soccer,16.3,844.0,171,134,12,14,15,41,14,false
2024-07-28 23:06:28,2024-07-30 00:55:44,UTC-06:00,2024-07-29 15:36:49,2024-07-29 15:55:50,19,Running,7.8,149.0,166,118,8,21,6,34,5,false
2024-07-28 23:06:28,2024-07-30 00:55:44,UTC-06:00,2024-07-29 14:46:10,2024-07-29 15:36:37,50,Strength Trainer,13.6,75.0,114,76,23,0,0,0,0,false
2024-07-27 02:03:23,2024-07-28 02:40:56,UTC-06:00,2024-07-27 08:39:11,2024-07-27 09:50:54,71,Soccer,14.2,564.0,174,119,31,19,7,17,15,false
2024-07-26 01:00:44,2024-07-27 02:03:23,UTC-06:00,2024-07-26 12:02:18,2024-07-26 12:18:20,16,Running,6.8,149.0,146,126,2,37,55,6,0,false
2024-07-26 01:00:44,2024-07-27 02:03:23,UTC-06:00,2024-07-26 10:53:55,2024-07-26 12:00:36,66,Strength Trainer,9.9,157.0,129,86,34,13,1,0,0,false
2024-07-25 00:58:20,2024-07-26 01:00:44,UTC-06:00,2024-07-25 15:57:58,2024-07-25 16:19:55,21,Running,5.6,127.0,131,107,23,67,2,0,0,false
2024-07-25 00:58:20,2024-07-26 01:00:44,UTC-06:00,2024-07-25 14:44:53,2024-07-25 15:57:01,72,Strength Trainer,10.1,107.0,113,74,14,1,0,0,0,false
2024-07-23 23:48:53,2024-07-24 23:58:20,UTC-07:00,2024-07-24 07:50:08,2024-07-24 08:34:07,43,Strength Trainer,10.9,57.0,103,73,3,0,0,0,0,false
2024-07-23 00:50:26,2024-07-24 00:48:53,UTC-06:00,2024-07-23 13:14:44,2024-07-23 13:30:09,15,Running,5.2,91.0,129,107,18,61,6,0,0,false
2024-07-23 00:50:26,2024-07-24 00:48:53,UTC-06:00,2024-07-23 12:25:15,2024-07-23 13:14:09,48,Strength Trainer,9.6,73.0,114,77,19,1,0,0,0,false
2024-07-21 23:34:10,2024-07-23 00:50:26,UTC-06:00,2024-07-22 20:58:48,2024-07-22 22:03:51,65,Soccer,15.7,734.0,175,136,16,16,9,40,19,false
2024-07-21 23:34:10,2024-07-23 00:50:26,UTC-06:00,2024-07-22 16:00:30,2024-07-22 16:16:42,16,Running,4.7,67.0,122,98,37,42,0,0,0,false
2024-07-21 23:34:10,2024-07-23 00:50:26,UTC-06:00,2024-07-22 14:50:57,2024-07-22 16:00:01,69,Strength Trainer,11.6,94.0,110,72,7,0,0,0,0,false
2024-07-19 23:52:19,2024-07-21 00:49:34,UTC-06:00,2024-07-20 12:35:12,2024-07-20 13:37:57,62,Soccer,15.1,634.0,176,130,31,13,10,21,24,false
2024-07-19 23:52:19,2024-07-21 00:49:34,UTC-06:00,2024-07-20 10:47:36,2024-07-20 11:33:01,45,Strength Trainer,4.9,75.0,115,80,30,0,0,0,0,false
2024-07-18 01:29:46,2024-07-19 01:37:27,UTC-06:00,2024-07-18 15:48:02,2024-07-18 16:23:43,35,Running,9.5,289.0,162,119,28,16,38,16,0,false
2024-07-18 01:29:46,2024-07-19 01:37:27,UTC-06:00,2024-07-18 14:53:30,2024-07-18 15:46:25,52,Strength Trainer,10.7,107.0,131,75,12,10,1,0,0,false
2024-07-17 00:23:29,2024-07-18 01:29:46,UTC-06:00,2024-07-17 15:24:44,2024-07-17 15:47:12,22,Running,7.7,198.0,150,123,14,22,52,11,0,false
2024-07-17 00:23:29,2024-07-18 01:29:46,UTC-06:00,2024-07-17 14:31:25,2024-07-17 15:22:47,51,Strength Trainer,12.8,102.0,122,81,32,3,0,0,0,false
2024-07-16 00:38:40,2024-07-17 00:23:29,UTC-06:00,2024-07-16 21:01:26,2024-07-16 21:25:52,24,Running,7.0,176.0,151,114,14,44,25,7,0,false
2024-07-16 00:38:40,2024-07-17 00:23:29,UTC-06:00,2024-07-16 20:09:03,2024-07-16 21:00:47,51,Strength Trainer,9.6,108.0,126,83,36,6,0,0,0,false
2024-07-14 23:26:19,2024-07-16 00:38:40,UTC-06:00,2024-07-15 15:26:02,2024-07-15 16:15:59,49,Strength Trainer,11.4,96.0,130,76,15,8,0,0,0,false
2024-07-13 00:40:07,2024-07-14 04:07:17,UTC-06:00,2024-07-13 18:56:29,2024-07-13 19:16:57,20,Walking,4.4,43.0,119,87,23,9,0,0,0,false
2024-07-13 00:40:07,2024-07-14 04:07:17,UTC-06:00,2024-07-13 12:17:36,2024-07-13 13:19:36,62,Strength Trainer,10.4,113.0,143,80,26,4,1,0,0,false
2024-07-12 00:27:50,2024-07-13 00:40:07,UTC-06:00,2024-07-12 13:12:04,2024-07-12 13:35:17,23,Running,5.8,132.0,137,106,35,42,16,0,0,false
2024-07-12 00:27:50,2024-07-13 00:40:07,UTC-06:00,2024-07-12 12:03:55,2024-07-12 13:06:58,63,Strength Trainer,7.3,99.0,128,74,13,1,0,0,0,false
2024-07-10 23:41:32,2024-07-11 23:27:50,UTC-07:00,2024-07-11 08:13:32,2024-07-11 09:01:28,47,Stairmaster,6.6,211.0,145,95,34,26,10,0,0,false
2024-07-10 23:41:32,2024-07-11 23:27:50,UTC-07:00,2024-07-11 07:17:53,2024-07-11 08:12:41,54,Strength Trainer,11.9,108.0,140,77,18,7,1,0,0,false
2024-07-09 23:39:24,2024-07-10 23:41:32,UTC-07:00,2024-07-10 08:08:02,2024-07-10 08:31:23,23,Running,7.1,160.0,163,110,12,23,21,16,0,false
2024-07-09 23:39:24,2024-07-10 23:41:32,UTC-07:00,2024-07-10 07:21:22,2024-07-10 08:07:04,45,Strength Trainer,11.5,69.0,111,71,14,0,0,0,0,false
2024-07-08 23:48:54,2024-07-10 00:39:24,UTC-06:00,2024-07-09 12:11:05,2024-07-09 13:05:43,54,Strength Trainer,8.8,80.0,111,66,8,0,0,0,0,false
2024-07-07 22:39:28,2024-07-08 23:48:54,UTC-06:00,2024-07-08 20:00:24,2024-07-08 21:09:24,69,Soccer,14.7,655.0,170,125,17,12,14,39,6,false
2024-07-07 22:39:28,2024-07-08 23:48:54,UTC-06:00,2024-07-08 15:18:38,2024-07-08 16:10:54,52,Strength Trainer,11.7,109.0,118,81,32,3,0,0,0,false
2024-07-06 00:45:17,2024-07-07 01:08:04,UTC-06:00,2024-07-06 12:44:58,2024-07-06 13:29:01,44,Soccer,13.5,473.0,172,133,9,22,11,39,16,false
2024-07-06 00:45:17,2024-07-07 01:08:04,UTC-06:00,2024-07-06 11:03:20,2024-07-06 11:37:12,33,Strength Trainer,5.0,72.0,118,82,41,4,0,0,0,false
2024-07-04 00:38:14,2024-07-05 00:58:36,UTC-06:00,2024-07-04 15:44:43,2024-07-04 16:08:04,23,Stairmaster,6.7,168.0,145,115,26,26,43,0,0,false
2024-07-04 00:38:14,2024-07-05 00:58:36,UTC-06:00,2024-07-04 14:42:25,2024-07-04 15:42:24,59,Strength Trainer,12.1,112.0,126,78,25,5,0,0,0,false
2024-07-03 00:32:38,2024-07-04 00:38:14,UTC-06:00,2024-07-03 15:26:06,2024-07-03 15:46:30,20,Running,7.3,173.0,157,122,11,28,42,17,0,false
2024-07-03 00:32:38,2024-07-04 00:38:14,UTC-06:00,2024-07-03 14:29:04,2024-07-03 15:22:37,53,Strength Trainer,12.2,98.0,133,71,6,5,1,0,0,false
2024-07-02 00:07:51,2024-07-03 00:32:38,UTC-06:00,2024-07-02 16:02:18,2024-07-02 16:24:34,22,Running,6.7,155.0,152,114,24,38,20,13,0,false
2024-07-02 00:07:51,2024-07-03 00:32:38,UTC-06:00,2024-07-02 15:14:22,2024-07-02 16:02:05,47,Strength Trainer,8.0,72.0,114,71,13,0,0,0,0,false
2024-06-30 23:37:08,2024-07-02 00:07:51,UTC-06:00,2024-07-01 20:07:11,2024-07-01 22:01:42,114,Soccer,17.2,1179.0,169,131,15,14,20,48,2,false
2024-06-30 23:37:08,2024-07-02 00:07:51,UTC-06:00,2024-07-01 15:08:40,2024-07-01 16:06:09,57,Strength Trainer,12.2,83.0,107,74,15,0,0,0,0,false
2024-06-28 23:07:22,2024-06-30 02:04:46,UTC-06:00,2024-06-29 09:12:01,2024-06-29 09:32:47,20,Running,7.7,178.0,172,121,7,35,25,19,3,false
2024-06-28 23:07:22,2024-06-30 02:04:46,UTC-06:00,2024-06-29 08:27:32,2024-06-29 09:11:41,44,Strength Trainer,8.1,75.0,121,76,21,3,0,0,0,false
2024-06-26 21:52:40,2024-06-28 00:29:06,UTC-07:00,2024-06-27 09:16:48,2024-06-27 09:35:21,18,Stairmaster,4.6,63.0,117,93,61,20,0,0,0,false
2024-06-26 21:52:40,2024-06-28 00:29:06,UTC-07:00,2024-06-27 08:28:59,2024-06-27 09:15:02,46,Strength Trainer,10.6,70.0,114,71,16,0,0,0,0,false
2024-06-26 01:57:18,2024-06-26 21:52:40,UTC-07:00,2024-06-26 11:22:37,2024-06-26 11:40:09,17,Stairmaster,5.1,79.0,158,100,44,28,3,6,0,false
2024-06-26 01:57:18,2024-06-26 21:52:40,UTC-07:00,2024-06-26 10:31:47,2024-06-26 11:20:04,48,Strength Trainer,9.7,71.0,105,79,17,0,0,0,0,false
2024-06-24 23:48:49,2024-06-26 02:57:18,UTC-06:00,2024-06-25 15:52:06,2024-06-25 16:20:12,28,Running,7.0,166.0,165,108,33,27,16,6,1,false
2024-06-24 23:48:49,2024-06-26 02:57:18,UTC-06:00,2024-06-25 14:57:09,2024-06-25 15:51:46,54,Strength Trainer,11.0,77.0,107,76,14,0,0,0,0,false
2024-06-23 23:32:16,2024-06-24 23:48:49,UTC-06:00,2024-06-24 20:09:05,2024-06-24 21:16:11,67,Soccer,15.0,702.0,171,132,16,26,12,33,13,false
2024-06-23 23:32:16,2024-06-24 23:48:49,UTC-06:00,2024-06-24 14:34:13,2024-06-24 15:22:57,48,Strength Trainer,12.1,85.0,109,80,32,0,0,0,0,false
2024-06-22 00:14:02,2024-06-23 00:13:07,UTC-06:00,2024-06-22 11:03:51,2024-06-22 12:05:01,61,Soccer,15.0,641.0,171,132,18,14,14,35,17,false
2024-06-22 00:14:02,2024-06-23 00:13:07,UTC-06:00,2024-06-22 09:36:51,2024-06-22 10:15:25,38,Strength Trainer,8.5,61.0,109,75,21,0,0,0,0,false
2024-06-20 00:39:14,2024-06-21 00:22:40,UTC-06:00,2024-06-20 15:07:52,2024-06-20 15:29:54,22,Running,8.1,186.0,165,120,10,14,27,30,2,false
2024-06-20 00:39:14,2024-06-21 00:22:40,UTC-06:00,2024-06-20 14:12:09,2024-06-20 15:07:27,55,Strength Trainer,10.7,84.0,119,74,13,1,0,0,0,false
2024-06-18 23:43:19,2024-06-20 00:39:14,UTC-06:00,2024-06-19 14:35:47,2024-06-19 15:17:17,41,Strength Trainer,8.5,100.0,126,84,44,5,0,0,0,false
2024-06-18 00:21:09,2024-06-18 23:43:19,UTC-06:00,2024-06-18 19:45:48,2024-06-18 20:02:52,17,Walking,4.1,28.0,104,81,25,0,0,0,0,false
2024-06-18 00:21:09,2024-06-18 23:43:19,UTC-06:00,2024-06-18 14:45:59,2024-06-18 15:49:58,63,Strength Trainer,10.7,88.0,109,69,5,0,0,0,0,false
2024-06-16 22:58:45,2024-06-18 00:21:09,UTC-06:00,2024-06-17 21:02:10,2024-06-17 22:08:22,66,Soccer,8.6,252.0,168,95,24,4,5,9,1,false
2024-06-16 22:58:45,2024-06-18 00:21:09,UTC-06:00,2024-06-17 15:22:48,2024-06-17 16:05:06,42,Running,5.1,122.0,126,86,19,22,0,0,0,false
2024-06-16 22:58:45,2024-06-18 00:21:09,UTC-06:00,2024-06-17 14:24:34,2024-06-17 15:20:35,56,Strength Trainer,13.0,86.0,109,74,15,0,0,0,0,false
2024-06-15 00:48:14,2024-06-16 03:40:08,UTC-06:00,2024-06-15 13:02:13,2024-06-15 13:27:52,25,Strength Trainer,2.2,33.0,94,68,0,0,0,0,0,false
2024-06-14 00:31:41,2024-06-15 00:48:14,UTC-06:00,2024-06-14 14:19:31,2024-06-14 15:29:36,70,Strength Trainer,10.8,99.0,105,73,12,0,0,0,0,false
2024-06-12 23:30:50,2024-06-13 23:31:41,UTC-07:00,2024-06-13 07:25:16,2024-06-13 08:16:12,50,Strength Trainer,11.5,87.0,112,77,22,1,0,0,0,false
2024-06-11 00:32:59,2024-06-11 23:33:53,UTC-06:00,2024-06-11 15:40:52,2024-06-11 15:59:35,18,Running,6.1,136.0,149,115,9,45,35,2,0,false
2024-06-11 00:32:59,2024-06-11 23:33:53,UTC-06:00,2024-06-11 14:44:41,2024-06-11 15:39:06,54,Strength Trainer,10.7,87.0,112,76,25,0,0,0,0,false
2024-06-09 23:21:34,2024-06-11 00:32:59,UTC-06:00,2024-06-10 15:39:05,2024-06-10 16:03:14,24,Running,5.1,98.0,130,97,28,42,1,0,0,false
2024-06-09 23:21:34,2024-06-11 00:32:59,UTC-06:00,2024-06-10 14:21:45,2024-06-10 15:38:48,77,Strength Trainer,12.9,105.0,110,70,5,0,0,0,0,false
2024-06-08 00:27:50,2024-06-09 00:19:21,UTC-06:00,2024-06-08 10:05:33,2024-06-08 11:08:41,63,Soccer,14.4,575.0,172,124,17,18,11,24,17,false
2024-06-07 00:00:51,2024-06-08 00:27:50,UTC-06:00,2024-06-07 14:16:35,2024-06-07 14:40:45,24,Running,6.9,175.0,144,115,5,37,40,0,0,false
2024-06-07 00:00:51,2024-06-08 00:27:50,UTC-06:00,2024-06-07 13:31:26,2024-06-07 14:16:18,44,Strength Trainer,5.9,70.0,112,79,21,0,0,0,0,false
2024-06-06 00:08:07,2024-06-07 00:00:51,UTC-06:00,2024-06-06 15:44:27,2024-06-06 16:08:29,24,Running,5.9,141.0,138,108,9,58,15,0,0,false
2024-06-06 00:08:07,2024-06-07 00:00:51,UTC-06:00,2024-06-06 14:49:27,2024-06-06 15:44:17,54,Strength Trainer,12.9,92.0,111,79,24,1,0,0,0,false
2024-06-05 00:04:20,2024-06-06 00:08:07,UTC-06:00,2024-06-05 15:46:54,2024-06-05 16:07:18,20,Running,5.2,100.0,139,104,26,53,5,0,0,false
2024-06-05 00:04:20,2024-06-06 00:08:07,UTC-06:00,2024-06-05 14:55:57,2024-06-05 15:42:59,47,Strength Trainer,12.1,82.0,121,77,20,4,0,0,0,false
2024-06-03 23:57:58,2024-06-05 00:04:20,UTC-06:00,2024-06-04 15:27:22,2024-06-04 16:01:10,33,Running,8.2,225.0,163,113,23,42,8,17,0,false
2024-06-03 23:57:58,2024-06-05 00:04:20,UTC-06:00,2024-06-04 14:28:27,2024-06-04 15:27:09,58,Strength Trainer,9.8,86.0,102,73,19,0,0,0,0,false
2024-06-03 00:25:45,2024-06-03 23:57:58,UTC-06:00,2024-06-03 21:05:40,2024-06-03 22:05:40,60,Soccer,9.8,309.0,166,101,28,9,12,14,0,false
2024-06-03 00:25:45,2024-06-03 23:57:58,UTC-06:00,2024-06-03 14:23:24,2024-06-03 15:14:54,51,Strength Trainer,13.0,70.0,107,68,6,0,0,0,0,false
2024-05-31 23:39:28,2024-06-02 00:54:30,UTC-06:00,2024-06-01 20:51:00,2024-06-01 21:29:59,38,Activity,14.2,508.0,179,146,5,3,20,50,22,false
2024-05-31 23:39:28,2024-06-02 00:54:30,UTC-06:00,2024-06-01 07:05:07,2024-06-01 08:02:52,57,Soccer,15.1,640.0,176,136,16,9,8,49,15,false
2024-05-30 23:49:03,2024-05-31 23:39:28,UTC-06:00,2024-05-31 15:06:26,2024-05-31 15:30:22,23,Running,7.1,175.0,157,116,12,41,24,14,0,false
2024-05-30 23:49:03,2024-05-31 23:39:28,UTC-06:00,2024-05-31 14:19:13,2024-05-31 15:05:56,46,Strength Trainer,7.9,81.0,124,77,25,4,0,0,0,false
2024-05-29 23:44:16,2024-05-30 23:49:03,UTC-06:00,2024-05-30 14:38:06,2024-05-30 15:32:26,54,Strength Trainer,12.6,100.0,121,83,39,3,0,0,0,false
2024-05-29 00:13:14,2024-05-29 23:44:16,UTC-06:00,2024-05-29 15:56:26,2024-05-29 16:21:38,25,Stairmaster,6.5,164.0,143,112,18,37,32,0,0,false
2024-05-29 00:13:14,2024-05-29 23:44:16,UTC-06:00,2024-05-29 15:06:45,2024-05-29 15:55:57,49,Strength Trainer,9.1,109.0,116,83,36,8,0,0,0,false
2024-05-28 00:27:05,2024-05-29 00:13:14,UTC-06:00,2024-05-28 15:32:50,2024-05-28 16:05:43,32,Running,5.6,139.0,138,99,33,42,1,0,0,false
2024-05-28 00:27:05,2024-05-29 00:13:14,UTC-06:00,2024-05-28 14:40:51,2024-05-28 15:32:39,51,Strength Trainer,7.2,106.0,125,81,26,9,0,0,0,false
2024-05-26 23:39:15,2024-05-28 00:27:05,UTC-06:00,2024-05-27 16:05:48,2024-05-27 16:27:56,22,Stairmaster,4.9,82.0,129,96,34,36,1,0,0,false
2024-05-26 23:39:15,2024-05-28 00:27:05,UTC-06:00,2024-05-27 15:14:27,2024-05-27 16:04:54,50,Strength Trainer,12.6,71.0,105,73,15,0,0,0,0,false
2024-05-26 01:00:41,2024-05-26 23:39:15,UTC-06:00,2024-05-26 13:28:28,2024-05-26 13:44:41,16,Walking,5.0,85.0,128,106,33,64,0,0,0,false
2024-05-25 00:50:33,2024-05-26 01:00:41,UTC-06:00,2024-05-25 11:55:30,2024-05-25 12:29:59,34,Soccer,12.7,342.0,178,130,36,13,3,15,31,false
2024-05-25 00:50:33,2024-05-26 01:00:41,UTC-06:00,2024-05-25 10:54:00,2024-05-25 11:23:59,29,Soccer,12.1,351.0,174,139,0,13,47,21,19,false
2024-05-25 00:50:33,2024-05-26 01:00:41,UTC-06:00,2024-05-25 08:37:30,2024-05-25 09:05:54,28,Soccer,12.5,354.0,174,143,2,15,18,42,23,false
2024-05-23 00:46:56,2024-05-24 00:29:38,UTC-06:00,2024-05-23 17:58:36,2024-05-23 18:17:22,18,Walking,4.1,32.0,111,83,22,2,0,0,0,false
2024-05-23 00:46:56,2024-05-24 00:29:38,UTC-06:00,2024-05-23 15:28:58,2024-05-23 15:56:57,27,Stairmaster,5.8,142.0,135,103,22,41,13,0,0,false
2024-05-23 00:46:56,2024-05-24 00:29:38,UTC-06:00,2024-05-23 14:18:18,2024-05-23 15:27:03,68,Strength Trainer,14.2,100.0,108,75,15,0,0,0,0,false
2024-05-21 01:20:09,2024-05-22 00:47:47,UTC-07:00,2024-05-21 09:55:35,2024-05-21 10:11:47,16,Walking,4.2,29.0,102,78,38,0,0,0,0,false
2024-05-17 00:15:21,2024-05-18 00:51:11,UTC-07:00,2024-05-17 08:56:25,2024-05-17 09:52:51,56,Strength Trainer,9.2,158.0,172,81,8,8,4,1,2,false
2024-05-16 00:01:26,2024-05-17 00:15:21,UTC-07:00,2024-05-16 20:01:04,2024-05-16 20:23:30,22,Stairmaster,4.7,69.0,134,92,54,16,1,0,0,false
2024-05-16 00:01:26,2024-05-17 00:15:21,UTC-07:00,2024-05-16 19:03:10,2024-05-16 19:59:17,56,Strength Trainer,9.6,113.0,136,77,11,9,2,0,0,false
2024-05-16 00:01:26,2024-05-17 00:15:21,UTC-07:00,2024-05-16 18:17:07,2024-05-16 18:33:20,16,Walking,4.4,51.0,121,89,15,34,0,0,0,false
2024-05-15 02:35:21,2024-05-16 00:01:26,UTC-07:00,2024-05-15 20:36:06,2024-05-15 21:25:48,49,Strength Trainer,11.3,70.0,104,73,14,0,0,0,0,false
2024-05-11 01:10:23,2024-05-12 00:39:51,UTC-06:00,2024-05-11 11:14:28,2024-05-11 12:19:22,64,Soccer,16.6,790.0,187,141,6,21,13,18,42,false
2024-05-10 00:54:09,2024-05-11 01:10:23,UTC-06:00,2024-05-10 14:42:37,2024-05-10 15:18:47,36,Strength Trainer,7.6,65.0,119,82,31,4,0,0,0,false
2024-05-09 00:38:32,2024-05-10 00:54:09,UTC-06:00,2024-05-09 14:56:00,2024-05-09 16:09:16,73,Strength Trainer,12.7,108.0,110,77,19,0,0,0,0,false
2024-05-08 00:40:54,2024-05-09 00:38:32,UTC-06:00,2024-05-08 15:03:05,2024-05-08 15:39:32,36,Strength Trainer,9.5,71.0,117,85,42,4,0,0,0,false
2024-05-07 00:51:38,2024-05-08 00:40:54,UTC-06:00,2024-05-07 14:22:19,2024-05-07 15:14:22,52,Strength Trainer,8.4,78.0,106,77,16,0,0,0,0,false
2024-05-05 23:40:05,2024-05-07 00:51:38,UTC-06:00,2024-05-06 14:46:01,2024-05-06 15:31:46,45,Strength Trainer,12.1,68.0,106,77,20,0,0,0,0,false
2024-05-05 00:55:18,2024-05-05 23:40:05,UTC-06:00,2024-05-05 09:27:51,2024-05-05 10:11:19,43,Strength Trainer,8.6,59.0,107,67,7,0,0,0,0,false
2024-05-03 23:32:32,2024-05-05 00:55:18,UTC-06:00,2024-05-04 20:57:08,2024-05-04 21:52:00,54,Strength Trainer,8.2,78.0,110,72,12,0,0,0,0,false
2024-05-03 01:01:33,2024-05-03 23:32:32,UTC-06:00,2024-05-03 13:49:54,2024-05-03 14:39:25,49,Strength Trainer,7.7,89.0,128,84,35,2,0,0,0,false
2024-05-01 22:52:13,2024-05-03 00:01:33,UTC-07:00,2024-05-02 08:04:23,2024-05-02 09:13:13,68,Strength Trainer,13.3,103.0,111,74,17,0,0,0,0,false
2024-04-30 00:37:07,2024-04-30 23:58:05,UTC-06:00,2024-04-30 14:44:05,2024-04-30 15:32:47,48,Strength Trainer,7.7,80.0,113,76,24,2,0,0,0,false
2024-04-28 23:05:27,2024-04-30 00:37:07,UTC-06:00,2024-04-29 22:41:55,2024-04-29 23:05:51,23,Running,5.4,116.0,138,102,22,52,8,0,0,false
2024-04-28 23:05:27,2024-04-30 00:37:07,UTC-06:00,2024-04-29 14:59:43,2024-04-29 15:53:07,53,Strength Trainer,11.4,76.0,111,73,15,0,0,0,0,false
2024-04-26 00:50:50,2024-04-27 00:58:59,UTC-06:00,2024-04-26 14:20:55,2024-04-26 14:54:04,33,Strength Trainer,5.9,60.0,114,83,39,3,0,0,0,false
2024-04-25 01:02:15,2024-04-26 00:50:50,UTC-06:00,2024-04-25 15:21:45,2024-04-25 15:53:24,31,Stairmaster,5.8,154.0,131,104,28,55,3,0,0,false
2024-04-25 01:02:15,2024-04-26 00:50:50,UTC-06:00,2024-04-25 14:27:16,2024-04-25 15:16:43,49,Strength Trainer,12.3,67.0,109,73,7,0,0,0,0,false
2024-04-23 00:19:04,2024-04-23 23:46:42,UTC-07:00,2024-04-23 07:35:11,2024-04-23 08:37:07,61,Strength Trainer,9.9,124.0,165,75,15,3,0,2,0,false
2024-04-21 23:38:24,2024-04-23 00:19:04,UTC-07:00,2024-04-22 06:54:57,2024-04-22 08:03:16,68,Strength Trainer,13.0,175.0,163,84,19,0,0,7,0,false
2024-04-19 21:55:14,2024-04-21 00:23:50,UTC-06:00,2024-04-20 12:40:10,2024-04-20 13:30:16,50,Soccer,14.6,599.0,171,141,2,16,22,41,19,false
2024-04-18 00:51:44,2024-04-19 01:10:12,UTC-06:00,2024-04-18 22:28:30,2024-04-18 22:50:58,22,Running,5.6,124.0,138,107,21,54,15,0,0,false
2024-04-18 00:51:44,2024-04-19 01:10:12,UTC-06:00,2024-04-18 21:25:03,2024-04-18 22:26:12,61,Strength Trainer,12.9,83.0,105,71,9,0,0,0,0,false
2024-04-17 01:14:47,2024-04-18 00:51:44,UTC-06:00,2024-04-17 21:59:13,2024-04-17 22:26:02,26,Running,6.4,169.0,149,110,21,56,18,2,0,false
2024-04-17 01:14:47,2024-04-18 00:51:44,UTC-06:00,2024-04-17 15:02:26,2024-04-17 15:36:27,34,Strength Trainer,8.2,49.0,100,75,15,0,0,0,0,false
2024-04-16 01:41:18,2024-04-17 01:14:47,UTC-06:00,2024-04-16 22:45:14,2024-04-16 23:09:19,24,Running,5.0,94.0,129,96,31,34,3,0,0,false
2024-04-16 01:41:18,2024-04-17 01:14:47,UTC-06:00,2024-04-16 21:43:26,2024-04-16 22:42:46,59,Strength Trainer,11.0,92.0,122,74,19,1,0,0,0,false
2024-04-14 23:37:49,2024-04-16 01:41:18,UTC-06:00,2024-04-15 22:47:44,2024-04-15 23:12:31,24,Running,5.9,137.0,135,108,37,46,14,0,0,false
2024-04-14 23:37:49,2024-04-16 01:41:18,UTC-06:00,2024-04-15 21:51:49,2024-04-15 22:46:51,55,Strength Trainer,12.1,76.0,106,71,9,0,0,0,0,false
2024-04-14 01:12:59,2024-04-14 23:37:49,UTC-06:00,2024-04-14 10:00:00,2024-04-14 10:20:59,20,Activity,5.1,98.0,135,103,39,50,3,0,0,false
2024-04-12 00:55:49,2024-04-13 00:20:00,UTC-06:00,2024-04-12 15:09:09,2024-04-12 15:35:49,26,Stairmaster,6.2,158.0,135,108,20,52,17,0,0,false
2024-04-12 00:55:49,2024-04-13 00:20:00,UTC-06:00,2024-04-12 14:13:05,2024-04-12 15:07:47,54,Strength Trainer,4.9,111.0,115,82,41,3,0,0,0,false
2024-04-11 00:05:30,2024-04-12 00:55:49,UTC-06:00,2024-04-11 23:28:11,2024-04-11 23:44:29,16,Running,5.2,98.0,129,109,15,84,1,0,0,false
2024-04-11 00:05:30,2024-04-12 00:55:49,UTC-06:00,2024-04-11 22:53:20,2024-04-11 23:25:14,31,Strength Trainer,10.0,46.0,110,73,11,0,0,0,0,false
2024-04-10 01:51:16,2024-04-10 23:05:30,UTC-07:00,2024-04-10 08:20:38,2024-04-10 08:31:19,10,Running,4.6,49.0,130,102,29,46,6,0,0,false
2024-04-10 01:51:16,2024-04-10 23:05:30,UTC-07:00,2024-04-10 07:27:08,2024-04-10 08:20:24,53,Strength Trainer,12.5,124.0,126,84,33,11,0,0,0,false
2024-04-09 00:04:19,2024-04-10 01:51:16,UTC-07:00,2024-04-09 07:45:42,2024-04-09 08:13:49,28,Stairmaster,5.1,98.0,119,95,46,28,0,0,0,false
2024-04-09 00:04:19,2024-04-10 01:51:16,UTC-07:00,2024-04-09 06:53:43,2024-04-09 07:42:07,48,Strength Trainer,8.8,74.0,105,77,22,0,0,0,0,false
2024-04-07 22:45:05,2024-04-09 01:04:19,UTC-06:00,2024-04-08 13:00:11,2024-04-08 13:34:42,34,Strength Trainer,12.3,77.0,122,83,41,6,0,0,0,false
2024-04-05 22:49:22,2024-04-06 23:19:14,UTC-07:00,2024-04-06 07:59:55,2024-04-06 09:04:32,64,Soccer,15.1,687.0,174,133,13,20,14,35,17,false
2024-04-03 23:03:10,2024-04-04 22:44:25,UTC-07:00,2024-04-04 08:57:10,2024-04-04 09:19:03,21,Running,4.5,52.0,111,89,60,2,0,0,0,false
2024-04-03 23:03:10,2024-04-04 22:44:25,UTC-07:00,2024-04-04 07:56:27,2024-04-04 08:56:26,59,Strength Trainer,12.8,83.0,118,71,9,1,0,0,0,false
2024-04-03 00:10:27,2024-04-03 23:03:10,UTC-07:00,2024-04-03 16:19:59,2024-04-03 16:39:36,19,Walking,0.0,26.0,83,60,0,0,0,0,0,false
2024-04-03 00:10:27,2024-04-03 23:03:10,UTC-07:00,2024-04-03 08:28:15,2024-04-03 08:49:26,21,Stairmaster,4.6,57.0,119,91,74,6,0,0,0,false
2024-04-03 00:10:27,2024-04-03 23:03:10,UTC-07:00,2024-04-03 07:50:45,2024-04-03 08:26:25,35,Strength Trainer,7.1,50.0,103,75,10,0,0,0,0,false
2024-04-02 00:50:12,2024-04-03 01:10:27,UTC-06:00,2024-04-02 14:36:12,2024-04-02 14:50:39,14,Running,5.2,92.0,139,111,17,62,21,0,0,false
2024-04-02 00:50:12,2024-04-03 01:10:27,UTC-06:00,2024-04-02 13:45:46,2024-04-02 14:34:22,48,Strength Trainer,10.1,105.0,127,84,35,7,0,0,0,false
2024-03-31 21:47:38,2024-04-02 00:50:12,UTC-06:00,2024-04-01 18:57:00,2024-04-01 19:35:59,38,Activity,11.9,424.0,164,134,0,21,42,37,0,false
2024-03-31 21:47:38,2024-04-02 00:50:12,UTC-06:00,2024-04-01 15:02:52,2024-04-01 15:30:52,27,Running,5.7,131.0,139,102,40,28,15,0,0,false
2024-03-31 21:47:38,2024-04-02 00:50:12,UTC-06:00,2024-04-01 14:00:58,2024-04-01 15:02:41,61,Strength Trainer,13.4,86.0,121,74,10,1,0,0,0,false
2024-03-30 00:39:55,2024-03-31 00:06:42,UTC-06:00,2024-03-30 08:44:50,2024-03-30 09:48:54,64,Strength Trainer,11.4,122.0,122,82,29,6,0,0,0,false
2024-03-29 00:38:45,2024-03-30 00:39:55,UTC-06:00,2024-03-29 15:01:25,2024-03-29 15:17:38,16,Walking,6.0,108.0,154,113,24,30,21,13,0,false
2024-03-29 00:38:45,2024-03-30 00:39:55,UTC-06:00,2024-03-29 10:28:30,2024-03-29 10:56:59,28,Activity,10.1,302.0,158,134,1,19,46,34,0,false
2024-03-29 00:38:45,2024-03-30 00:39:55,UTC-06:00,2024-03-29 09:31:23,2024-03-29 09:54:03,22,Running,5.9,137.0,153,110,17,55,16,4,0,false
2024-03-29 00:38:45,2024-03-30 00:39:55,UTC-06:00,2024-03-29 08:42:07,2024-03-29 09:28:59,46,Strength Trainer,10.3,78.0,112,81,30,1,0,0,0,false
2024-03-27 00:59:23,2024-03-28 01:05:05,UTC-06:00,2024-03-27 15:32:29,2024-03-27 15:53:37,21,Running,5.9,128.0,145,109,22,35,29,1,0,false
2024-03-27 00:59:23,2024-03-28 01:05:05,UTC-06:00,2024-03-27 14:11:21,2024-03-27 15:28:11,76,Strength Trainer,12.8,116.0,116,80,25,1,0,0,0,false
2024-03-26 01:09:03,2024-03-27 00:59:23,UTC-06:00,2024-03-26 15:22:36,2024-03-26 15:59:44,37,Running,7.2,206.0,166,107,24,38,16,5,0,false
2024-03-26 01:09:03,2024-03-27 00:59:23,UTC-06:00,2024-03-26 14:24:03,2024-03-26 15:19:49,55,Strength Trainer,11.9,121.0,130,83,43,6,0,0,0,false
2024-03-24 23:08:12,2024-03-26 01:09:03,UTC-06:00,2024-03-25 15:51:00,2024-03-25 16:23:43,32,Activity,6.0,164.0,140,105,40,50,6,0,0,false
2024-03-24 23:08:12,2024-03-26 01:09:03,UTC-06:00,2024-03-25 15:09:29,2024-03-25 15:50:12,40,Strength Trainer,11.5,59.0,102,75,17,0,0,0,0,false
2024-03-23 00:42:31,2024-03-24 02:14:01,UTC-06:00,2024-03-23 09:56:05,2024-03-23 10:18:02,21,Stairmaster,6.3,145.0,170,112,3,58,16,7,1,false
2024-03-23 00:42:31,2024-03-24 02:14:01,UTC-06:00,2024-03-23 09:01:59,2024-03-23 09:54:44,52,Strength Trainer,11.9,95.0,127,77,19,5,0,0,0,false
2024-03-21 00:50:46,2024-03-22 00:33:07,UTC-06:00,2024-03-21 15:29:03,2024-03-21 15:49:37,20,Stairmaster,5.4,112.0,130,107,29,61,2,0,0,false
2024-03-21 00:50:46,2024-03-22 00:33:07,UTC-06:00,2024-03-21 14:24:33,2024-03-21 15:28:05,63,Strength Trainer,12.6,88.0,112,72,11,1,0,0,0,false
2024-03-20 00:19:22,2024-03-21 00:50:46,UTC-06:00,2024-03-20 15:05:56,2024-03-20 15:27:56,21,Stairmaster,5.0,94.0,126,96,19,49,0,0,0,false
2024-03-20 00:19:22,2024-03-21 00:50:46,UTC-06:00,2024-03-20 14:11:09,2024-03-20 15:04:29,53,Strength Trainer,8.6,77.0,104,75,19,0,0,0,0,false
2024-03-18 23:42:47,2024-03-20 00:19:22,UTC-06:00,2024-03-19 14:47:47,2024-03-19 15:50:35,62,Strength Trainer,10.3,100.0,130,76,20,3,0,0,0,false
2024-03-18 00:41:23,2024-03-18 23:42:47,UTC-06:00,2024-03-18 13:43:36,2024-03-18 14:08:28,24,Running,5.0,92.0,131,96,28,44,0,0,0,false
2024-03-18 00:41:23,2024-03-18 23:42:47,UTC-06:00,2024-03-18 12:57:06,2024-03-18 13:43:26,46,Strength Trainer,14.0,66.0,115,76,17,0,0,0,0,false
2024-03-17 01:12:36,2024-03-18 00:41:23,UTC-06:00,2024-03-17 11:27:44,2024-03-17 11:44:01,16,Running,4.5,54.0,135,93,32,23,3,0,0,false
2024-03-17 01:12:36,2024-03-18 00:41:23,UTC-06:00,2024-03-17 10:26:03,2024-03-17 11:27:32,61,Strength Trainer,7.5,82.0,103,67,4,0,0,0,0,false
2024-03-16 00:30:38,2024-03-17 01:12:36,UTC-06:00,2024-03-16 10:03:07,2024-03-16 11:57:57,114,Soccer,15.9,822.0,177,113,14,13,6,17,13,false
2024-03-15 00:41:13,2024-03-16 00:30:38,UTC-06:00,2024-03-15 14:46:31,2024-03-15 15:22:20,35,Strength Trainer,10.1,76.0,116,88,58,3,0,0,0,false
2024-03-13 22:54:37,2024-03-14 23:41:13,UTC-07:00,2024-03-14 15:18:11,2024-03-14 15:47:06,28,Running,5.3,113.0,128,99,52,37,0,0,0,false
2024-03-12 23:34:51,2024-03-13 22:54:37,UTC-07:00,2024-03-13 09:05:13,2024-03-13 09:38:36,33,Stairmaster,4.9,93.0,112,92,73,5,0,0,0,false
2024-03-12 23:34:51,2024-03-13 22:54:37,UTC-07:00,2024-03-13 08:14:14,2024-03-13 09:02:51,48,Strength Trainer,12.9,69.0,113,75,15,0,0,0,0,false
2024-03-12 00:44:50,2024-03-13 00:34:51,UTC-06:00,2024-03-12 18:27:10,2024-03-12 19:17:15,50,Stairmaster,5.9,180.0,123,93,28,30,0,0,0,false
2024-03-12 00:44:50,2024-03-13 00:34:51,UTC-06:00,2024-03-12 18:46:48,2024-03-12 19:25:48,39,Strength Trainer,9.5,61.0,114,80,32,0,0,0,0,false
2024-03-10 23:40:37,2024-03-12 00:44:50,UTC-06:00,2024-03-11 15:35:01,2024-03-11 15:47:12,12,Stairmaster,4.4,38.0,133,94,31,15,7,0,0,false
2024-03-10 23:40:37,2024-03-12 00:44:50,UTC-06:00,2024-03-11 14:39:36,2024-03-11 15:34:28,54,Strength Trainer,12.8,84.0,111,77,21,0,0,0,0,false
2024-03-09 02:19:07,2024-03-09 23:59:20,UTC-06:00,2024-03-09 11:12:51,2024-03-09 12:15:32,62,Soccer,14.2,554.0,174,123,11,16,11,19,19,false
2024-03-08 01:26:12,2024-03-09 02:19:07,UTC-06:00,2024-03-08 13:47:32,2024-03-08 14:28:35,41,Strength Trainer,10.4,69.0,119,79,29,2,0,0,0,false
2024-03-06 23:56:45,2024-03-08 01:26:12,UTC-06:00,2024-03-07 15:22:08,2024-03-07 16:13:53,51,Strength Trainer,12.7,84.0,123,77,20,4,0,0,0,false
2024-03-06 01:03:30,2024-03-06 23:56:45,UTC-06:00,2024-03-06 14:17:17,2024-03-06 15:37:30,80,Strength Trainer,10.1,165.0,116,80,33,2,0,0,0,false
2024-03-03 23:57:18,2024-03-05 01:02:50,UTC-06:00,2024-03-04 15:34:30,2024-03-04 16:05:18,30,Stairmaster,5.4,130.0,119,100,66,30,0,0,0,false
2024-03-03 23:57:18,2024-03-05 01:02:50,UTC-06:00,2024-03-04 14:55:53,2024-03-04 15:29:32,33,Strength Trainer,9.3,45.0,99,69,4,0,0,0,0,false
2024-03-02 23:40:29,2024-03-03 23:57:18,UTC-06:00,2024-03-03 09:45:32,2024-03-03 10:58:51,73,Strength Trainer,12.5,103.0,112,75,14,0,0,0,0,false
2024-03-01 23:36:15,2024-03-02 23:40:29,UTC-06:00,2024-03-02 07:58:04,2024-03-02 08:56:45,58,Soccer,13.8,558.0,171,127,18,9,14,45,5,false
2024-02-29 00:14:16,2024-03-01 00:13:23,UTC-06:00,2024-02-29 16:20:26,2024-02-29 17:10:07,49,Stairmaster,7.0,222.0,158,101,45,30,6,4,0,false
2024-02-29 00:14:16,2024-03-01 00:13:23,UTC-06:00,2024-02-29 15:21:22,2024-02-29 16:18:44,57,Strength Trainer,12.4,93.0,112,82,35,1,0,0,0,false
2024-02-28 00:36:21,2024-02-29 00:14:16,UTC-06:00,2024-02-28 15:22:04,2024-02-28 15:50:15,28,Stairmaster,5.3,120.0,119,100,38,43,0,0,0,false
2024-02-28 00:36:21,2024-02-29 00:14:16,UTC-06:00,2024-02-28 14:27:22,2024-02-28 15:20:02,52,Strength Trainer,9.9,109.0,116,86,44,6,0,0,0,false
2024-02-27 00:21:14,2024-02-28 00:36:21,UTC-06:00,2024-02-27 15:33:41,2024-02-27 16:03:42,30,Stairmaster,5.5,130.0,124,100,47,39,0,0,0,false
2024-02-27 00:21:14,2024-02-28 00:36:21,UTC-06:00,2024-02-27 14:16:25,2024-02-27 15:33:16,76,Strength Trainer,10.9,108.0,111,75,14,0,0,0,0,false
2024-02-25 21:56:41,2024-02-27 00:21:14,UTC-06:00,2024-02-26 15:39:53,2024-02-26 16:13:31,33,Stairmaster,5.6,140.0,127,101,52,38,0,0,0,false
2024-02-25 21:56:41,2024-02-27 00:21:14,UTC-06:00,2024-02-26 14:43:25,2024-02-26 15:38:43,55,Strength Trainer,13.5,83.0,112,79,23,0,0,0,0,false
2024-02-24 00:14:20,2024-02-25 00:01:12,UTC-06:00,2024-02-24 10:07:18,2024-02-24 11:37:57,90,Soccer,15.9,785.0,178,122,18,11,11,30,13,false
2024-02-23 00:12:31,2024-02-24 00:14:20,UTC-06:00,2024-02-23 13:32:26,2024-02-23 14:09:36,37,Stairmaster,6.3,189.0,130,104,29,55,4,0,0,false
2024-02-23 00:12:31,2024-02-24 00:14:20,UTC-06:00,2024-02-23 12:30:00,2024-02-23 13:30:20,60,Strength Trainer,8.2,84.0,105,74,12,0,0,0,0,false
2024-02-22 00:16:22,2024-02-23 00:12:31,UTC-06:00,2024-02-22 15:07:05,2024-02-22 15:47:10,40,Stairmaster,5.4,136.0,122,95,58,19,0,0,0,false
2024-02-22 00:16:22,2024-02-23 00:12:31,UTC-06:00,2024-02-22 14:01:45,2024-02-22 15:06:20,64,Strength Trainer,12.4,85.0,102,68,4,0,0,0,0,false
2024-02-21 00:16:21,2024-02-22 00:16:22,UTC-06:00,2024-02-21 15:26:19,2024-02-21 15:52:24,26,Running,5.4,101.0,159,98,27,29,4,5,0,false
2024-02-21 00:16:21,2024-02-22 00:16:22,UTC-06:00,2024-02-21 14:23:19,2024-02-21 15:16:10,52,Strength Trainer,6.6,122.0,129,83,17,15,0,0,0,false
2024-02-20 00:16:39,2024-02-21 00:16:21,UTC-06:00,2024-02-20 15:01:18,2024-02-20 15:27:32,26,Rowing,5.0,90.0,154,93,48,22,3,2,0,false
2024-02-20 00:16:39,2024-02-21 00:16:21,UTC-06:00,2024-02-20 14:01:05,2024-02-20 14:57:22,56,Strength Trainer,9.4,75.0,101,69,7,0,0,0,0,false
2024-02-18 21:15:07,2024-02-20 00:16:39,UTC-06:00,2024-02-19 14:52:04,2024-02-19 15:12:02,19,Running,4.2,35.0,107,87,43,0,0,0,0,false
2024-02-18 21:15:07,2024-02-20 00:16:39,UTC-06:00,2024-02-19 14:01:29,2024-02-19 14:48:59,47,Strength Trainer,12.3,67.0,105,79,21,0,0,0,0,false
2024-02-16 23:25:03,2024-02-17 22:57:21,UTC-06:00,2024-02-17 10:21:24,2024-02-17 12:54:36,153,Soccer,14.7,814.0,169,105,28,6,9,16,2,false
2024-02-16 00:24:49,2024-02-16 23:25:03,UTC-06:00,2024-02-16 14:30:43,2024-02-16 14:58:06,27,Running,6.2,170.0,155,110,11,63,18,1,0,false
2024-02-16 00:24:49,2024-02-16 23:25:03,UTC-06:00,2024-02-16 13:34:40,2024-02-16 14:25:23,50,Strength Trainer,8.5,78.0,108,79,26,0,0,0,0,false
2024-02-15 00:10:58,2024-02-16 00:24:49,UTC-06:00,2024-02-15 15:45:27,2024-02-15 16:19:22,33,Running,5.9,159.0,133,101,30,51,0,0,0,false
2024-02-15 00:10:58,2024-02-16 00:24:49,UTC-06:00,2024-02-15 14:43:11,2024-02-15 15:37:56,54,Strength Trainer,12.9,75.0,103,76,10,0,0,0,0,false
2024-02-13 23:27:42,2024-02-14 22:10:58,UTC-08:00,2024-02-14 07:12:27,2024-02-14 08:00:40,48,Running,6.4,186.0,166,96,38,24,2,2,1,false
2024-02-13 00:08:58,2024-02-13 23:27:42,UTC-08:00,2024-02-13 08:23:17,2024-02-13 08:50:34,27,Stairmaster,4.9,94.0,118,94,50,24,0,0,0,false
2024-02-13 00:08:58,2024-02-13 23:27:42,UTC-08:00,2024-02-13 07:22:53,2024-02-13 08:22:04,59,Strength Trainer,10.8,81.0,102,72,9,0,0,0,0,false
2024-02-12 00:46:15,2024-02-13 02:08:58,UTC-06:00,2024-02-12 19:04:44,2024-02-12 19:19:49,15,Running,0.0,20.0,93,75,0,0,0,0,0,false
2024-02-12 00:46:15,2024-02-13 02:08:58,UTC-06:00,2024-02-12 20:13:49,2024-02-12 20:59:51,46,Strength Trainer,12.5,62.0,99,74,14,0,0,0,0,false
2024-02-11 00:20:41,2024-02-12 00:46:15,UTC-06:00,2024-02-11 09:03:56,2024-02-11 09:49:02,45,Strength Trainer,7.3,60.0,96,68,2,0,0,0,0,false
2024-02-10 00:08:26,2024-02-11 00:20:41,UTC-06:00,2024-02-10 10:03:28,2024-02-10 10:47:48,44,Running,5.8,173.0,134,94,17,45,2,0,0,false
2024-02-10 00:08:26,2024-02-11 00:20:41,UTC-06:00,2024-02-10 09:08:25,2024-02-10 09:59:40,51,Strength Trainer,4.2,74.0,128,74,13,1,0,0,0,false
2024-02-07 23:46:32,2024-02-09 00:19:56,UTC-06:00,2024-02-08 14:42:25,2024-02-08 15:14:39,32,Running,6.3,174.0,135,106,32,47,13,0,0,false
2024-02-07 23:46:32,2024-02-09 00:19:56,UTC-06:00,2024-02-08 13:45:09,2024-02-08 14:40:52,55,Strength Trainer,11.6,76.0,102,75,10,0,0,0,0,false
2024-02-06 23:52:18,2024-02-07 23:46:32,UTC-06:00,2024-02-07 15:12:20,2024-02-07 15:40:55,28,Running,5.2,109.0,128,96,43,29,1,0,0,false
2024-02-06 23:52:18,2024-02-07 23:46:32,UTC-06:00,2024-02-07 14:13:10,2024-02-07 15:09:41,56,Strength Trainer,10.7,74.0,100,71,2,0,0,0,0,false
2024-02-05 22:59:34,2024-02-06 23:52:18,UTC-06:00,2024-02-06 15:36:28,2024-02-06 15:58:04,21,Running,4.4,51.0,120,88,34,13,0,0,0,false
2024-02-05 22:59:34,2024-02-06 23:52:18,UTC-06:00,2024-02-06 14:31:21,2024-02-06 15:34:24,63,Strength Trainer,11.5,84.0,103,71,6,0,0,0,0,false
2024-02-04 23:14:09,2024-02-05 22:59:34,UTC-06:00,2024-02-05 09:44:28,2024-02-05 10:13:58,29,Running,7.5,200.0,161,113,17,58,4,15,0,false
2024-02-04 23:14:09,2024-02-05 22:59:34,UTC-06:00,2024-02-05 08:56:16,2024-02-05 09:44:15,47,Strength Trainer,13.7,73.0,113,78,17,1,0,0,0,false
2024-02-04 00:22:41,2024-02-04 23:14:09,UTC-06:00,2024-02-04 09:11:24,2024-02-04 09:35:57,24,Running,4.1,34.0,112,83,17,1,0,0,0,false
2024-02-04 00:22:41,2024-02-04 23:14:09,UTC-06:00,2024-02-04 08:32:03,2024-02-04 09:08:02,35,Strength Trainer,11.2,50.0,97,71,10,0,0,0,0,false
2024-02-03 00:18:24,2024-02-04 00:22:41,UTC-06:00,2024-02-03 09:25:03,2024-02-03 10:42:20,77,Soccer,15.7,743.0,175,128,23,15,9,30,17,false
2024-02-02 01:22:08,2024-02-03 00:18:24,UTC-06:00,2024-02-02 14:48:55,2024-02-02 15:26:05,37,Stairmaster,5.9,160.0,128,101,42,45,0,0,0,false
2024-02-02 01:22:08,2024-02-03 00:18:24,UTC-06:00,2024-02-02 13:54:42,2024-02-02 14:44:13,49,Strength Trainer,7.4,65.0,111,75,4,0,0,0,0,false
2024-02-01 00:21:41,2024-02-02 01:22:08,UTC-06:00,2024-02-01 15:16:41,2024-02-01 15:44:34,27,Stairmaster,5.5,130.0,121,103,41,52,0,0,0,false
2024-02-01 00:21:41,2024-02-02 01:22:08,UTC-06:00,2024-02-01 14:12:52,2024-02-01 15:14:29,61,Strength Trainer,11.5,93.0,120,76,16,2,0,0,0,false
2024-01-31 00:04:37,2024-02-01 00:21:41,UTC-06:00,2024-01-31 15:15:34,2024-01-31 15:42:50,27,Running,5.6,121.0,147,101,35,40,5,2,0,false
2024-01-31 00:04:37,2024-02-01 00:21:41,UTC-06:00,2024-01-31 14:23:59,2024-01-31 15:13:57,49,Strength Trainer,11.0,66.0,98,70,2,0,0,0,0,false
2024-01-30 00:27:09,2024-01-31 00:04:37,UTC-06:00,2024-01-30 15:08:16,2024-01-30 15:40:18,32,Stairmaster,5.5,129.0,131,98,25,44,3,0,0,false
2024-01-30 00:27:09,2024-01-31 00:04:37,UTC-06:00,2024-01-30 14:03:14,2024-01-30 15:07:45,64,Strength Trainer,11.1,86.0,107,75,8,0,0,0,0,false
2024-01-28 23:00:35,2024-01-30 00:27:09,UTC-06:00,2024-01-29 09:38:42,2024-01-29 10:33:16,54,Strength Trainer,13.2,102.0,114,84,41,2,0,0,0,false
2024-01-27 05:41:35,2024-01-28 02:19:41,UTC-06:00,2024-01-27 11:53:06,2024-01-27 13:02:37,69,Soccer,16.2,795.0,176,138,9,19,17,30,25,false
2024-01-26 00:23:44,2024-01-27 05:41:35,UTC-06:00,2024-01-26 14:15:31,2024-01-26 14:55:17,39,Stairmaster,5.9,161.0,126,100,48,39,0,0,0,false
2024-01-26 00:23:44,2024-01-27 05:41:35,UTC-06:00,2024-01-26 13:23:24,2024-01-26 14:15:19,51,Strength Trainer,9.8,68.0,93,70,2,0,0,0,0,false
2024-01-25 00:38:33,2024-01-26 00:23:44,UTC-06:00,2024-01-25 16:45:45,2024-01-25 17:09:11,23,Running,5.6,129.0,136,108,15,72,3,0,0,false
2024-01-25 00:38:33,2024-01-26 00:23:44,UTC-06:00,2024-01-25 16:01:02,2024-01-25 16:42:12,41,Strength Trainer,7.0,78.0,124,81,27,7,0,0,0,false
2024-01-22 22:58:22,2024-01-23 23:06:39,UTC-08:00,2024-01-23 21:49:30,2024-01-23 21:58:32,9,Activity,5.0,71.0,146,120,0,60,37,3,0,false
2024-01-22 22:58:22,2024-01-23 23:06:39,UTC-08:00,2024-01-23 07:53:13,2024-01-23 08:20:12,26,Stairmaster,4.8,85.0,121,94,64,14,0,0,0,false
2024-01-22 22:58:22,2024-01-23 23:06:39,UTC-08:00,2024-01-23 07:03:34,2024-01-23 07:51:41,48,Strength Trainer,9.7,69.0,114,73,17,0,0,0,0,false
2024-01-21 21:55:27,2024-01-23 00:58:22,UTC-06:00,2024-01-22 08:34:18,2024-01-22 09:19:39,45,Strength Trainer,8.9,68.0,118,79,22,1,0,0,0,false
2024-01-20 23:55:17,2024-01-21 21:55:27,UTC-06:00,2024-01-21 10:04:04,2024-01-21 11:00:49,56,Hiking,3.0,75.0,102,74,5,0,0,0,0,false
2024-01-20 23:55:17,2024-01-21 21:55:27,UTC-06:00,2024-01-21 08:45:15,2024-01-21 09:22:22,37,Strength Trainer,10.3,51.0,104,79,19,0,0,0,0,false
2024-01-19 23:55:09,2024-01-20 23:55:17,UTC-06:00,2024-01-20 08:00:48,2024-01-20 09:14:26,73,Soccer,14.7,632.0,171,124,32,6,7,37,11,false
2024-01-18 23:36:00,2024-01-19 23:55:09,UTC-06:00,2024-01-19 13:43:16,2024-01-19 14:41:32,58,Strength Trainer,5.9,85.0,113,77,24,1,0,0,0,false
2024-01-18 00:56:54,2024-01-18 23:36:00,UTC-06:00,2024-01-18 15:50:06,2024-01-18 16:20:41,30,Stairmaster,5.8,149.0,129,105,42,50,5,0,0,false
2024-01-18 00:56:54,2024-01-18 23:36:00,UTC-06:00,2024-01-18 14:38:42,2024-01-18 15:49:50,71,Strength Trainer,10.5,102.0,119,77,19,0,0,0,0,false
2024-01-16 23:47:26,2024-01-18 00:56:54,UTC-06:00,2024-01-17 21:13:51,2024-01-18 00:27:07,193,Padel,9.4,613.0,133,90,23,28,1,0,0,false
2024-01-16 23:47:26,2024-01-18 00:56:54,UTC-06:00,2024-01-17 15:45:43,2024-01-17 16:02:17,16,Running,4.8,75.0,122,102,26,63,0,0,0,false
2024-01-16 23:47:26,2024-01-18 00:56:54,UTC-06:00,2024-01-17 14:44:54,2024-01-17 15:43:13,58,Strength Trainer,10.8,86.0,114,80,17,1,0,0,0,false
2024-01-15 23:43:30,2024-01-16 23:47:26,UTC-06:00,2024-01-16 08:39:55,2024-01-16 09:09:17,29,Stairmaster,5.9,157.0,131,107,29,60,6,0,0,false
2024-01-15 23:43:30,2024-01-16 23:47:26,UTC-06:00,2024-01-16 07:41:58,2024-01-16 08:38:35,56,Strength Trainer,10.7,80.0,105,78,17,0,0,0,0,false
2024-01-14 23:20:16,2024-01-15 23:43:30,UTC-06:00,2024-01-15 08:22:01,2024-01-15 08:58:34,36,Stairmaster,5.8,150.0,124,100,54,39,0,0,0,false
2024-01-14 23:20:16,2024-01-15 23:43:30,UTC-06:00,2024-01-15 07:19:31,2024-01-15 08:21:48,62,Strength Trainer,12.5,104.0,111,81,32,0,0,0,0,false
2024-01-14 00:20:11,2024-01-14 23:20:16,UTC-06:00,2024-01-14 10:41:42,2024-01-14 11:02:20,20,Swimming,7.6,177.0,163,124,10,29,22,37,0,false
2024-01-12 23:14:25,2024-01-14 00:20:11,UTC-06:00,2024-01-13 11:21:09,2024-01-13 12:17:29,56,Soccer,13.9,543.0,175,129,27,18,5,39,11,false
2024-01-12 23:14:25,2024-01-14 00:20:11,UTC-06:00,2024-01-13 09:26:53,2024-01-13 09:55:15,28,Strength Trainer,9.1,37.0,92,71,4,0,0,0,0,false
2024-01-12 01:56:25,2024-01-12 23:14:25,UTC-06:00,2024-01-12 07:52:32,2024-01-12 08:46:50,54,Running,8.0,288.0,153,105,40,25,21,2,0,false
2024-01-12 01:56:25,2024-01-12 23:14:25,UTC-06:00,2024-01-12 07:12:12,2024-01-12 07:52:11,39,Strength Trainer,8.1,57.0,102,79,16,0,0,0,0,false
2024-01-11 01:27:54,2024-01-12 01:56:25,UTC-06:00,2024-01-11 08:03:51,2024-01-11 08:28:57,25,Running,6.1,153.0,149,111,32,53,12,3,0,false
2024-01-11 01:27:54,2024-01-12 01:56:25,UTC-06:00,2024-01-11 07:15:36,2024-01-11 08:01:28,45,Strength Trainer,9.1,94.0,121,87,56,4,0,0,0,false
2024-01-09 00:37:40,2024-01-10 00:42:37,UTC-06:00,2024-01-09 16:40:00,2024-01-09 17:07:24,27,Running,6.9,179.0,142,113,32,29,34,0,0,false
2024-01-09 00:37:40,2024-01-10 00:42:37,UTC-06:00,2024-01-09 15:47:19,2024-01-09 16:38:50,51,Strength Trainer,11.0,101.0,126,82,13,11,0,0,0,false
2024-01-07 23:28:34,2024-01-09 00:37:40,UTC-06:00,2024-01-08 15:24:32,2024-01-08 15:49:13,24,Stairmaster,5.7,134.0,128,107,18,65,5,0,0,false
2024-01-07 23:28:34,2024-01-09 00:37:40,UTC-06:00,2024-01-08 14:32:45,2024-01-08 15:23:59,51,Strength Trainer,13.3,67.0,98,72,2,0,0,0,0,false
2024-01-06 00:10:19,2024-01-07 05:05:00,UTC-06:00,2024-01-06 08:36:47,2024-01-06 09:04:14,27,Running,8.4,229.0,163,122,17,18,47,12,1,false
2024-01-06 00:10:19,2024-01-07 05:05:00,UTC-06:00,2024-01-06 08:01:21,2024-01-06 08:36:28,35,Strength Trainer,7.6,80.0,115,86,46,5,0,0,0,false
2024-01-05 00:05:21,2024-01-06 00:10:19,UTC-06:00,2024-01-05 14:25:30,2024-01-05 14:51:23,25,Running,5.8,138.0,136,106,19,56,8,0,0,false
2024-01-05 00:05:21,2024-01-06 00:10:19,UTC-06:00,2024-01-05 13:27:25,2024-01-05 14:25:12,57,Strength Trainer,12.3,106.0,122,81,19,7,0,0,0,false
2024-01-04 00:17:25,2024-01-05 00:05:21,UTC-06:00,2024-01-04 14:55:54,2024-01-04 15:29:24,33,Running,5.7,143.0,137,99,32,42,3,0,0,false
2024-01-04 00:17:25,2024-01-05 00:05:21,UTC-06:00,2024-01-04 13:53:05,2024-01-04 14:50:08,57,Strength Trainer,14.6,122.0,126,84,32,9,0,0,0,false
2024-01-03 00:26:01,2024-01-04 00:17:25,UTC-06:00,2024-01-03 14:47:10,2024-01-03 15:31:19,44,Stairmaster,5.5,149.0,126,94,47,23,0,0,0,false
2024-01-03 00:26:01,2024-01-04 00:17:25,UTC-06:00,2024-01-03 13:39:58,2024-01-03 14:41:05,61,Strength Trainer,4.1,83.0,104,73,8,0,0,0,0,false
2024-01-01 22:26:58,2024-01-03 00:26:01,UTC-06:00,2024-01-02 09:40:54,2024-01-02 10:17:29,36,Stairmaster,5.4,128.0,122,97,58,27,0,0,0,false
2024-01-01 22:26:58,2024-01-03 00:26:01,UTC-06:00,2024-01-02 08:44:45,2024-01-02 09:40:22,55,Strength Trainer,12.9,85.0,122,74,6,4,0,0,0,false
2023-12-29 23:16:20,2023-12-30 23:43:22,UTC-06:00,2023-12-30 18:55:16,2023-12-30 19:14:17,19,Running,5.1,97.0,129,105,18,70,2,0,0,false
2023-12-29 23:16:20,2023-12-30 23:43:22,UTC-06:00,2023-12-30 18:22:20,2023-12-30 18:53:49,31,Strength Trainer,9.0,50.0,116,74,21,1,0,0,0,false
2023-12-29 00:04:03,2023-12-29 23:16:20,UTC-06:00,2023-12-29 13:38:27,2023-12-29 14:09:52,31,Stairmaster,6.0,167.0,127,107,41,59,0,0,0,false
2023-12-29 00:04:03,2023-12-29 23:16:20,UTC-06:00,2023-12-29 12:53:21,2023-12-29 13:38:16,44,Strength Trainer,7.9,74.0,113,79,30,0,0,0,0,false
2023-12-27 23:57:26,2023-12-29 00:04:03,UTC-06:00,2023-12-28 18:30:39,2023-12-28 18:53:46,23,Running,7.7,154.0,171,112,31,23,5,16,9,false
2023-12-27 23:57:26,2023-12-29 00:04:03,UTC-06:00,2023-12-28 17:47:33,2023-12-28 18:30:27,42,Strength Trainer,8.9,64.0,105,80,27,0,0,0,0,false
2023-12-27 00:21:59,2023-12-27 23:57:26,UTC-06:00,2023-12-27 14:41:22,2023-12-27 15:19:10,37,Stairmaster,5.6,152.0,118,98,52,32,0,0,0,false
2023-12-27 00:21:59,2023-12-27 23:57:26,UTC-06:00,2023-12-27 13:51:14,2023-12-27 14:41:09,49,Strength Trainer,11.9,65.0,94,70,3,0,0,0,0,false
2023-12-25 23:22:58,2023-12-27 00:21:59,UTC-06:00,2023-12-26 15:23:30,2023-12-26 16:00:27,36,Stairmaster,5.6,146.0,123,99,38,40,0,0,0,false
2023-12-25 23:22:58,2023-12-27 00:21:59,UTC-06:00,2023-12-26 14:18:19,2023-12-26 15:23:03,64,Strength Trainer,11.3,92.0,117,72,6,1,0,0,0,false
2023-12-25 00:33:13,2023-12-25 23:22:58,UTC-06:00,2023-12-25 11:30:38,2023-12-25 12:17:10,46,Strength Trainer,4.7,97.0,122,82,35,6,0,0,0,false
2023-12-23 23:10:39,2023-12-25 00:33:13,UTC-06:00,2023-12-24 10:25:24,2023-12-24 11:31:06,65,Running,10.9,416.0,163,109,12,25,19,14,0,false
2023-12-23 00:08:50,2023-12-23 23:10:39,UTC-06:00,2023-12-23 12:42:18,2023-12-23 13:08:29,26,Running,5.3,116.0,131,102,61,34,0,0,0,false
2023-12-23 00:08:50,2023-12-23 23:10:39,UTC-06:00,2023-12-23 11:48:22,2023-12-23 12:38:40,50,Strength Trainer,7.5,79.0,112,80,27,1,0,0,0,false
2023-12-22 00:41:03,2023-12-23 00:08:50,UTC-06:00,2023-12-22 14:39:45,2023-12-22 15:19:28,39,Stairmaster,6.2,183.0,134,103,49,43,1,0,0,false
2023-12-22 00:41:03,2023-12-23 00:08:50,UTC-06:00,2023-12-22 13:58:52,2023-12-22 14:34:56,36,Strength Trainer,6.9,50.0,104,79,23,0,0,0,0,false
2023-12-21 00:49:09,2023-12-22 00:41:03,UTC-06:00,2023-12-21 15:19:45,2023-12-21 15:50:16,30,Stairmaster,5.7,145.0,128,103,29,54,0,0,0,false
2023-12-21 00:49:09,2023-12-22 00:41:03,UTC-06:00,2023-12-21 14:27:27,2023-12-21 15:19:31,52,Strength Trainer,10.5,73.0,114,75,16,1,0,0,0,false
2023-12-20 00:21:37,2023-12-21 00:49:09,UTC-06:00,2023-12-20 15:20:23,2023-12-20 15:53:22,32,Running,5.6,132.0,130,100,48,32,6,0,0,false
2023-12-20 00:21:37,2023-12-21 00:49:09,UTC-06:00,2023-12-20 14:28:50,2023-12-20 15:16:08,47,Strength Trainer,9.2,64.0,102,74,8,0,0,0,0,false
2023-12-19 00:12:09,2023-12-20 00:21:37,UTC-06:00,2023-12-19 15:57:23,2023-12-19 16:30:48,33,Running,5.1,94.0,132,94,63,13,2,0,0,false
2023-12-19 00:12:09,2023-12-20 00:21:37,UTC-06:00,2023-12-19 14:54:28,2023-12-19 15:56:12,61,Strength Trainer,10.4,93.0,115,75,14,2,0,0,0,false
2023-12-17 23:34:09,2023-12-19 00:12:09,UTC-06:00,2023-12-18 15:09:11,2023-12-18 15:20:38,11,Stairmaster,4.5,48.0,119,100,21,58,0,0,0,false
2023-12-17 23:34:09,2023-12-19 00:12:09,UTC-06:00,2023-12-18 14:20:52,2023-12-18 15:08:02,47,Strength Trainer,12.7,66.0,113,74,13,0,0,0,0,false
2023-12-16 00:28:51,2023-12-16 23:59:34,UTC-06:00,2023-12-16 10:21:52,2023-12-16 10:47:59,26,Running,5.3,117.0,145,102,40,43,4,0,0,false
2023-12-16 00:28:51,2023-12-16 23:59:34,UTC-06:00,2023-12-16 09:24:51,2023-12-16 10:21:41,56,Strength Trainer,11.1,74.0,98,71,1,0,0,0,0,false
2023-12-15 00:13:02,2023-12-16 00:28:51,UTC-06:00,2023-12-15 13:51:14,2023-12-15 14:22:12,30,Strength Trainer,7.5,73.0,127,88,32,15,0,0,0,false
2023-12-14 00:24:36,2023-12-15 00:13:02,UTC-06:00,2023-12-14 15:25:30,2023-12-14 15:44:59,19,Stairmaster,5.4,108.0,132,108,36,55,8,0,0,false
2023-12-14 00:24:36,2023-12-15 00:13:02,UTC-06:00,2023-12-14 14:28:46,2023-12-14 15:22:07,53,Strength Trainer,11.6,74.0,106,76,19,0,0,0,0,false
2023-12-13 01:08:09,2023-12-14 00:24:36,UTC-06:00,2023-12-13 15:44:57,2023-12-13 15:56:57,12,Stairmaster,4.6,58.0,122,104,65,35,0,0,0,false
2023-12-13 01:08:09,2023-12-14 00:24:36,UTC-06:00,2023-12-13 14:18:35,2023-12-13 15:44:54,86,Strength Trainer,9.4,158.0,118,76,23,3,0,0,0,false
2023-12-11 23:15:01,2023-12-12 23:08:09,UTC-08:00,2023-12-12 07:50:05,2023-12-12 07:56:40,6,Running,6.4,75.0,168,137,2,5,9,53,20,false
2023-12-11 23:15:01,2023-12-12 23:08:09,UTC-08:00,2023-12-12 06:53:42,2023-12-12 07:49:48,56,Strength Trainer,4.8,121.0,143,78,14,13,0,0,0,false
2023-12-11 23:15:01,2023-12-12 23:08:09,UTC-08:00,2023-12-12 06:46:28,2023-12-12 06:51:55,5,Running,6.2,72.0,166,147,0,5,14,72,9,false
2023-12-10 23:03:42,2023-12-12 01:15:01,UTC-06:00,2023-12-11 15:41:05,2023-12-11 15:57:17,16,Walking,0.0,21.0,82,56,0,0,0,0,0,false
2023-12-09 22:10:44,2023-12-10 23:03:42,UTC-06:00,2023-12-10 09:55:15,2023-12-10 10:52:23,57,Strength Trainer,10.3,76.0,106,75,13,0,0,0,0,false
2023-12-08 23:04:04,2023-12-09 22:10:44,UTC-06:00,2023-12-09 11:23:46,2023-12-09 12:15:32,51,Soccer,16.0,669.0,177,145,6,7,9,34,41,false
2023-12-08 00:47:05,2023-12-08 23:04:04,UTC-06:00,2023-12-08 15:25:10,2023-12-08 16:38:31,73,Strength Trainer,4.6,120.0,119,78,20,0,0,0,0,false
2023-12-07 04:07:36,2023-12-08 00:47:05,UTC-06:00,2023-12-07 15:01:45,2023-12-07 15:50:55,49,Strength Trainer,11.6,102.0,117,83,34,3,0,0,0,false
2023-12-04 23:53:00,2023-12-06 02:14:29,UTC-06:00,2023-12-05 15:26:03,2023-12-05 15:48:37,22,Stairmaster,5.0,86.0,134,96,50,22,5,0,0,false
2023-12-04 23:53:00,2023-12-06 02:14:29,UTC-06:00,2023-12-05 14:44:00,2023-12-05 15:25:23,41,Strength Trainer,9.0,55.0,102,73,6,0,0,0,0,false
2023-12-03 23:16:54,2023-12-04 23:53:00,UTC-06:00,2023-12-04 15:03:05,2023-12-04 15:52:02,48,Strength Trainer,9.8,64.0,92,65,0,0,0,0,0,false
2023-12-01 01:05:00,2023-12-02 05:37:34,UTC-06:00,2023-12-01 15:05:27,2023-12-01 15:45:27,39,Strength Trainer,4.5,68.0,106,81,36,0,0,0,0,false
2023-11-30 02:07:17,2023-12-01 01:05:00,UTC-06:00,2023-11-30 15:26:35,2023-11-30 15:47:35,21,Stairmaster,5.9,130.0,135,109,14,50,21,0,0,false
2023-11-30 02:07:17,2023-12-01 01:05:00,UTC-06:00,2023-11-30 14:34:59,2023-11-30 15:26:34,51,Strength Trainer,9.1,83.0,111,78,19,1,0,0,0,false
2023-11-29 00:06:22,2023-11-30 02:07:17,UTC-06:00,2023-11-29 15:39:17,2023-11-29 16:02:17,23,Stairmaster,5.6,126.0,129,106,40,50,5,0,0,false
2023-11-29 00:06:22,2023-11-30 02:07:17,UTC-06:00,2023-11-29 14:43:56,2023-11-29 15:38:27,54,Strength Trainer,9.1,79.0,104,76,13,0,0,0,0,false
2023-11-28 03:52:53,2023-11-29 00:06:22,UTC-06:00,2023-11-28 15:23:20,2023-11-28 15:55:16,31,Stairmaster,5.9,160.0,128,101,28,55,1,0,0,false
2023-11-28 03:52:53,2023-11-29 00:06:22,UTC-06:00,2023-11-28 14:36:49,2023-11-28 15:23:06,46,Strength Trainer,9.1,66.0,108,74,12,0,0,0,0,false
2023-11-26 22:45:53,2023-11-28 03:52:53,UTC-06:00,2023-11-27 15:28:38,2023-11-27 15:52:33,23,Stairmaster,5.5,122.0,127,103,21,64,0,0,0,false
2023-11-26 22:45:53,2023-11-28 03:52:53,UTC-06:00,2023-11-27 14:31:03,2023-11-27 15:28:21,57,Strength Trainer,4.7,113.0,120,78,21,7,0,0,0,false
2023-11-25 00:06:20,2023-11-26 02:01:23,UTC-06:00,2023-11-25 08:39:12,2023-11-25 09:52:13,73,Soccer,13.9,562.0,175,114,19,15,9,19,12,false
2023-11-24 01:21:09,2023-11-25 00:06:20,UTC-06:00,2023-11-24 09:48:47,2023-11-24 11:01:40,72,Strength Trainer,7.5,144.0,119,80,28,5,0,0,0,false
2023-11-23 00:50:06,2023-11-24 01:21:09,UTC-06:00,2023-11-23 15:39:03,2023-11-23 16:36:13,57,Running,5.5,153.0,114,90,55,8,0,0,0,false
2023-11-23 00:50:06,2023-11-24 01:21:09,UTC-06:00,2023-11-23 14:40:57,2023-11-23 15:38:39,57,Strength Trainer,9.1,83.0,106,77,15,0,0,0,0,false
2023-11-22 01:00:55,2023-11-23 00:50:06,UTC-06:00,2023-11-22 14:56:09,2023-11-22 15:22:52,26,Stairmaster,5.4,120.0,120,101,54,37,0,0,0,false
2023-11-22 01:00:55,2023-11-23 00:50:06,UTC-06:00,2023-11-22 14:01:43,2023-11-22 14:55:55,54,Strength Trainer,9.8,75.0,99,73,11,0,0,0,0,false
2023-11-20 23:33:19,2023-11-22 01:00:55,UTC-06:00,2023-11-21 14:55:23,2023-11-21 15:26:54,31,Running,5.5,126.0,123,98,45,38,0,0,0,false
2023-11-20 23:33:19,2023-11-22 01:00:55,UTC-06:00,2023-11-21 13:58:41,2023-11-21 14:55:08,56,Strength Trainer,9.7,89.0,108,80,25,0,0,0,0,false
2023-11-19 23:07:08,2023-11-20 23:33:19,UTC-06:00,2023-11-20 11:34:50,2023-11-20 12:27:01,52,Running,7.3,225.0,161,96,30,26,3,6,0,false
2023-11-19 23:07:08,2023-11-20 23:33:19,UTC-06:00,2023-11-20 10:43:08,2023-11-20 11:32:31,49,Strength Trainer,11.7,98.0,116,84,38,3,0,0,0,false
2023-11-18 00:56:43,2023-11-19 02:30:28,UTC-06:00,2023-11-18 10:14:59,2023-11-18 11:27:53,72,Soccer,16.9,816.0,179,136,14,21,8,18,36,false
2023-11-18 00:56:43,2023-11-19 02:30:28,UTC-06:00,2023-11-18 08:58:31,2023-11-18 09:28:21,29,Strength Trainer,7.2,77.0,120,89,53,8,0,0,0,false
2023-11-17 00:30:16,2023-11-18 00:56:43,UTC-06:00,2023-11-17 14:07:32,2023-11-17 14:39:51,32,Strength Trainer,6.2,53.0,120,79,15,4,0,0,0,false
2023-11-16 01:53:46,2023-11-17 00:30:16,UTC-06:00,2023-11-16 15:00:38,2023-11-16 15:21:38,21,Stairmaster,6.1,144.0,133,114,23,48,28,0,0,false
2023-11-16 01:53:46,2023-11-17 00:30:16,UTC-06:00,2023-11-16 14:02:48,2023-11-16 14:57:08,54,Strength Trainer,12.1,133.0,130,84,36,8,2,0,0,false
2023-11-15 02:05:37,2023-11-16 01:53:46,UTC-06:00,2023-11-15 13:19:58,2023-11-15 14:10:03,50,Strength Trainer,11.8,119.0,109,89,62,1,0,0,0,false
2023-11-14 01:21:05,2023-11-15 02:05:37,UTC-06:00,2023-11-14 14:58:42,2023-11-14 15:26:31,27,Stairmaster,6.5,162.0,142,107,25,24,31,0,0,false
2023-11-14 01:21:05,2023-11-15 02:05:37,UTC-06:00,2023-11-14 13:50:09,2023-11-14 14:58:29,68,Strength Trainer,10.7,90.0,105,69,6,0,0,0,0,false
2023-11-12 23:17:43,2023-11-14 01:21:05,UTC-06:00,2023-11-13 15:17:41,2023-11-13 15:39:02,21,Stairmaster,6.1,144.0,137,113,14,48,30,0,0,false
2023-11-12 23:17:43,2023-11-14 01:21:05,UTC-06:00,2023-11-13 13:57:31,2023-11-13 15:17:28,79,Strength Trainer,13.0,110.0,109,71,9,0,0,0,0,false
2023-11-11 01:22:00,2023-11-12 00:28:05,UTC-06:00,2023-11-11 11:07:03,2023-11-11 12:32:09,85,Soccer,16.5,830.0,180,128,15,19,13,15,29,false
2023-11-10 01:07:07,2023-11-11 01:22:00,UTC-06:00,2023-11-10 15:45:26,2023-11-10 15:54:22,8,Running,4.5,47.0,124,105,34,62,0,0,0,false
2023-11-10 01:07:07,2023-11-11 01:22:00,UTC-06:00,2023-11-10 14:41:51,2023-11-10 15:45:07,63,Strength Trainer,8.6,126.0,121,80,31,4,0,0,0,false
2023-11-09 02:14:55,2023-11-10 01:07:07,UTC-06:00,2023-11-09 15:09:37,2023-11-09 15:41:33,31,Running,5.9,149.0,153,102,61,28,5,2,0,false
2023-11-09 02:14:55,2023-11-10 01:07:07,UTC-06:00,2023-11-09 14:28:17,2023-11-09 15:08:58,40,Strength Trainer,11.0,57.0,106,73,9,0,0,0,0,false
2023-11-08 01:06:57,2023-11-09 02:14:55,UTC-06:00,2023-11-08 14:50:14,2023-11-08 15:49:58,59,Strength Trainer,13.9,106.0,107,82,33,0,0,0,0,false
2023-11-07 01:14:18,2023-11-08 01:06:57,UTC-06:00,2023-11-07 19:30:14,2023-11-07 20:06:04,35,Strength Trainer,10.1,83.0,114,87,55,6,0,0,0,false
2023-11-05 23:13:39,2023-11-07 01:14:18,UTC-06:00,2023-11-06 15:24:26,2023-11-06 15:50:28,26,Running,5.8,144.0,134,107,43,47,9,0,0,false
2023-11-05 23:13:39,2023-11-07 01:14:18,UTC-06:00,2023-11-06 14:39:08,2023-11-06 15:24:10,45,Strength Trainer,12.6,80.0,110,80,33,1,0,0,0,false
2023-11-04 00:48:30,2023-11-05 02:39:20,UTC-06:00,2023-11-04 08:00:00,2023-11-04 08:50:59,50,Soccer,14.2,585.0,170,137,6,17,15,54,8,false
2023-11-03 00:45:11,2023-11-03 23:48:30,UTC-07:00,2023-11-03 07:36:28,2023-11-03 08:25:43,49,Strength Trainer,5.2,78.0,111,77,23,1,0,0,0,false
2023-11-02 00:41:47,2023-11-03 00:45:11,UTC-07:00,2023-11-02 11:42:00,2023-11-02 12:02:59,20,Hiking,10.6,256.0,174,141,0,12,14,63,8,false
2023-11-02 00:41:47,2023-11-03 00:45:11,UTC-07:00,2023-11-02 11:23:29,2023-11-02 12:01:01,37,Walking,4.1,61.0,117,67,6,5,0,0,0,false
2023-11-01 00:41:21,2023-11-02 01:41:47,UTC-06:00,2023-11-01 08:57:09,2023-11-01 09:34:25,37,Strength Trainer,7.7,51.0,106,74,6,0,0,0,0,false
2023-10-31 00:48:03,2023-11-01 00:41:21,UTC-06:00,2023-10-31 15:16:47,2023-10-31 16:20:01,63,Strength Trainer,10.0,87.0,103,74,10,0,0,0,0,false
2023-10-29 22:34:36,2023-10-31 00:48:03,UTC-06:00,2023-10-30 15:39:40,2023-10-30 16:01:46,22,Stairmaster,5.5,115.0,131,104,18,52,9,0,0,false
2023-10-29 22:34:36,2023-10-31 00:48:03,UTC-06:00,2023-10-30 15:01:28,2023-10-30 15:39:26,37,Strength Trainer,12.3,54.0,101,72,13,0,0,0,0,false
2023-10-28 00:53:39,2023-10-29 00:53:41,UTC-06:00,2023-10-28 12:18:00,2023-10-28 14:18:42,120,Strength Trainer,5.8,249.0,134,78,17,5,3,0,0,false
2023-10-27 00:57:41,2023-10-28 00:53:39,UTC-06:00,2023-10-27 15:15:05,2023-10-27 15:29:51,14,Running,5.1,79.0,140,105,26,41,18,0,0,false
2023-10-27 00:57:41,2023-10-28 00:53:39,UTC-06:00,2023-10-27 14:41:19,2023-10-27 15:14:47,33,Strength Trainer,4.6,73.0,121,81,39,7,0,0,0,false
2023-10-26 01:08:09,2023-10-27 00:57:41,UTC-06:00,2023-10-26 15:20:29,2023-10-26 16:08:53,48,Strength Trainer,10.3,72.0,108,75,19,0,0,0,0,false
2023-10-25 01:16:08,2023-10-26 01:08:09,UTC-06:00,2023-10-25 13:55:15,2023-10-25 14:28:29,33,Strength Trainer,12.5,49.0,105,76,20,0,0,0,0,false
2023-10-24 00:18:05,2023-10-25 01:16:08,UTC-06:00,2023-10-24 14:49:58,2023-10-24 15:25:29,35,Running,5.3,126.0,132,90,10,31,2,0,0,false
2023-10-24 00:18:05,2023-10-25 01:16:08,UTC-06:00,2023-10-24 13:59:33,2023-10-24 14:44:42,45,Strength Trainer,8.4,60.0,98,69,4,0,0,0,0,false
2023-10-22 22:24:35,2023-10-24 00:18:05,UTC-06:00,2023-10-23 15:53:39,2023-10-23 16:22:28,28,Running,6.0,142.0,154,104,52,33,3,4,0,false
2023-10-22 22:24:35,2023-10-24 00:18:05,UTC-06:00,2023-10-23 14:54:09,2023-10-23 15:46:50,52,Strength Trainer,10.8,73.0,111,72,7,0,0,0,0,false
2023-10-20 00:10:45,2023-10-21 02:03:45,UTC-06:00,2023-10-20 13:56:01,2023-10-20 14:09:24,13,Running,4.9,75.0,130,107,18,63,8,0,0,false
2023-10-20 00:10:45,2023-10-21 02:03:45,UTC-06:00,2023-10-20 13:12:27,2023-10-20 13:55:44,43,Strength Trainer,12.1,74.0,110,75,21,1,0,0,0,false
2023-10-19 02:48:17,2023-10-20 00:10:45,UTC-06:00,2023-10-19 13:55:34,2023-10-19 14:42:06,46,Running,7.7,235.0,164,102,34,26,8,7,0,false
2023-10-19 02:48:17,2023-10-20 00:10:45,UTC-06:00,2023-10-19 13:05:58,2023-10-19 13:55:15,49,Strength Trainer,11.4,71.0,117,72,10,1,0,0,0,false
2023-10-14 01:17:42,2023-10-15 00:02:38,UTC-06:00,2023-10-14 10:29:43,2023-10-14 11:37:14,67,Soccer,16.4,807.0,177,139,7,19,14,36,24,false
2023-10-13 00:19:30,2023-10-14 01:17:42,UTC-06:00,2023-10-13 15:49:28,2023-10-13 16:14:31,25,Strength Trainer,5.0,87.0,123,95,67,18,0,0,0,false
2023-10-12 00:06:52,2023-10-13 00:19:30,UTC-06:00,2023-10-12 08:00:17,2023-10-12 08:37:41,37,Strength Trainer,8.0,72.0,117,80,32,2,0,0,0,false
2023-10-11 01:07:20,2023-10-12 00:06:52,UTC-06:00,2023-10-11 14:53:07,2023-10-11 15:23:29,30,Strength Trainer,8.2,56.0,108,77,32,0,0,0,0,false
2023-10-10 00:33:20,2023-10-11 01:07:20,UTC-06:00,2023-10-10 15:14:39,2023-10-10 15:35:48,21,Running,5.0,85.0,134,97,39,34,3,0,0,false
2023-10-10 00:33:20,2023-10-11 01:07:20,UTC-06:00,2023-10-10 14:06:27,2023-10-10 15:10:58,64,Strength Trainer,6.7,85.0,98,67,3,0,0,0,0,false
2023-10-09 00:14:42,2023-10-10 00:33:20,UTC-06:00,2023-10-09 15:17:17,2023-10-09 15:33:47,16,Spin,5.0,76.0,136,101,25,26,19,0,0,false
2023-10-09 00:14:42,2023-10-10 00:33:20,UTC-06:00,2023-10-09 14:25:49,2023-10-09 15:16:50,51,Strength Trainer,12.1,92.0,131,77,14,5,1,0,0,false
2023-10-07 00:51:58,2023-10-08 00:27:11,UTC-06:00,2023-10-08 00:00:00,2023-10-08 00:14:13,14,Activity,6.0,107.0,158,117,19,38,23,20,0,false
2023-10-07 00:51:58,2023-10-08 00:27:11,UTC-06:00,2023-10-07 19:06:00,2023-10-07 19:25:29,19,Walking,6.1,146.0,138,117,6,75,19,0,0,false
2023-10-07 00:51:58,2023-10-08 00:27:11,UTC-06:00,2023-10-07 08:53:01,2023-10-07 09:39:30,46,Soccer,15.3,595.0,175,144,9,4,13,40,32,false
2023-10-06 01:14:26,2023-10-07 00:51:58,UTC-06:00,2023-10-06 14:21:57,2023-10-06 15:17:30,55,Strength Trainer,5.1,88.0,122,72,13,2,0,0,0,false
2023-10-05 01:50:02,2023-10-06 01:14:26,UTC-06:00,2023-10-05 15:07:44,2023-10-05 15:28:13,20,Running,5.5,119.0,129,108,29,71,0,0,0,false
2023-10-05 01:50:02,2023-10-06 01:14:26,UTC-06:00,2023-10-05 14:08:09,2023-10-05 15:05:22,57,Strength Trainer,11.1,90.0,114,76,16,1,0,0,0,false
2023-10-04 01:10:12,2023-10-05 01:50:02,UTC-06:00,2023-10-04 15:14:25,2023-10-04 15:38:25,24,Stairmaster,5.2,103.0,142,96,21,31,10,0,0,false
2023-10-04 01:10:12,2023-10-05 01:50:02,UTC-06:00,2023-10-04 14:26:56,2023-10-04 15:13:03,46,Strength Trainer,11.6,62.0,104,71,6,0,0,0,0,false
2023-10-03 00:39:09,2023-10-04 01:10:12,UTC-06:00,2023-10-04 00:34:30,2023-10-04 00:48:26,13,Activity,4.9,75.0,137,106,27,57,13,0,0,false
2023-10-03 00:39:09,2023-10-04 01:10:12,UTC-06:00,2023-10-03 15:05:39,2023-10-03 15:25:35,19,Stairmaster,5.1,97.0,132,103,39,46,2,0,0,false
2023-10-03 00:39:09,2023-10-04 01:10:12,UTC-06:00,2023-10-03 14:16:58,2023-10-03 15:02:03,45,Strength Trainer,11.4,61.0,101,71,7,0,0,0,0,false
2023-10-01 22:46:02,2023-10-03 00:39:09,UTC-06:00,2023-10-02 14:43:01,2023-10-02 15:03:24,20,Running,4.9,82.0,126,98,61,27,0,0,0,false
2023-10-01 22:46:02,2023-10-03 00:39:09,UTC-06:00,2023-10-02 13:41:49,2023-10-02 14:40:47,58,Strength Trainer,13.4,90.0,110,72,12,0,0,0,0,false
2023-09-30 00:16:29,2023-10-01 01:30:08,UTC-06:00,2023-09-30 08:52:38,2023-09-30 10:01:19,68,Soccer,14.4,643.0,167,127,20,15,12,43,4,false
2023-09-29 00:21:15,2023-09-30 00:16:29,UTC-06:00,2023-09-29 08:03:57,2023-09-29 08:41:21,37,Strength Trainer,9.2,61.0,109,75,24,1,0,0,0,false
2023-09-28 00:40:55,2023-09-29 00:21:15,UTC-06:00,2023-09-28 09:05:46,2023-09-28 09:21:20,15,Running,5.2,94.0,131,109,25,74,0,0,0,false
2023-09-28 00:40:55,2023-09-29 00:21:15,UTC-06:00,2023-09-28 08:21:01,2023-09-28 08:59:34,38,Strength Trainer,8.2,60.0,108,77,28,0,0,0,0,false
2023-09-27 00:04:17,2023-09-28 00:40:55,UTC-06:00,2023-09-27 08:11:27,2023-09-27 08:55:38,44,Strength Trainer,13.6,88.0,125,80,28,4,0,0,0,false
2023-09-26 00:31:48,2023-09-27 00:04:17,UTC-06:00,2023-09-26 15:57:11,2023-09-26 16:27:42,30,Running,7.4,214.0,146,114,31,31,33,2,0,false
2023-09-26 00:31:48,2023-09-27 00:04:17,UTC-06:00,2023-09-26 15:06:46,2023-09-26 15:55:33,48,Strength Trainer,8.8,82.0,125,81,25,2,0,0,0,false
2023-09-24 23:57:15,2023-09-26 00:31:48,UTC-06:00,2023-09-25 15:18:47,2023-09-25 15:42:11,23,Running,7.6,181.0,166,118,16,44,16,18,2,false
2023-09-24 23:57:15,2023-09-26 00:31:48,UTC-06:00,2023-09-25 14:15:12,2023-09-25 15:14:09,58,Strength Trainer,10.3,94.0,108,76,24,0,0,0,0,false
2023-09-23 01:39:00,2023-09-24 02:52:01,UTC-06:00,2023-09-23 13:21:57,2023-09-23 14:06:47,44,Soccer,14.9,561.0,178,143,9,14,7,39,31,false
2023-09-23 01:39:00,2023-09-24 02:52:01,UTC-06:00,2023-09-23 10:22:59,2023-09-23 11:28:54,65,Strength Trainer,9.9,95.0,106,73,17,0,0,0,0,false
2023-09-21 01:24:27,2023-09-22 02:53:13,UTC-06:00,2023-09-21 14:56:54,2023-09-21 15:31:27,34,Running,9.9,270.0,178,118,35,23,18,10,9,false
2023-09-21 01:24:27,2023-09-22 02:53:13,UTC-06:00,2023-09-21 13:58:13,2023-09-21 14:53:46,55,Strength Trainer,12.2,88.0,112,73,15,1,0,0,0,false
2023-09-20 00:50:58,2023-09-21 01:24:27,UTC-06:00,2023-09-21 00:42:00,2023-09-21 01:23:28,41,Activity,5.4,128.0,142,86,26,15,8,0,0,false
2023-09-20 00:50:58,2023-09-21 01:24:27,UTC-06:00,2023-09-20 15:11:19,2023-09-20 15:43:42,32,Running,9.0,274.0,165,121,10,41,32,15,0,false
2023-09-20 00:50:58,2023-09-21 01:24:27,UTC-06:00,2023-09-20 08:11:57,2023-09-20 08:51:32,39,Strength Trainer,10.7,70.0,115,81,26,1,0,0,0,false
2023-09-19 00:21:12,2023-09-20 00:50:58,UTC-06:00,2023-09-19 08:07:58,2023-09-19 08:31:45,23,Stairmaster,7.1,176.0,151,115,22,29,34,7,0,false
2023-09-19 00:21:12,2023-09-20 00:50:58,UTC-06:00,2023-09-19 07:17:12,2023-09-19 08:06:48,49,Strength Trainer,11.0,80.0,119,74,16,2,0,0,0,false
2023-09-17 23:46:13,2023-09-19 00:21:12,UTC-06:00,2023-09-18 09:36:36,2023-09-18 09:54:29,17,Running,0.0,23.0,80,64,0,0,0,0,0,false
2023-09-17 23:46:13,2023-09-19 00:21:12,UTC-06:00,2023-09-18 08:34:58,2023-09-18 09:14:51,39,Running,7.0,247.0,131,110,14,81,1,0,0,false
2023-09-17 23:46:13,2023-09-19 00:21:12,UTC-06:00,2023-09-18 07:40:35,2023-09-18 08:34:26,53,Strength Trainer,13.6,72.0,101,75,4,0,0,0,0,false
2023-09-16 02:24:53,2023-09-17 01:13:59,UTC-06:00,2023-09-16 09:56:54,2023-09-16 10:28:26,31,Running,7.1,210.0,144,112,31,51,18,0,0,false
2023-09-16 02:24:53,2023-09-17 01:13:59,UTC-06:00,2023-09-16 09:15:10,2023-09-16 09:56:43,41,Strength Trainer,7.2,59.0,111,66,6,0,0,0,0,false
2023-09-15 00:30:18,2023-09-16 02:24:53,UTC-06:00,2023-09-15 07:57:50,2023-09-15 08:51:02,53,Strength Trainer,10.7,74.0,104,68,9,0,0,0,0,false
2023-09-14 02:31:31,2023-09-15 00:30:18,UTC-06:00,2023-09-14 14:40:30,2023-09-14 14:59:59,19,Stairmaster,6.6,160.0,145,120,10,44,45,1,0,false
2023-09-14 02:31:31,2023-09-15 00:30:18,UTC-06:00,2023-09-14 13:55:37,2023-09-14 14:35:30,39,Strength Trainer,8.1,70.0,112,78,31,1,0,0,0,false
2023-09-13 01:24:50,2023-09-14 02:31:31,UTC-06:00,2023-09-13 15:22:46,2023-09-13 15:42:32,19,Stairmaster,5.4,110.0,128,106,29,65,1,0,0,false
2023-09-13 01:24:50,2023-09-14 02:31:31,UTC-06:00,2023-09-13 14:01:17,2023-09-13 15:19:54,78,Strength Trainer,12.8,139.0,128,75,14,3,0,0,0,false
2023-09-12 01:46:35,2023-09-13 01:24:50,UTC-06:00,2023-09-12 15:18:26,2023-09-12 15:42:17,23,Stairmaster,8.1,209.0,151,123,17,33,27,23,0,false
2023-09-12 01:46:35,2023-09-13 01:24:50,UTC-06:00,2023-09-12 14:23:31,2023-09-12 15:17:21,53,Strength Trainer,9.8,82.0,110,74,16,0,0,0,0,false
2023-09-10 23:51:56,2023-09-12 01:46:35,UTC-06:00,2023-09-11 14:09:11,2023-09-11 14:59:16,50,Strength Trainer,14.2,87.0,112,82,34,0,0,0,0,false
2023-09-09 02:18:49,2023-09-10 00:59:04,UTC-06:00,2023-09-09 13:42:00,2023-09-09 14:17:59,35,Activity,11.3,348.0,173,128,20,9,29,35,5,false
2023-09-09 02:18:49,2023-09-10 00:59:04,UTC-06:00,2023-09-09 09:17:37,2023-09-09 10:32:42,75,Soccer,13.5,532.0,167,109,21,11,4,25,6,false
2023-09-08 00:48:56,2023-09-09 02:18:49,UTC-06:00,2023-09-08 14:02:35,2023-09-08 14:41:12,38,Strength Trainer,10.5,80.0,119,85,36,4,0,0,0,false
2023-09-07 01:50:47,2023-09-08 00:48:56,UTC-06:00,2023-09-07 14:40:30,2023-09-07 14:56:55,16,Stairmaster,6.0,123.0,137,117,16,36,43,0,0,false
2023-09-07 01:50:47,2023-09-08 00:48:56,UTC-06:00,2023-09-07 13:59:48,2023-09-07 14:39:03,39,Strength Trainer,12.3,73.0,121,80,29,4,0,0,0,false
2023-09-06 01:10:53,2023-09-07 01:50:47,UTC-06:00,2023-09-06 15:55:15,2023-09-06 16:12:19,17,Running,2.5,23.0,97,72,7,0,0,0,0,false
2023-09-06 01:10:53,2023-09-07 01:50:47,UTC-06:00,2023-09-06 14:53:01,2023-09-06 15:16:46,23,Running,5.6,121.0,144,103,24,47,12,0,0,false
2023-09-06 01:10:53,2023-09-07 01:50:47,UTC-06:00,2023-09-06 14:06:30,2023-09-06 14:45:53,39,Strength Trainer,12.2,135.0,139,92,33,19,6,0,0,false
2023-09-05 01:04:31,2023-09-06 01:10:53,UTC-06:00,2023-09-05 14:53:48,2023-09-05 15:18:40,24,Stairmaster,6.9,174.0,146,114,31,22,41,3,0,false
2023-09-05 01:04:31,2023-09-06 01:10:53,UTC-06:00,2023-09-05 14:10:03,2023-09-05 14:50:29,40,Strength Trainer,10.4,57.0,111,75,14,0,0,0,0,false
2023-09-03 22:50:44,2023-09-05 01:04:31,UTC-06:00,2023-09-04 15:14:34,2023-09-04 15:32:07,17,Stairmaster,5.7,117.0,136,113,21,57,21,0,0,false
2023-09-03 22:50:44,2023-09-05 01:04:31,UTC-06:00,2023-09-04 14:22:58,2023-09-04 15:11:56,48,Strength Trainer,13.8,75.0,110,77,22,0,0,0,0,false
2023-09-02 01:48:06,2023-09-03 02:06:07,UTC-06:00,2023-09-02 10:18:01,2023-09-02 11:33:00,74,Soccer,12.7,419.0,177,105,30,4,4,13,9,false
2023-09-01 00:59:49,2023-09-02 01:48:06,UTC-06:00,2023-09-01 14:07:32,2023-09-01 15:17:58,70,Strength Trainer,9.4,144.0,126,78,20,8,0,0,0,false
2023-08-31 01:44:41,2023-09-01 00:59:49,UTC-06:00,2023-08-31 15:28:59,2023-08-31 15:46:05,17,Stairmaster,4.9,79.0,122,102,46,50,0,0,0,false
2023-08-31 01:44:41,2023-09-01 00:59:49,UTC-06:00,2023-08-31 14:37:54,2023-08-31 15:26:50,48,Strength Trainer,12.8,65.0,103,71,3,0,0,0,0,false
2023-08-30 00:15:22,2023-08-31 01:44:41,UTC-06:00,2023-08-30 13:30:33,2023-08-30 14:01:21,30,Strength Trainer,11.5,56.0,110,85,34,1,0,0,0,false
2023-08-29 00:37:07,2023-08-30 00:15:22,UTC-06:00,2023-08-29 15:03:00,2023-08-29 15:27:55,24,Stairmaster,7.2,185.0,145,115,11,23,50,0,0,false
2023-08-29 00:37:07,2023-08-30 00:15:22,UTC-06:00,2023-08-29 14:16:02,2023-08-29 15:02:37,46,Strength Trainer,10.7,63.0,106,73,8,0,0,0,0,false
2023-08-28 00:20:24,2023-08-29 00:37:07,UTC-06:00,2023-08-28 15:17:20,2023-08-28 15:43:18,25,Stairmaster,6.3,167.0,134,112,27,53,20,0,0,false
2023-08-28 00:20:24,2023-08-29 00:37:07,UTC-06:00,2023-08-28 14:18:47,2023-08-28 15:15:11,56,Strength Trainer,12.8,79.0,109,71,9,0,0,0,0,false
2023-08-26 01:51:34,2023-08-27 02:19:27,UTC-06:00,2023-08-26 11:58:25,2023-08-26 13:13:47,75,Soccer,15.2,698.0,172,126,20,8,13,35,13,false
2023-08-25 00:56:25,2023-08-26 01:51:34,UTC-06:00,2023-08-25 14:55:46,2023-08-25 15:34:52,39,Strength Trainer,7.9,55.0,105,70,7,0,0,0,0,false
2023-08-24 02:02:14,2023-08-25 00:56:25,UTC-06:00,2023-08-24 15:00:53,2023-08-24 15:19:59,19,Stairmaster,5.1,97.0,126,104,23,67,0,0,0,false
2023-08-24 02:02:14,2023-08-25 00:56:25,UTC-06:00,2023-08-24 13:47:08,2023-08-24 14:53:52,66,Strength Trainer,14.3,96.0,106,74,21,0,0,0,0,false
2023-08-23 00:24:27,2023-08-24 02:02:14,UTC-06:00,2023-08-23 15:09:34,2023-08-23 15:43:46,34,Stairmaster,6.9,197.0,142,109,36,31,26,0,0,false
2023-08-23 00:24:27,2023-08-24 02:02:14,UTC-06:00,2023-08-23 14:25:12,2023-08-23 15:04:40,39,Strength Trainer,11.0,54.0,105,75,14,0,0,0,0,false
2023-08-22 00:50:53,2023-08-23 00:24:27,UTC-06:00,2023-08-22 13:42:49,2023-08-22 14:19:17,36,Strength Trainer,11.6,53.0,111,78,19,0,0,0,0,false
2023-08-20 23:35:45,2023-08-22 00:50:53,UTC-06:00,2023-08-21 15:00:08,2023-08-21 15:25:40,25,Stairmaster,6.6,167.0,142,113,28,30,37,0,0,false
2023-08-20 23:35:45,2023-08-22 00:50:53,UTC-06:00,2023-08-21 14:08:41,2023-08-21 14:59:09,50,Strength Trainer,13.1,67.0,96,72,9,0,0,0,0,false
2023-08-19 00:21:06,2023-08-20 03:20:17,UTC-06:00,2023-08-19 17:30:03,2023-08-19 17:52:14,22,Walking,0.4,29.0,99,72,2,0,0,0,0,false
2023-08-19 00:21:06,2023-08-20 03:20:17,UTC-06:00,2023-08-19 07:55:12,2023-08-19 09:00:20,65,Soccer,14.1,594.0,170,126,21,10,13,42,6,false
2023-08-18 01:20:38,2023-08-19 00:21:06,UTC-06:00,2023-08-18 18:42:39,2023-08-18 19:02:17,19,Walking,3.5,27.0,97,70,10,0,0,0,0,false
2023-08-18 01:20:38,2023-08-19 00:21:06,UTC-06:00,2023-08-18 15:15:20,2023-08-18 15:49:18,33,Stairmaster,5.9,158.0,130,104,41,47,3,0,0,false
2023-08-18 01:20:38,2023-08-19 00:21:06,UTC-06:00,2023-08-18 14:29:20,2023-08-18 15:13:39,44,Strength Trainer,9.2,71.0,123,78,19,3,0,0,0,false
2023-08-17 00:36:01,2023-08-18 01:20:38,UTC-06:00,2023-08-17 08:50:03,2023-08-17 09:08:56,18,Stairmaster,5.7,120.0,136,112,20,54,21,0,0,false
2023-08-17 00:36:01,2023-08-18 01:20:38,UTC-06:00,2023-08-17 07:55:38,2023-08-17 08:46:17,50,Strength Trainer,15.4,97.0,119,83,33,7,0,0,0,false
2023-08-16 00:34:09,2023-08-17 00:36:01,UTC-06:00,2023-08-16 15:15:13,2023-08-16 15:49:23,34,Stairmaster,7.4,223.0,146,113,25,43,29,1,0,false
2023-08-16 00:34:09,2023-08-17 00:36:01,UTC-06:00,2023-08-16 14:21:27,2023-08-16 15:00:36,39,Strength Trainer,10.9,60.0,107,80,20,0,0,0,0,false
2023-08-14 23:52:57,2023-08-16 00:34:09,UTC-06:00,2023-08-15 08:31:30,2023-08-15 09:06:24,34,Stairmaster,8.1,256.0,146,117,14,34,46,0,0,false
2023-08-14 23:52:57,2023-08-16 00:34:09,UTC-06:00,2023-08-15 07:45:09,2023-08-15 08:29:38,44,Strength Trainer,12.6,81.0,120,85,37,3,0,0,0,false
2023-08-13 23:29:01,2023-08-14 23:52:57,UTC-06:00,2023-08-14 08:05:00,2023-08-14 08:32:20,27,Stairmaster,6.9,185.0,143,115,23,28,44,0,0,false
2023-08-13 23:29:01,2023-08-14 23:52:57,UTC-06:00,2023-08-14 07:36:21,2023-08-14 08:03:49,27,Strength Trainer,11.6,50.0,119,84,49,3,0,0,0,false
2023-08-13 00:49:11,2023-08-13 23:29:01,UTC-06:00,2023-08-13 10:36:26,2023-08-13 11:07:03,30,Strength Trainer,6.6,44.0,107,76,15,0,0,0,0,false
2023-08-12 01:53:00,2023-08-13 00:49:11,UTC-06:00,2023-08-12 12:35:14,2023-08-12 13:31:52,56,Soccer,13.7,586.0,166,132,11,18,27,41,3,false
2023-08-12 01:53:00,2023-08-13 00:49:11,UTC-06:00,2023-08-12 10:17:54,2023-08-12 10:56:13,38,Strength Trainer,12.4,54.0,107,71,7,0,0,0,0,false
2023-08-03 02:30:45,2023-08-04 01:08:40,UTC-06:00,2023-08-03 14:50:11,2023-08-03 15:29:49,39,Strength Trainer,12.7,82.0,128,83,33,7,0,0,0,false
2023-08-02 03:35:07,2023-08-03 02:30:45,UTC-06:00,2023-08-02 14:24:24,2023-08-02 15:29:41,65,Strength Trainer,8.2,116.0,135,78,21,2,1,0,0,false
2023-08-01 00:45:50,2023-08-02 03:35:07,UTC-06:00,2023-08-01 14:34:24,2023-08-01 15:39:47,65,Strength Trainer,12.8,113.0,121,79,26,3,0,0,0,false
2023-07-30 23:45:43,2023-08-01 00:45:50,UTC-06:00,2023-07-31 14:26:07,2023-07-31 15:55:32,89,Strength Trainer,14.7,142.0,117,80,30,1,0,0,0,false
2023-07-29 00:16:08,2023-07-30 04:17:54,UTC-06:00,2023-07-29 12:17:49,2023-07-29 12:35:44,17,Walking,4.1,28.0,102,82,31,0,0,0,0,false
2023-07-29 00:16:08,2023-07-30 04:17:54,UTC-06:00,2023-07-29 08:07:53,2023-07-29 09:05:50,57,Soccer,16.3,739.0,175,144,3,20,8,32,37,false
2023-07-28 00:29:22,2023-07-29 00:16:08,UTC-06:00,2023-07-28 08:06:19,2023-07-28 09:07:41,61,Strength Trainer,9.2,90.0,109,75,17,0,0,0,0,false
2023-07-27 00:07:02,2023-07-28 00:29:22,UTC-06:00,2023-07-27 08:14:24,2023-07-27 08:34:49,20,Stairmaster,5.8,130.0,132,111,26,55,18,0,0,false
2023-07-27 00:07:02,2023-07-28 00:29:22,UTC-06:00,2023-07-27 07:28:09,2023-07-27 08:12:58,44,Strength Trainer,14.2,74.0,108,79,31,0,0,0,0,false
2023-07-26 01:00:31,2023-07-27 00:07:02,UTC-06:00,2023-07-26 14:51:16,2023-07-26 15:17:59,26,Stairmaster,8.4,233.0,152,123,16,23,45,14,0,false
2023-07-26 01:00:31,2023-07-27 00:07:02,UTC-06:00,2023-07-26 14:05:04,2023-07-26 14:48:40,43,Strength Trainer,13.1,104.0,125,87,43,7,0,0,0,false
2023-07-25 00:22:42,2023-07-26 01:00:31,UTC-06:00,2023-07-25 14:58:30,2023-07-25 15:34:00,35,Stairmaster,7.3,231.0,143,112,33,43,24,0,0,false
2023-07-25 00:22:42,2023-07-26 01:00:31,UTC-06:00,2023-07-25 14:01:15,2023-07-25 14:57:41,56,Strength Trainer,11.6,100.0,109,79,29,1,0,0,0,false
2023-07-23 23:28:50,2023-07-25 00:22:42,UTC-06:00,2023-07-24 15:15:15,2023-07-24 15:41:41,26,Stairmaster,7.0,191.0,144,116,23,41,36,0,0,false
2023-07-23 23:28:50,2023-07-25 00:22:42,UTC-06:00,2023-07-24 14:03:59,2023-07-24 15:12:39,68,Strength Trainer,15.8,133.0,137,83,37,3,0,0,0,false
2023-07-22 01:04:31,2023-07-23 02:04:20,UTC-06:00,2023-07-22 11:39:08,2023-07-22 11:55:21,16,Running,4.2,35.0,111,83,35,2,0,0,0,false
2023-07-22 01:04:31,2023-07-23 02:04:20,UTC-06:00,2023-07-22 10:37:24,2023-07-22 10:53:37,16,Running,7.5,150.0,165,126,3,51,9,26,4,false
2023-07-22 01:04:31,2023-07-23 02:04:20,UTC-06:00,2023-07-22 09:58:19,2023-07-22 10:37:09,38,Strength Trainer,9.7,72.0,123,79,33,2,0,0,0,false
2023-07-20 23:47:04,2023-07-22 01:04:31,UTC-06:00,2023-07-21 08:37:43,2023-07-21 08:54:39,16,Stairmaster,4.9,78.0,136,100,27,39,9,0,0,false
2023-07-20 23:47:04,2023-07-22 01:04:31,UTC-06:00,2023-07-21 08:02:06,2023-07-21 08:36:20,34,Strength Trainer,8.9,54.0,119,76,15,2,0,0,0,false
2023-07-20 00:56:46,2023-07-20 23:47:04,UTC-06:00,2023-07-20 14:52:45,2023-07-20 15:42:14,49,Strength Trainer,14.3,148.0,139,90,63,7,3,0,0,false
2023-07-19 00:37:14,2023-07-20 00:56:46,UTC-06:00,2023-07-19 20:19:24,2023-07-19 21:19:42,60,Functional Fitness,5.6,169.0,133,80,15,15,3,0,0,false
2023-07-19 00:37:14,2023-07-20 00:56:46,UTC-06:00,2023-07-19 14:55:12,2023-07-19 15:22:12,27,Stairmaster,7.4,207.0,144,117,15,28,50,0,0,false
2023-07-19 00:37:14,2023-07-20 00:56:46,UTC-06:00,2023-07-19 14:03:06,2023-07-19 14:50:11,47,Strength Trainer,10.4,95.0,115,84,36,3,0,0,0,false
2023-07-18 00:19:24,2023-07-19 00:37:14,UTC-06:00,2023-07-18 19:42:03,2023-07-18 20:39:41,57,Functional Fitness,4.3,87.0,110,75,15,0,0,0,0,false
2023-07-18 00:19:24,2023-07-19 00:37:14,UTC-06:00,2023-07-18 14:45:49,2023-07-18 15:06:57,21,Stairmaster,5.4,113.0,126,105,28,63,0,0,0,false
2023-07-18 00:19:24,2023-07-19 00:37:14,UTC-06:00,2023-07-18 13:41:15,2023-07-18 14:39:59,58,Strength Trainer,13.5,91.0,117,76,20,1,0,0,0,false
2023-07-17 00:41:48,2023-07-18 00:19:24,UTC-06:00,2023-07-17 20:33:11,2023-07-17 21:24:27,51,Functional Fitness,0.0,67.0,85,68,0,0,0,0,0,false
2023-07-17 00:41:48,2023-07-18 00:19:24,UTC-06:00,2023-07-17 14:31:49,2023-07-17 15:24:15,52,Strength Trainer,13.7,129.0,129,85,37,12,0,0,0,false
2023-07-15 02:28:39,2023-07-16 03:32:12,UTC-06:00,2023-07-15 16:49:43,2023-07-15 17:41:56,52,Functional Fitness,4.5,94.0,115,83,21,3,0,0,0,false
2023-07-15 02:28:39,2023-07-16 03:32:12,UTC-06:00,2023-07-15 12:21:12,2023-07-15 13:35:22,74,Soccer,17.0,741.0,182,127,6,9,6,8,43,false
2023-07-15 02:28:39,2023-07-16 03:32:12,UTC-06:00,2023-07-15 10:47:56,2023-07-15 11:41:04,53,Strength Trainer,11.6,88.0,123,78,24,1,0,0,0,false
2023-07-14 02:28:06,2023-07-15 01:28:39,UTC-07:00,2023-07-14 07:47:47,2023-07-14 08:24:32,36,Strength Trainer,12.4,61.0,114,80,23,1,0,0,0,false
2023-07-12 01:22:34,2023-07-13 00:02:24,UTC-06:00,2023-07-12 14:46:30,2023-07-12 15:12:38,26,Stairmaster,7.9,228.0,144,123,5,24,66,1,0,false
2023-07-12 01:22:34,2023-07-13 00:02:24,UTC-06:00,2023-07-12 13:53:27,2023-07-12 14:44:36,51,Strength Trainer,11.9,91.0,108,80,32,0,0,0,0,false
2023-07-11 01:40:37,2023-07-12 01:22:34,UTC-06:00,2023-07-11 15:15:29,2023-07-11 15:49:46,34,Running,5.4,126.0,124,99,52,37,0,0,0,false
2023-07-11 01:40:37,2023-07-12 01:22:34,UTC-06:00,2023-07-11 14:04:56,2023-07-11 15:13:45,68,Strength Trainer,12.4,92.0,102,70,9,0,0,0,0,false
2023-07-10 00:01:18,2023-07-11 01:40:37,UTC-06:00,2023-07-10 15:11:45,2023-07-10 15:43:49,32,Stairmaster,5.8,143.0,136,105,48,28,17,0,0,false
2023-07-10 00:01:18,2023-07-11 01:40:37,UTC-06:00,2023-07-10 14:03:56,2023-07-10 15:09:36,65,Strength Trainer,14.3,92.0,112,76,19,1,0,0,0,false
2023-07-08 00:34:09,2023-07-09 01:13:26,UTC-06:00,2023-07-08 10:58:30,2023-07-08 12:23:07,84,Soccer,16.0,815.0,177,127,3,29,17,15,22,false
2023-07-08 00:34:09,2023-07-09 01:13:26,UTC-06:00,2023-07-08 09:09:01,2023-07-08 09:51:31,42,Strength Trainer,8.5,68.0,116,80,29,2,0,0,0,false
2023-07-07 00:24:46,2023-07-08 00:34:09,UTC-06:00,2023-07-07 08:22:59,2023-07-07 09:18:57,55,Strength Trainer,10.0,89.0,108,78,31,0,0,0,0,false
2023-07-06 00:50:08,2023-07-07 00:24:46,UTC-06:00,2023-07-06 15:03:20,2023-07-06 15:34:47,31,Stairmaster,6.5,183.0,136,108,36,46,15,0,0,false
2023-07-06 00:50:08,2023-07-07 00:24:46,UTC-06:00,2023-07-06 14:00:58,2023-07-06 14:58:33,57,Strength Trainer,15.5,83.0,106,76,16,0,0,0,0,false
2023-07-05 01:07:16,2023-07-06 00:50:08,UTC-06:00,2023-07-05 15:13:57,2023-07-05 15:40:27,26,Stairmaster,7.2,201.0,147,117,21,43,36,0,0,false
2023-07-05 01:07:16,2023-07-06 00:50:08,UTC-06:00,2023-07-05 14:18:21,2023-07-05 15:11:34,53,Strength Trainer,13.8,94.0,123,81,25,2,0,0,0,false
2023-07-04 00:57:45,2023-07-05 01:07:16,UTC-06:00,2023-07-04 15:12:20,2023-07-04 15:41:05,28,Stairmaster,7.1,193.0,145,114,28,28,39,0,0,false
2023-07-04 00:57:45,2023-07-05 01:07:16,UTC-06:00,2023-07-04 14:24:23,2023-07-04 15:10:46,46,Strength Trainer,11.6,66.0,104,79,21,0,0,0,0,false
2023-07-02 22:42:27,2023-07-04 00:57:45,UTC-06:00,2023-07-03 07:49:02,2023-07-03 08:28:26,39,Stairmaster,6.5,190.0,135,106,39,31,21,0,0,false
2023-07-02 22:42:27,2023-07-04 00:57:45,UTC-06:00,2023-07-03 06:49:19,2023-07-03 07:47:59,58,Strength Trainer,12.1,94.0,117,75,20,3,0,0,0,false
2023-07-01 00:16:31,2023-07-02 00:34:09,UTC-06:00,2023-07-01 10:16:11,2023-07-01 11:23:21,67,Soccer,16.7,735.0,178,133,10,12,5,18,39,false
2023-07-01 00:16:31,2023-07-02 00:34:09,UTC-06:00,2023-07-01 08:24:00,2023-07-01 09:12:46,48,Strength Trainer,10.0,94.0,114,87,54,1,0,0,0,false
2023-06-29 00:42:26,2023-06-30 00:43:40,UTC-06:00,2023-06-29 19:31:14,2023-06-29 20:33:41,62,Spin,9.4,408.0,158,112,23,51,23,1,0,false
2023-06-29 00:42:26,2023-06-30 00:43:40,UTC-06:00,2023-06-29 14:54:00,2023-06-29 15:50:32,56,Strength Trainer,13.9,89.0,106,81,25,0,0,0,0,false
2023-06-28 00:01:52,2023-06-29 00:42:26,UTC-06:00,2023-06-28 08:29:13,2023-06-28 08:45:23,16,Running,5.0,78.0,137,103,37,52,3,0,0,false
2023-06-28 00:01:52,2023-06-29 00:42:26,UTC-06:00,2023-06-28 07:34:06,2023-06-28 08:27:13,53,Strength Trainer,12.3,93.0,113,83,34,1,0,0,0,false
2023-06-27 00:24:42,2023-06-28 00:01:52,UTC-06:00,2023-06-27 15:34:59,2023-06-27 15:55:18,20,Stairmaster,6.0,133.0,139,113,19,39,34,0,0,false
2023-06-27 00:24:42,2023-06-28 00:01:52,UTC-06:00,2023-06-27 14:29:25,2023-06-27 15:34:45,65,Strength Trainer,12.7,111.0,118,79,23,5,0,0,0,false
2023-06-25 22:08:26,2023-06-27 00:24:42,UTC-06:00,2023-06-26 15:08:46,2023-06-26 15:33:39,24,Stairmaster,5.9,139.0,139,112,27,46,24,0,0,false
2023-06-25 22:08:26,2023-06-27 00:24:42,UTC-06:00,2023-06-26 14:02:59,2023-06-26 15:08:31,65,Strength Trainer,13.2,87.0,107,73,16,0,0,0,0,false
2023-06-24 00:48:53,2023-06-25 02:35:13,UTC-06:00,2023-06-24 09:31:54,2023-06-24 10:25:51,53,Soccer,14.8,619.0,175,139,7,13,31,25,24,false
2023-06-24 00:48:53,2023-06-25 02:35:13,UTC-06:00,2023-06-24 08:04:18,2023-06-24 08:49:33,45,Strength Trainer,7.3,71.0,107,82,36,0,0,0,0,false
2023-06-22 23:51:18,2023-06-24 00:48:53,UTC-06:00,2023-06-23 08:56:31,2023-06-23 09:14:03,17,Running,4.6,57.0,116,95,80,9,0,0,0,false
2023-06-22 23:51:18,2023-06-24 00:48:53,UTC-06:00,2023-06-23 08:02:57,2023-06-23 08:53:56,50,Strength Trainer,8.3,80.0,114,74,17,1,0,0,0,false
2023-06-22 00:10:53,2023-06-22 23:51:18,UTC-06:00,2023-06-22 14:51:26,2023-06-22 15:37:33,46,Strength Trainer,13.9,89.0,119,85,33,7,0,0,0,false
2023-06-20 22:20:20,2023-06-22 00:10:53,UTC-06:00,2023-06-21 07:45:15,2023-06-21 08:47:12,61,Strength Trainer,10.7,152.0,134,86,35,10,0,0,0,false
2023-06-20 00:30:09,2023-06-20 22:20:20,UTC-06:00,2023-06-20 15:38:03,2023-06-20 15:59:46,21,Stairmaster,6.8,173.0,140,120,17,34,49,0,0,false
2023-06-20 00:30:09,2023-06-20 22:20:20,UTC-06:00,2023-06-20 14:49:58,2023-06-20 15:37:53,47,Strength Trainer,13.9,85.0,112,82,36,0,0,0,0,false
2023-06-18 23:00:42,2023-06-20 00:30:09,UTC-06:00,2023-06-19 15:17:11,2023-06-19 15:36:30,19,Stairmaster,5.6,112.0,143,114,25,42,29,0,0,false
2023-06-18 23:00:42,2023-06-20 00:30:09,UTC-06:00,2023-06-19 14:08:54,2023-06-19 15:14:47,65,Strength Trainer,13.1,89.0,124,76,18,1,0,0,0,false
2023-06-17 02:01:28,2023-06-18 02:43:12,UTC-06:00,2023-06-17 11:04:42,2023-06-17 11:56:26,51,Soccer,16.0,658.0,178,144,13,7,10,30,40,false
2023-06-17 02:01:28,2023-06-18 02:43:12,UTC-06:00,2023-06-17 09:30:12,2023-06-17 10:07:39,37,Strength Trainer,6.9,80.0,115,85,50,3,0,0,0,false
2023-06-16 00:13:03,2023-06-17 02:01:28,UTC-06:00,2023-06-16 08:58:40,2023-06-16 09:21:00,22,Stairmaster,6.5,154.0,142,114,23,37,33,0,0,false
2023-06-16 00:13:03,2023-06-17 02:01:28,UTC-06:00,2023-06-16 08:10:39,2023-06-16 08:56:55,46,Strength Trainer,7.8,72.0,114,80,25,1,0,0,0,false
2023-06-15 01:02:40,2023-06-16 00:13:03,UTC-06:00,2023-06-15 07:43:18,2023-06-15 08:25:25,42,Strength Trainer,14.5,77.0,107,82,34,0,0,0,0,false
2023-06-14 02:15:43,2023-06-15 01:02:40,UTC-06:00,2023-06-14 08:54:17,2023-06-14 09:55:19,61,Strength Trainer,16.2,112.0,115,80,24,2,0,0,0,false
2023-06-13 01:16:16,2023-06-14 02:15:43,UTC-06:00,2023-06-13 14:57:09,2023-06-13 15:24:19,27,Stairmaster,8.5,242.0,153,125,10,23,52,14,0,false
2023-06-13 01:16:16,2023-06-14 02:15:43,UTC-06:00,2023-06-13 13:56:27,2023-06-13 14:56:55,60,Strength Trainer,12.1,87.0,114,74,17,1,0,0,0,false
2023-06-11 22:56:03,2023-06-13 01:16:16,UTC-06:00,2023-06-12 15:22:24,2023-06-12 15:42:27,20,Stairmaster,5.0,85.0,138,111,43,29,23,0,0,false
2023-06-11 22:56:03,2023-06-13 01:16:16,UTC-06:00,2023-06-12 14:33:10,2023-06-12 15:21:33,48,Strength Trainer,12.8,63.0,99,69,8,0,0,0,0,false
2023-06-10 00:27:33,2023-06-11 00:23:44,UTC-06:00,2023-06-10 09:43:20,2023-06-10 10:35:12,51,Soccer,16.7,727.0,183,151,0,10,16,25,49,false
2023-06-10 00:27:33,2023-06-11 00:23:44,UTC-06:00,2023-06-10 07:58:08,2023-06-10 08:27:43,29,Strength Trainer,8.2,52.0,108,81,42,0,0,0,0,false
2023-06-09 00:47:04,2023-06-10 00:27:33,UTC-06:00,2023-06-09 07:51:20,2023-06-09 08:54:07,62,Strength Trainer,8.3,137.0,125,83,39,7,0,0,0,false
2023-06-08 00:57:47,2023-06-09 00:47:04,UTC-06:00,2023-06-08 15:45:57,2023-06-08 16:00:28,14,Stairmaster,5.7,101.0,148,114,30,22,37,6,0,false
2023-06-08 00:57:47,2023-06-09 00:47:04,UTC-06:00,2023-06-08 14:45:46,2023-06-08 15:43:30,57,Strength Trainer,15.0,150.0,132,88,46,12,0,0,0,false
2023-06-07 01:09:40,2023-06-08 00:57:47,UTC-06:00,2023-06-07 07:46:12,2023-06-07 08:46:43,60,Strength Trainer,14.7,112.0,121,81,33,2,0,0,0,false
2023-06-06 01:01:35,2023-06-07 01:09:40,UTC-06:00,2023-06-06 15:42:16,2023-06-06 16:19:03,36,Stairmaster,7.2,216.0,145,109,49,28,21,0,0,false
2023-06-06 01:01:35,2023-06-07 01:09:40,UTC-06:00,2023-06-06 14:45:46,2023-06-06 15:39:03,53,Strength Trainer,14.6,97.0,120,81,20,6,0,0,0,false
2023-06-04 23:15:36,2023-06-06 01:01:35,UTC-06:00,2023-06-05 15:18:28,2023-06-05 15:34:42,16,Stairmaster,4.7,68.0,115,100,75,25,0,0,0,false
2023-06-04 23:15:36,2023-06-06 01:01:35,UTC-06:00,2023-06-05 14:22:38,2023-06-05 15:16:19,53,Strength Trainer,13.4,126.0,137,81,31,7,2,0,0,false
2023-06-03 00:17:09,2023-06-04 02:46:34,UTC-06:00,2023-06-03 07:51:04,2023-06-03 09:08:19,77,Soccer,17.2,865.0,183,138,13,18,13,14,41,false
2023-06-02 00:50:31,2023-06-03 00:17:09,UTC-06:00,2023-06-02 07:54:48,2023-06-02 09:07:36,72,Strength Trainer,15.0,153.0,126,86,42,7,0,0,0,false
2023-06-01 01:15:36,2023-06-02 00:50:31,UTC-06:00,2023-06-01 14:58:17,2023-06-01 15:13:39,15,Stairmaster,5.2,95.0,132,111,11,83,4,0,0,false
2023-06-01 01:15:36,2023-06-02 00:50:31,UTC-06:00,2023-06-01 13:32:27,2023-06-01 14:54:58,82,Strength Trainer,15.3,196.0,122,87,46,10,0,0,0,false
2023-05-31 01:02:56,2023-06-01 01:15:36,UTC-06:00,2023-05-31 14:19:41,2023-05-31 14:36:20,16,Stairmaster,6.4,139.0,149,122,7,33,52,3,0,false
2023-05-31 01:02:56,2023-06-01 01:15:36,UTC-06:00,2023-05-31 13:21:54,2023-05-31 14:16:54,54,Strength Trainer,13.8,86.0,107,76,23,0,0,0,0,false
2023-05-30 00:27:26,2023-05-31 01:02:56,UTC-06:00,2023-05-30 08:37:21,2023-05-30 08:59:16,21,Stairmaster,6.3,143.0,142,110,13,23,43,0,0,false
2023-05-30 00:27:26,2023-05-31 01:02:56,UTC-06:00,2023-05-30 07:37:21,2023-05-30 08:35:17,57,Strength Trainer,12.5,89.0,116,75,17,2,0,0,0,false
2023-05-29 00:18:24,2023-05-30 00:27:26,UTC-06:00,2023-05-29 15:13:52,2023-05-29 15:31:40,17,Stairmaster,4.9,77.0,124,101,41,45,0,0,0,false
2023-05-29 00:18:24,2023-05-30 00:27:26,UTC-06:00,2023-05-29 14:06:27,2023-05-29 15:13:29,67,Strength Trainer,13.2,124.0,119,75,19,6,0,0,0,false
2023-05-28 00:29:05,2023-05-29 00:18:24,UTC-06:00,2023-05-28 09:31:13,2023-05-28 10:37:17,66,Strength Trainer,10.9,143.0,122,87,40,12,0,0,0,false
2023-05-26 01:03:38,2023-05-27 00:40:01,UTC-06:00,2023-05-26 13:41:53,2023-05-26 14:52:56,71,Strength Trainer,12.6,112.0,113,80,35,2,0,0,0,false
2023-05-25 00:11:23,2023-05-26 01:03:38,UTC-06:00,2023-05-25 15:00:52,2023-05-25 15:22:25,21,Stairmaster,7.3,184.0,147,122,14,28,49,9,0,false
2023-05-25 00:11:23,2023-05-26 01:03:38,UTC-06:00,2023-05-25 13:43:05,2023-05-25 14:52:36,69,Strength Trainer,11.2,100.0,108,70,13,0,0,0,0,false
2023-05-24 00:20:34,2023-05-25 00:11:23,UTC-06:00,2023-05-24 09:03:06,2023-05-24 09:34:18,31,Stairmaster,6.6,193.0,137,109,27,53,16,0,0,false
2023-05-24 00:20:34,2023-05-25 00:11:23,UTC-06:00,2023-05-24 07:53:07,2023-05-24 08:57:17,64,Strength Trainer,15.1,120.0,119,82,33,1,0,0,0,false
2023-05-23 00:52:03,2023-05-24 00:20:34,UTC-06:00,2023-05-23 15:19:44,2023-05-23 15:36:00,16,Running,5.0,82.0,126,104,25,65,0,0,0,false
2023-05-23 00:52:03,2023-05-24 00:20:34,UTC-06:00,2023-05-23 14:13:21,2023-05-23 15:14:20,60,Strength Trainer,10.5,143.0,127,85,42,10,0,0,0,false
2023-05-22 00:49:07,2023-05-23 00:52:03,UTC-06:00,2023-05-22 14:15:20,2023-05-22 15:08:28,53,Strength Trainer,13.2,81.0,120,76,28,2,0,0,0,false
2023-05-21 00:46:11,2023-05-22 00:49:07,UTC-06:00,2023-05-21 11:29:43,2023-05-21 12:35:05,65,Strength Trainer,12.5,158.0,133,91,55,11,4,0,0,false
2023-05-20 00:25:33,2023-05-21 00:46:11,UTC-06:00,2023-05-20 11:39:37,2023-05-20 12:53:52,74,Soccer,14.3,587.0,178,120,26,20,18,5,19,false
2023-05-20 00:25:33,2023-05-21 00:46:11,UTC-06:00,2023-05-20 10:21:31,2023-05-20 11:01:53,40,Strength Trainer,9.7,77.0,120,84,44,5,0,0,0,false
2023-05-19 00:23:27,2023-05-20 00:25:33,UTC-06:00,2023-05-19 08:52:07,2023-05-19 09:25:13,33,Stairmaster,9.8,301.0,155,127,11,26,34,29,0,false
2023-05-19 00:23:27,2023-05-20 00:25:33,UTC-06:00,2023-05-19 07:32:45,2023-05-19 08:51:55,79,Strength Trainer,14.1,127.0,116,78,30,2,0,0,0,false
2023-05-18 00:20:19,2023-05-19 00:23:27,UTC-06:00,2023-05-18 07:55:55,2023-05-18 09:12:15,76,Strength Trainer,12.9,151.0,122,84,34,7,0,0,0,false
2023-05-17 00:56:18,2023-05-18 00:20:19,UTC-06:00,2023-05-17 15:30:29,2023-05-17 16:03:27,32,Stairmaster,5.8,152.0,128,103,53,41,1,0,0,false
2023-05-17 00:56:18,2023-05-18 00:20:19,UTC-06:00,2023-05-17 14:00:52,2023-05-17 15:27:46,86,Strength Trainer,12.8,133.0,111,77,23,0,0,0,0,false
2023-05-16 00:53:41,2023-05-17 00:56:18,UTC-06:00,2023-05-16 15:35:09,2023-05-16 15:55:58,20,Stairmaster,5.2,95.0,132,103,53,33,7,0,0,false
2023-05-16 00:53:41,2023-05-17 00:56:18,UTC-06:00,2023-05-16 14:32:53,2023-05-16 15:34:22,61,Strength Trainer,13.6,96.0,124,73,18,3,0,0,0,false
2023-05-15 00:23:48,2023-05-16 00:53:41,UTC-06:00,2023-05-15 15:28:27,2023-05-15 16:20:47,52,Stairmaster,6.9,244.0,139,105,25,50,10,0,0,false
2023-05-15 00:23:48,2023-05-16 00:53:41,UTC-06:00,2023-05-15 14:23:01,2023-05-15 15:27:00,63,Strength Trainer,14.9,95.0,118,80,29,2,0,0,0,false
2023-05-13 00:10:24,2023-05-14 05:52:27,UTC-06:00,2023-05-13 08:30:29,2023-05-13 08:48:30,18,Running,4.6,56.0,113,97,69,14,0,0,0,false
2023-05-13 00:10:24,2023-05-14 05:52:27,UTC-06:00,2023-05-13 07:39:14,2023-05-13 08:29:27,50,Strength Trainer,8.8,88.0,128,80,24,8,0,0,0,false
2023-05-12 00:21:25,2023-05-13 00:10:24,UTC-06:00,2023-05-12 08:55:29,2023-05-12 09:14:33,19,Stairmaster,5.2,95.0,132,105,34,48,9,0,0,false
2023-05-12 00:21:25,2023-05-13 00:10:24,UTC-06:00,2023-05-12 07:45:24,2023-05-12 08:53:33,68,Strength Trainer,12.9,106.0,115,76,24,2,0,0,0,false
2023-05-11 00:29:57,2023-05-12 00:21:25,UTC-06:00,2023-05-11 15:27:23,2023-05-11 16:04:27,37,Stairmaster,7.1,216.0,138,110,25,35,28,0,0,false
2023-05-11 00:29:57,2023-05-12 00:21:25,UTC-06:00,2023-05-11 14:16:54,2023-05-11 15:27:06,70,Strength Trainer,13.7,96.0,103,77,21,0,0,0,0,false
2023-05-10 00:16:17,2023-05-11 00:29:57,UTC-06:00,2023-05-10 08:56:56,2023-05-10 09:41:31,44,Strength Trainer,14.1,65.0,114,82,30,0,0,0,0,false
2023-05-09 00:42:19,2023-05-10 00:16:17,UTC-06:00,2023-05-09 15:03:46,2023-05-09 15:19:26,15,Stairmaster,4.8,65.0,137,102,29,33,18,0,0,false
2023-05-09 00:42:19,2023-05-10 00:16:17,UTC-06:00,2023-05-09 14:01:14,2023-05-09 15:03:33,62,Strength Trainer,12.6,85.0,115,77,21,1,0,0,0,false
2023-05-07 22:59:24,2023-05-09 00:42:19,UTC-06:00,2023-05-08 07:23:50,2023-05-08 08:31:02,67,Strength Trainer,11.9,99.0,124,80,30,2,0,0,0,false
2023-05-06 00:23:57,2023-05-07 01:50:44,UTC-06:00,2023-05-06 11:15:41,2023-05-06 12:18:54,63,Soccer,13.9,536.0,172,130,27,17,19,15,22,false
2023-05-06 00:23:57,2023-05-07 01:50:44,UTC-06:00,2023-05-06 09:23:11,2023-05-06 10:07:06,43,Strength Trainer,9.7,57.0,113,72,10,0,0,0,0,false
2023-05-05 00:12:32,2023-05-06 00:23:57,UTC-06:00,2023-05-05 14:37:20,2023-05-05 15:12:45,35,Strength Trainer,11.1,46.0,105,79,27,0,0,0,0,false
2023-04-27 00:09:16,2023-04-28 04:28:44,UTC-06:00,2023-04-27 08:08:21,2023-04-27 08:41:36,33,Strength Trainer,10.9,46.0,106,79,23,0,0,0,0,false
2023-04-26 00:48:16,2023-04-27 00:09:16,UTC-06:00,2023-04-26 16:59:01,2023-04-26 17:18:17,19,Stairmaster,8.6,199.0,162,132,6,23,32,39,0,false
2023-04-26 00:48:16,2023-04-27 00:09:16,UTC-06:00,2023-04-26 15:01:10,2023-04-26 15:56:36,55,Strength Trainer,4.8,112.0,127,83,27,11,0,0,0,false
2023-04-25 00:50:22,2023-04-26 00:48:16,UTC-06:00,2023-04-25 16:36:21,2023-04-25 17:33:56,57,Weightlifting,4.1,80.0,110,75,18,0,0,0,0,false
2023-04-23 22:51:00,2023-04-25 00:50:22,UTC-06:00,2023-04-24 15:15:43,2023-04-24 15:41:40,25,Stairmaster,7.5,201.0,148,121,17,34,40,9,0,false
2023-04-23 22:51:00,2023-04-25 00:50:22,UTC-06:00,2023-04-24 14:14:03,2023-04-24 15:15:30,61,Weightlifting,4.6,103.0,110,85,49,0,0,0,0,false
2023-04-22 00:54:53,2023-04-23 02:06:03,UTC-06:00,2023-04-22 12:57:48,2023-04-22 13:57:27,59,Soccer,15.6,663.0,179,138,13,18,18,11,40,false
2023-04-22 00:54:53,2023-04-23 02:06:03,UTC-06:00,2023-04-22 10:45:00,2023-04-22 11:50:00,65,Weightlifting,4.2,93.0,107,76,27,0,0,0,0,false
2023-04-21 00:05:37,2023-04-22 00:54:53,UTC-06:00,2023-04-21 08:42:28,2023-04-21 09:09:52,27,Stairmaster,8.2,237.0,161,125,4,36,40,19,0,false
2023-04-21 00:05:37,2023-04-22 00:54:53,UTC-06:00,2023-04-21 08:00:16,2023-04-21 08:42:07,41,Weightlifting,4.5,83.0,122,82,32,7,0,0,0,false
2023-04-20 00:48:43,2023-04-21 00:05:37,UTC-06:00,2023-04-20 16:26:57,2023-04-20 16:56:19,29,Stairmaster,7.7,204.0,152,116,19,31,27,15,0,false
2023-04-20 00:48:43,2023-04-21 00:05:37,UTC-06:00,2023-04-20 15:17:37,2023-04-20 16:25:36,67,Weightlifting,5.2,139.0,120,90,60,8,0,0,0,false
2023-04-20 00:48:43,2023-04-21 00:05:37,UTC-06:00,2023-04-20 09:02:58,2023-04-20 09:30:37,27,Running,6.1,144.0,144,108,43,30,21,0,0,false
2023-04-19 00:12:07,2023-04-20 00:48:43,UTC-06:00,2023-04-19 15:55:29,2023-04-19 16:24:57,29,Stairmaster,11.0,310.0,164,134,7,10,25,48,4,false
2023-04-19 00:12:07,2023-04-20 00:48:43,UTC-06:00,2023-04-19 14:59:14,2023-04-19 15:55:16,56,Weightlifting,4.8,116.0,122,85,37,10,0,0,0,false
2023-04-17 23:39:00,2023-04-19 00:12:07,UTC-06:00,2023-04-18 16:01:30,2023-04-18 16:34:45,33,Stairmaster,9.0,275.0,154,123,11,39,27,20,0,false
2023-04-17 23:39:00,2023-04-19 00:12:07,UTC-06:00,2023-04-18 15:01:53,2023-04-18 16:01:09,59,Weightlifting,5.0,122.0,118,88,54,8,0,0,0,false
2023-04-17 23:39:00,2023-04-19 00:12:07,UTC-06:00,2023-04-18 08:50:03,2023-04-18 09:09:27,19,Swimming,5.4,103.0,157,108,33,24,22,10,0,false
2023-04-16 22:30:06,2023-04-17 23:39:00,UTC-06:00,2023-04-17 15:50:55,2023-04-17 16:24:05,33,Stairmaster,7.1,206.0,144,114,24,33,38,0,0,false
2023-04-16 22:30:06,2023-04-17 23:39:00,UTC-06:00,2023-04-17 14:35:00,2023-04-17 15:48:00,73,Weightlifting,5.1,143.0,122,88,54,8,0,0,0,false
2023-04-16 22:30:06,2023-04-17 23:39:00,UTC-06:00,2023-04-17 08:35:09,2023-04-17 08:55:18,20,Swimming,5.7,98.0,167,106,29,18,12,15,1,false
2023-04-13 23:42:47,2023-04-14 23:47:12,UTC-06:00,2023-04-14 11:00:00,2023-04-14 15:00:00,240,Skiing,9.7,639.0,134,90,48,10,1,0,0,false
2023-04-13 23:42:47,2023-04-14 23:47:12,UTC-06:00,2023-04-14 08:16:26,2023-04-14 08:49:17,32,Activity,4.6,78.0,122,88,15,17,0,0,0,false
2023-04-13 23:42:47,2023-04-14 23:47:12,UTC-06:00,2023-04-14 08:08:44,2023-04-14 09:09:22,60,Weightlifting,4.6,111.0,116,82,34,2,0,0,0,false
2023-04-12 23:35:27,2023-04-13 23:42:47,UTC-06:00,2023-04-13 08:00:00,2023-04-13 09:21:00,81,Weightlifting,6.9,278.0,126,93,44,28,0,0,0,false
2023-04-11 23:28:41,2023-04-12 23:35:27,UTC-06:00,2023-04-12 09:00:00,2023-04-12 09:30:00,30,Running,5.9,155.0,135,105,38,56,4,0,0,false
2023-04-11 23:28:41,2023-04-12 23:35:27,UTC-06:00,2023-04-12 08:00:00,2023-04-12 09:00:00,60,Weightlifting,5.1,135.0,123,85,32,8,0,0,0,false
2023-04-10 23:08:12,2023-04-11 23:28:41,UTC-06:00,2023-04-11 10:30:00,2023-04-11 15:00:00,270,Skiing,8.5,592.0,131,85,38,7,0,0,0,false
2023-04-10 23:08:12,2023-04-11 23:28:41,UTC-06:00,2023-04-11 08:00:00,2023-04-11 09:00:00,60,Weightlifting,5.2,142.0,135,86,38,12,0,0,0,false
2023-04-09 22:14:44,2023-04-10 23:08:12,UTC-06:00,2023-04-10 11:24:28,2023-04-10 12:43:50,79,Skiing,9.2,387.0,152,105,30,18,26,2,0,false
2023-04-09 22:14:44,2023-04-10 23:08:12,UTC-06:00,2023-04-10 07:50:00,2023-04-10 08:40:00,50,Weightlifting,4.4,84.0,121,85,46,4,0,0,0,false
2023-04-08 22:45:41,2023-04-09 22:14:44,UTC-06:00,2023-04-09 09:51:42,2023-04-09 19:20:49,569,Skiing,6.4,842.0,117,79,21,1,0,0,0,false
2023-04-07 00:21:54,2023-04-08 00:31:53,UTC-06:00,2023-04-07 08:24:00,2023-04-07 09:20:00,56,Running,8.0,298.0,138,105,55,23,16,0,0,false
2023-04-07 00:21:54,2023-04-08 00:31:53,UTC-06:00,2023-04-07 07:22:42,2023-04-07 08:23:53,61,Weightlifting,4.6,104.0,107,77,29,0,0,0,0,false
2023-04-06 01:12:38,2023-04-07 00:21:54,UTC-06:00,2023-04-06 12:54:49,2023-04-06 13:22:34,27,Running,7.2,216.0,137,118,10,53,37,0,0,false
2023-04-06 01:12:38,2023-04-07 00:21:54,UTC-06:00,2023-04-06 11:45:47,2023-04-06 12:54:19,68,Weightlifting,6.0,200.0,128,89,44,18,0,0,0,false
2023-04-05 00:06:49,2023-04-06 01:12:38,UTC-06:00,2023-04-05 15:28:08,2023-04-05 15:54:11,26,Stairmaster,7.8,212.0,150,121,13,31,38,14,0,false
2023-04-05 00:06:49,2023-04-06 01:12:38,UTC-06:00,2023-04-05 14:16:02,2023-04-05 15:27:57,71,Weightlifting,4.3,105.0,116,77,17,1,0,0,0,false
2023-04-04 00:15:14,2023-04-05 00:06:49,UTC-06:00,2023-04-04 15:08:21,2023-04-04 15:40:01,31,Stairmaster,11.0,332.0,160,134,5,22,27,46,0,false
2023-04-04 00:15:14,2023-04-05 00:06:49,UTC-06:00,2023-04-04 13:55:00,2023-04-04 15:05:00,70,Weightlifting,5.2,150.0,133,86,47,7,1,0,0,false
2023-04-02 23:16:08,2023-04-04 00:15:14,UTC-06:00,2023-04-03 16:17:05,2023-04-03 16:55:39,38,Stairmaster,8.6,275.0,155,117,20,29,38,8,0,false
2023-04-02 23:16:08,2023-04-04 00:15:14,UTC-06:00,2023-04-03 15:00:00,2023-04-03 16:15:00,75,Weightlifting,4.3,111.0,114,76,19,2,0,0,0,false
2023-04-01 01:22:58,2023-04-02 01:34:34,UTC-06:00,2023-04-01 11:27:07,2023-04-01 12:25:09,58,Soccer,14.2,543.0,176,130,32,16,5,27,19,false
2023-03-31 00:17:09,2023-04-01 01:22:58,UTC-06:00,2023-03-31 08:17:59,2023-03-31 08:59:11,41,Stairmaster,6.8,222.0,134,109,26,62,8,0,0,false
2023-03-31 00:17:09,2023-04-01 01:22:58,UTC-06:00,2023-03-31 07:31:07,2023-03-31 08:17:45,46,Weightlifting,4.2,72.0,118,79,26,3,0,0,0,false
2023-03-29 23:52:45,2023-03-31 00:17:09,UTC-06:00,2023-03-30 08:43:55,2023-03-30 09:14:45,30,Stairmaster,8.7,273.0,147,125,4,28,63,2,0,false
2023-03-29 23:52:45,2023-03-31 00:17:09,UTC-06:00,2023-03-30 07:25:00,2023-03-30 08:43:00,78,Weightlifting,5.6,180.0,128,87,49,10,0,0,0,false
2023-03-28 23:38:25,2023-03-29 23:52:45,UTC-06:00,2023-03-29 08:30:44,2023-03-29 09:15:47,45,Stairmaster,8.8,300.0,149,113,28,24,35,5,0,false
2023-03-28 23:38:25,2023-03-29 23:52:45,UTC-06:00,2023-03-29 07:40:08,2023-03-29 08:30:31,50,Weightlifting,4.7,103.0,121,84,37,4,0,0,0,false
2023-03-27 23:21:55,2023-03-28 23:38:25,UTC-06:00,2023-03-28 08:05:04,2023-03-28 08:46:33,41,Stairmaster,8.3,283.0,143,115,25,29,41,0,0,false
2023-03-27 23:21:55,2023-03-28 23:38:25,UTC-06:00,2023-03-28 06:57:04,2023-03-28 08:04:44,67,Weightlifting,4.5,104.0,117,80,32,1,0,0,0,false
2023-03-26 22:17:21,2023-03-27 23:21:55,UTC-06:00,2023-03-27 14:47:50,2023-03-27 15:21:33,33,Stairmaster,7.5,226.0,144,116,25,36,39,0,0,false
2023-03-26 22:17:21,2023-03-27 23:21:55,UTC-06:00,2023-03-27 13:47:00,2023-03-27 14:47:00,60,Weightlifting,5.1,137.0,134,84,32,13,1,0,0,false
2023-03-26 00:01:55,2023-03-26 22:17:21,UTC-06:00,2023-03-26 11:50:09,2023-03-26 12:45:23,55,Weightlifting,4.2,88.0,113,71,13,3,0,0,0,false
2023-03-24 23:15:09,2023-03-26 00:01:55,UTC-06:00,2023-03-25 11:39:00,2023-03-25 12:57:19,78,Soccer,16.1,827.0,178,134,13,22,15,29,21,false
2023-03-24 23:15:09,2023-03-26 00:01:55,UTC-06:00,2023-03-25 09:56:14,2023-03-25 10:53:06,56,Weightlifting,5.1,132.0,124,87,48,9,0,0,0,false
2023-03-23 00:51:40,2023-03-24 01:00:34,UTC-06:00,2023-03-23 15:01:21,2023-03-23 15:31:43,30,Stairmaster,7.6,225.0,146,118,19,23,52,2,0,false
2023-03-23 00:51:40,2023-03-24 01:00:34,UTC-06:00,2023-03-23 13:50:05,2023-03-23 15:00:58,70,Weightlifting,4.8,134.0,116,84,35,5,0,0,0,false
2023-03-21 23:54:36,2023-03-23 00:51:40,UTC-06:00,2023-03-22 15:15:02,2023-03-22 15:45:00,29,Stairmaster,9.2,282.0,150,127,6,21,56,16,0,false
2023-03-21 23:54:36,2023-03-23 00:51:40,UTC-06:00,2023-03-22 13:44:40,2023-03-22 15:14:51,90,Weightlifting,5.1,171.0,116,78,26,3,0,0,0,false
2023-03-21 00:14:30,2023-03-21 23:54:36,UTC-06:00,2023-03-21 14:55:19,2023-03-21 15:32:54,37,Stairmaster,8.8,311.0,141,122,5,42,53,0,0,false
2023-03-21 00:14:30,2023-03-21 23:54:36,UTC-06:00,2023-03-21 14:52:59,2023-03-21 14:55:06,2,Running,3.9,5.0,108,91,56,2,0,0,0,false
2023-03-21 00:14:30,2023-03-21 23:54:36,UTC-06:00,2023-03-21 13:49:22,2023-03-21 14:52:24,63,Weightlifting,4.5,106.0,115,76,26,3,0,0,0,false
2023-03-19 23:09:25,2023-03-21 00:14:30,UTC-06:00,2023-03-20 11:40:00,2023-03-20 12:25:00,45,Stairmaster,5.2,132.0,126,97,33,35,0,0,0,false
2023-03-19 23:09:25,2023-03-21 00:14:30,UTC-06:00,2023-03-20 10:45:00,2023-03-20 11:40:00,55,Weightlifting,2.6,72.0,111,79,28,0,0,0,0,false
2023-03-19 01:22:13,2023-03-19 23:09:25,UTC-06:00,2023-03-19 08:15:00,2023-03-19 09:30:00,75,Weightlifting,3.9,100.0,115,74,22,1,0,0,0,false
2023-03-18 00:36:11,2023-03-19 01:22:13,UTC-06:00,2023-03-18 10:27:48,2023-03-18 11:31:14,63,Soccer,13.0,473.0,175,118,30,20,13,17,11,false
2023-03-16 23:41:07,2023-03-18 00:36:11,UTC-06:00,2023-03-17 14:59:49,2023-03-17 15:48:17,48,Stairmaster,9.3,349.0,148,118,15,43,33,5,0,false
2023-03-16 23:41:07,2023-03-18 00:36:11,UTC-06:00,2023-03-17 13:50:14,2023-03-17 14:59:37,69,Weightlifting,5.0,141.0,120,86,39,8,0,0,0,false
2023-03-16 00:00:25,2023-03-16 23:41:07,UTC-06:00,2023-03-16 06:16:09,2023-03-16 07:10:42,54,Weightlifting,4.5,93.0,118,83,34,3,0,0,0,false
2023-03-15 00:40:11,2023-03-16 00:00:25,UTC-06:00,2023-03-15 14:43:55,2023-03-15 15:28:04,44,Stairmaster,10.0,356.0,149,120,9,19,58,3,0,false
2023-03-15 00:40:11,2023-03-16 00:00:25,UTC-06:00,2023-03-15 13:45:00,2023-03-15 14:40:00,55,Weightlifting,5.6,162.0,122,93,61,13,0,0,0,false
2023-03-15 00:40:11,2023-03-16 00:00:25,UTC-06:00,2023-03-15 08:45:12,2023-03-15 09:32:16,47,Activity,10.1,296.0,185,134,0,5,38,10,4,false
2023-03-14 00:12:12,2023-03-15 00:40:11,UTC-06:00,2023-03-14 15:21:00,2023-03-14 15:50:00,29,Stairmaster,5.8,149.0,134,105,18,66,3,0,0,false
2023-03-14 00:12:12,2023-03-15 00:40:11,UTC-06:00,2023-03-14 14:15:00,2023-03-14 15:20:00,65,Weightlifting,4.4,100.0,114,78,26,0,0,0,0,false
2023-03-12 22:23:21,2023-03-14 00:12:12,UTC-06:00,2023-03-13 14:45:00,2023-03-13 15:45:00,60,Weightlifting,4.1,82.0,108,80,28,0,0,0,0,false
2023-03-10 23:52:50,2023-03-12 03:12:43,UTC-06:00,2023-03-11 13:04:38,2023-03-11 15:07:05,122,Soccer,18.1,1224.0,178,132,15,29,14,19,23,false
2023-03-10 23:52:50,2023-03-12 03:12:43,UTC-06:00,2023-03-11 11:51:39,2023-03-11 12:42:56,51,Soccer,13.4,499.0,173,131,15,27,12,31,15,false
2023-03-10 23:52:50,2023-03-12 03:12:43,UTC-06:00,2023-03-11 09:57:07,2023-03-11 10:31:14,34,Soccer,12.6,376.0,179,137,1,29,25,20,25,false
2023-03-10 23:52:50,2023-03-12 03:12:43,UTC-06:00,2023-03-11 07:30:00,2023-03-11 08:15:00,45,Weightlifting,5.0,112.0,133,88,45,13,3,0,0,false
2023-03-09 00:55:10,2023-03-10 00:41:04,UTC-06:00,2023-03-09 15:11:30,2023-03-09 15:37:16,25,Stairmaster,7.4,210.0,144,120,11,33,54,0,0,false
2023-03-09 00:55:10,2023-03-10 00:41:04,UTC-06:00,2023-03-09 14:00:00,2023-03-09 15:11:00,71,Weightlifting,4.9,130.0,125,82,35,1,0,0,0,false
2023-03-08 00:53:32,2023-03-09 00:55:10,UTC-06:00,2023-03-08 13:47:02,2023-03-08 14:57:14,70,Weightlifting,6.1,198.0,140,89,40,14,1,0,0,false
2023-03-08 00:53:32,2023-03-09 00:55:10,UTC-06:00,2023-03-08 07:42:25,2023-03-08 08:03:32,21,Swimming,6.2,143.0,154,113,23,40,28,7,0,false
2023-03-07 00:03:24,2023-03-08 00:53:32,UTC-06:00,2023-03-07 14:10:53,2023-03-07 14:33:54,23,Swimming,8.5,220.0,164,130,5,17,34,40,1,false
2023-03-07 00:03:24,2023-03-08 00:53:32,UTC-06:00,2023-03-07 07:45:00,2023-03-07 08:45:00,60,Weightlifting,5.1,129.0,121,86,45,6,0,0,0,false
2023-03-05 23:36:42,2023-03-07 00:03:24,UTC-06:00,2023-03-06 14:52:35,2023-03-06 15:42:20,49,Stairmaster,8.5,301.0,149,115,27,26,37,4,0,false
2023-03-05 23:36:42,2023-03-07 00:03:24,UTC-06:00,2023-03-06 13:52:00,2023-03-06 14:52:00,60,Weightlifting,4.3,96.0,126,82,23,7,0,0,0,false
2023-03-04 23:29:54,2023-03-05 23:36:42,UTC-06:00,2023-03-05 08:35:23,2023-03-05 09:14:55,39,Weightlifting,4.2,61.0,116,88,51,5,0,0,0,false
2023-03-04 23:29:54,2023-03-05 23:36:42,UTC-06:00,2023-03-05 08:02:13,2023-03-05 08:27:57,25,Swimming,6.7,164.0,168,117,24,21,35,17,0,false
2023-03-03 23:55:16,2023-03-04 23:29:54,UTC-06:00,2023-03-04 08:19:42,2023-03-04 08:45:13,25,Stairmaster,6.7,176.0,145,116,18,43,32,1,0,false
2023-03-03 23:55:16,2023-03-04 23:29:54,UTC-06:00,2023-03-04 07:29:22,2023-03-04 08:19:31,50,Weightlifting,4.4,81.0,110,82,32,0,0,0,0,false
2023-03-03 00:18:40,2023-03-03 23:55:16,UTC-06:00,2023-03-03 08:25:44,2023-03-03 09:03:01,37,Stairmaster,10.0,349.0,149,128,0,33,54,13,0,false
2023-03-03 00:18:40,2023-03-03 23:55:16,UTC-06:00,2023-03-03 07:29:07,2023-03-03 08:24:47,55,Weightlifting,5.2,134.0,125,90,49,14,0,0,0,false
2023-03-02 02:11:06,2023-03-03 00:18:40,UTC-06:00,2023-03-02 19:41:49,2023-03-02 20:16:56,35,Spin,9.3,304.0,149,124,9,26,54,8,0,false
2023-03-02 02:11:06,2023-03-03 00:18:40,UTC-06:00,2023-03-02 14:15:00,2023-03-02 15:29:00,74,Weightlifting,5.2,159.0,131,84,30,14,0,0,0,false
2023-03-01 00:49:58,2023-03-02 02:11:06,UTC-06:00,2023-03-01 14:58:12,2023-03-01 15:29:46,31,Stairmaster,9.0,277.0,159,124,10,31,41,17,0,false
2023-03-01 00:49:58,2023-03-02 02:11:06,UTC-06:00,2023-03-01 13:41:23,2023-03-01 14:57:58,76,Weightlifting,4.3,112.0,111,76,14,0,0,0,0,false
2023-02-28 01:31:32,2023-03-01 00:49:58,UTC-06:00,2023-02-28 15:41:42,2023-02-28 16:21:55,40,Stairmaster,8.8,306.0,149,119,18,30,48,2,0,false
2023-02-28 01:31:32,2023-03-01 00:49:58,UTC-06:00,2023-02-28 14:44:25,2023-02-28 15:41:31,57,Weightlifting,4.3,89.0,115,79,21,1,0,0,0,false
2023-02-26 22:58:38,2023-02-28 01:31:32,UTC-06:00,2023-02-27 15:15:00,2023-02-27 15:49:00,34,Running,5.1,107.0,118,98,50,36,0,0,0,false
2023-02-26 22:58:38,2023-02-28 01:31:32,UTC-06:00,2023-02-27 14:02:56,2023-02-27 15:14:42,71,Weightlifting,4.9,135.0,120,88,53,7,0,0,0,false
2023-02-25 00:16:53,2023-02-26 00:52:28,UTC-06:00,2023-02-25 09:25:51,2023-02-25 09:47:33,21,Running,4.8,75.0,117,97,50,25,0,0,0,false
2023-02-25 00:16:53,2023-02-26 00:52:28,UTC-06:00,2023-02-25 08:25:00,2023-02-25 09:25:00,60,Weightlifting,4.1,84.0,110,74,16,0,0,0,0,false
2023-02-23 23:53:31,2023-02-25 00:16:53,UTC-06:00,2023-02-24 08:56:41,2023-02-24 09:33:02,36,Stairmaster,8.4,267.0,147,117,13,23,48,3,0,false
2023-02-23 23:53:31,2023-02-25 00:16:53,UTC-06:00,2023-02-24 07:46:44,2023-02-24 08:56:18,69,Weightlifting,4.9,132.0,124,84,36,6,0,0,0,false
2023-02-23 01:31:41,2023-02-23 23:53:31,UTC-06:00,2023-02-23 15:38:34,2023-02-23 16:22:13,43,Stairmaster,9.2,326.0,146,119,27,20,52,1,0,false
2023-02-23 01:31:41,2023-02-23 23:53:31,UTC-06:00,2023-02-23 14:00:00,2023-02-23 15:38:00,98,Weightlifting,4.4,140.0,114,77,22,0,0,0,0,false
2023-02-22 00:00:39,2023-02-23 01:31:41,UTC-06:00,2023-02-22 14:58:13,2023-02-22 15:39:22,41,Stairmaster,10.1,351.0,158,124,9,32,43,14,0,false
2023-02-22 00:00:39,2023-02-23 01:31:41,UTC-06:00,2023-02-22 13:33:04,2023-02-22 14:57:52,84,Weightlifting,5.2,159.0,116,86,52,2,0,0,0,false
2023-02-20 23:28:55,2023-02-22 00:00:39,UTC-06:00,2023-02-21 15:22:28,2023-02-21 15:41:43,19,Stairmaster,6.5,151.0,144,121,2,20,67,0,0,false
2023-02-20 23:28:55,2023-02-22 00:00:39,UTC-06:00,2023-02-21 15:18:40,2023-02-21 15:22:16,3,Running,4.1,13.0,115,101,66,34,0,0,0,false
2023-02-20 23:28:55,2023-02-22 00:00:39,UTC-06:00,2023-02-21 14:17:32,2023-02-21 15:18:24,60,Weightlifting,4.1,83.0,110,79,24,0,0,0,0,false
2023-02-20 23:28:55,2023-02-22 00:00:39,UTC-06:00,2023-02-21 07:58:22,2023-02-21 08:25:16,26,Swimming,6.1,124.0,161,102,18,8,16,14,0,false
2023-02-19 22:20:58,2023-02-20 23:28:55,UTC-06:00,2023-02-20 14:57:05,2023-02-20 15:38:22,41,Stairmaster,8.2,280.0,151,117,22,38,33,6,0,false
2023-02-19 22:20:58,2023-02-20 23:28:55,UTC-06:00,2023-02-20 13:37:27,2023-02-20 14:56:38,79,Weightlifting,4.3,118.0,115,81,30,1,0,0,0,false
2023-02-18 00:13:26,2023-02-19 03:30:26,UTC-06:00,2023-02-18 10:16:21,2023-02-18 11:15:43,59,Soccer,14.7,618.0,172,133,18,15,14,35,17,false
2023-02-18 00:13:26,2023-02-19 03:30:26,UTC-06:00,2023-02-18 08:41:06,2023-02-18 09:38:29,57,Weightlifting,4.5,92.0,112,80,27,0,0,0,0,false
2023-02-16 23:07:26,2023-02-18 00:13:26,UTC-06:00,2023-02-17 08:27:44,2023-02-17 09:22:11,54,Stairmaster,10.2,366.0,153,113,39,11,30,11,0,false
2023-02-16 23:07:26,2023-02-18 00:13:26,UTC-06:00,2023-02-17 07:27:49,2023-02-17 08:27:33,59,Weightlifting,5.0,121.0,124,85,46,3,0,0,0,false
2023-02-15 23:25:23,2023-02-16 23:07:26,UTC-06:00,2023-02-16 15:23:40,2023-02-16 16:09:15,45,Stairmaster,10.8,397.0,153,124,14,30,37,18,0,false
2023-02-15 23:25:23,2023-02-16 23:07:26,UTC-06:00,2023-02-16 15:22:21,2023-02-16 15:23:28,1,Running,2.8,3.0,96,92,89,0,0,0,0,false
2023-02-15 23:25:23,2023-02-16 23:07:26,UTC-06:00,2023-02-16 14:09:15,2023-02-16 15:21:41,72,Weightlifting,5.3,155.0,120,86,44,7,0,0,0,false
2023-02-14 23:59:06,2023-02-15 23:25:23,UTC-06:00,2023-02-15 14:48:07,2023-02-15 15:09:57,21,Stairmaster,6.0,137.0,144,112,29,37,31,0,0,false
2023-02-14 23:59:06,2023-02-15 23:25:23,UTC-06:00,2023-02-15 13:52:53,2023-02-15 14:47:03,54,Weightlifting,5.4,141.0,128,88,53,10,0,0,0,false
2023-02-14 23:59:06,2023-02-15 23:25:23,UTC-06:00,2023-02-15 08:17:05,2023-02-15 08:38:48,21,Swimming,5.9,122.0,161,108,37,26,21,8,0,false
2023-02-13 23:30:57,2023-02-14 23:59:06,UTC-06:00,2023-02-14 08:11:42,2023-02-14 08:56:00,44,Stairmaster,7.1,231.0,140,105,43,32,16,0,0,false
2023-02-13 23:30:57,2023-02-14 23:59:06,UTC-06:00,2023-02-14 07:17:36,2023-02-14 08:11:27,53,Weightlifting,4.4,89.0,111,80,29,0,0,0,0,false
2023-02-12 23:21:01,2023-02-13 23:30:57,UTC-06:00,2023-02-13 14:51:18,2023-02-13 15:25:38,34,Stairmaster,9.4,307.0,150,126,10,17,58,13,0,false
2023-02-12 23:21:01,2023-02-13 23:30:57,UTC-06:00,2023-02-13 13:31:30,2023-02-13 14:50:42,79,Weightlifting,4.9,150.0,133,81,29,6,0,0,0,false
2023-02-12 00:20:54,2023-02-12 23:21:01,UTC-06:00,2023-02-12 10:56:00,2023-02-12 11:14:00,18,Swimming,6.6,141.0,167,121,4,18,51,15,1,false
2023-02-12 00:20:54,2023-02-12 23:21:01,UTC-06:00,2023-02-12 08:31:20,2023-02-12 09:39:31,68,Weightlifting,4.4,108.0,128,79,23,3,0,0,0,false
2023-02-10 23:58:23,2023-02-12 00:20:54,UTC-06:00,2023-02-11 10:47:34,2023-02-11 12:03:19,75,Soccer,14.7,620.0,181,124,31,26,8,11,22,false
2023-02-10 23:58:23,2023-02-12 00:20:54,UTC-06:00,2023-02-11 09:18:29,2023-02-11 10:23:54,65,Weightlifting,4.8,126.0,138,82,20,6,3,0,0,false
2023-02-10 00:18:25,2023-02-10 23:58:23,UTC-06:00,2023-02-10 15:19:55,2023-02-10 16:05:38,45,Stairmaster,11.0,373.0,160,124,21,7,28,37,0,false
2023-02-10 00:18:25,2023-02-10 23:58:23,UTC-06:00,2023-02-10 14:19:47,2023-02-10 15:19:33,59,Weightlifting,4.9,129.0,127,89,44,16,0,0,0,false
2023-02-09 00:05:52,2023-02-10 00:18:25,UTC-06:00,2023-02-09 15:09:17,2023-02-09 15:45:02,35,Stairmaster,8.0,230.0,152,117,28,13,37,14,0,false
2023-02-09 00:05:52,2023-02-10 00:18:25,UTC-06:00,2023-02-09 13:50:37,2023-02-09 15:09:05,78,Weightlifting,4.8,139.0,123,88,46,10,0,0,0,false
2023-02-09 00:05:52,2023-02-10 00:18:25,UTC-06:00,2023-02-09 07:50:46,2023-02-09 08:15:26,24,Swimming,7.5,168.0,164,117,17,8,21,33,1,false
2023-02-07 23:57:53,2023-02-09 00:05:52,UTC-06:00,2023-02-08 15:25:18,2023-02-08 15:50:58,25,Stairmaster,8.1,233.0,150,129,9,8,70,13,0,false
2023-02-07 23:57:53,2023-02-09 00:05:52,UTC-06:00,2023-02-08 14:21:59,2023-02-08 15:25:07,63,Weightlifting,4.7,112.0,118,90,62,7,0,0,0,false
2023-02-07 23:57:53,2023-02-09 00:05:52,UTC-06:00,2023-02-08 08:01:20,2023-02-08 08:23:51,22,Swimming,6.7,171.0,152,121,3,22,54,13,0,false
2023-02-06 22:47:40,2023-02-07 23:57:53,UTC-06:00,2023-02-07 19:13:55,2023-02-07 19:45:59,32,Stairmaster,8.6,265.0,150,123,8,23,55,8,0,false
2023-02-06 22:47:40,2023-02-07 23:57:53,UTC-06:00,2023-02-07 13:56:36,2023-02-07 14:45:59,49,Weightlifting,4.3,81.0,116,83,34,4,0,0,0,false
2023-02-06 22:47:40,2023-02-07 23:57:53,UTC-06:00,2023-02-07 07:57:27,2023-02-07 08:23:12,25,Swimming,5.9,130.0,157,103,14,27,16,10,0,false
2023-02-05 20:32:13,2023-02-06 22:47:40,UTC-06:00,2023-02-06 12:46:25,2023-02-06 13:24:11,37,Stairmaster,10.7,356.0,157,129,7,14,47,27,0,false
2023-02-05 20:32:13,2023-02-06 22:47:40,UTC-06:00,2023-02-06 11:35:22,2023-02-06 12:46:03,70,Weightlifting,5.6,178.0,132,88,43,16,0,0,0,false
2023-02-04 00:20:00,2023-02-04 23:52:25,UTC-06:00,2023-02-04 11:06:00,2023-02-04 11:57:19,51,Soccer,11.5,420.0,161,124,20,19,24,34,0,false
2023-02-03 00:16:13,2023-02-04 00:20:00,UTC-06:00,2023-02-03 08:10:57,2023-02-03 09:25:52,74,Weightlifting,4.3,112.0,115,79,21,1,0,0,0,false
2023-02-02 00:13:19,2023-02-03 00:16:13,UTC-06:00,2023-02-02 15:46:24,2023-02-02 16:32:43,46,Stairmaster,9.6,347.0,151,118,20,26,43,7,0,false
2023-02-02 00:13:19,2023-02-03 00:16:13,UTC-06:00,2023-02-02 14:30:00,2023-02-02 15:45:00,75,Weightlifting,4.9,139.0,125,84,38,3,0,0,0,false
2023-02-01 00:15:28,2023-02-02 00:13:19,UTC-06:00,2023-02-01 13:58:40,2023-02-01 15:32:12,93,Weightlifting,6.0,229.0,122,90,40,16,0,0,0,false
2023-01-31 00:46:35,2023-02-01 00:15:28,UTC-06:00,2023-01-31 15:18:26,2023-01-31 15:38:32,20,Running,5.3,107.0,130,109,15,65,14,0,0,false
2023-01-31 00:46:35,2023-02-01 00:15:28,UTC-06:00,2023-01-31 14:11:37,2023-01-31 15:18:16,66,Weightlifting,4.6,119.0,119,84,30,8,0,0,0,false
2023-01-31 00:46:35,2023-02-01 00:15:28,UTC-06:00,2023-01-31 07:49:41,2023-01-31 08:14:02,24,Swimming,6.9,166.0,155,116,16,13,46,11,0,false
2023-01-29 23:29:01,2023-01-31 00:46:35,UTC-06:00,2023-01-30 15:49:44,2023-01-30 16:05:51,16,Running,5.3,100.0,127,113,6,73,9,0,0,false
2023-01-29 23:29:01,2023-01-31 00:46:35,UTC-06:00,2023-01-30 14:30:00,2023-01-30 15:49:00,79,Weightlifting,5.2,163.0,124,85,43,8,0,0,0,false
2023-01-29 23:29:01,2023-01-31 00:46:35,UTC-06:00,2023-01-30 07:37:50,2023-01-30 07:58:51,21,Swimming,7.6,181.0,165,124,7,14,44,27,0,false
2023-01-29 01:27:03,2023-01-29 23:29:01,UTC-06:00,2023-01-29 13:13:52,2023-01-29 13:34:52,20,Swimming,7.8,185.0,165,126,10,22,37,29,0,false
2023-01-29 01:27:03,2023-01-29 23:29:01,UTC-06:00,2023-01-29 11:35:08,2023-01-29 12:49:36,74,Weightlifting,4.2,103.0,103,77,18,0,0,0,0,false
2023-01-27 23:19:13,2023-01-29 01:27:03,UTC-06:00,2023-01-28 10:24:50,2023-01-28 11:21:14,56,Soccer,16.4,705.0,177,144,9,16,13,15,47,false
2023-01-27 23:19:13,2023-01-29 01:27:03,UTC-06:00,2023-01-28 09:00:00,2023-01-28 09:45:00,45,Weightlifting,5.0,112.0,133,89,31,17,1,0,0,false
2023-01-27 00:43:17,2023-01-27 23:19:13,UTC-06:00,2023-01-27 08:18:28,2023-01-27 08:52:08,33,Running,5.8,152.0,125,102,47,43,0,0,0,false
2023-01-27 00:43:17,2023-01-27 23:19:13,UTC-06:00,2023-01-27 07:18:00,2023-01-27 08:18:00,60,Weightlifting,4.4,94.0,111,75,28,0,0,0,0,false
2023-01-26 01:00:20,2023-01-27 00:43:17,UTC-06:00,2023-01-26 07:51:00,2023-01-26 08:29:47,38,Running,6.3,193.0,122,104,32,60,0,0,0,false
2023-01-26 01:00:20,2023-01-27 00:43:17,UTC-06:00,2023-01-26 07:06:00,2023-01-26 07:50:52,44,Weightlifting,5.7,154.0,119,96,64,21,0,0,0,false
2023-01-24 23:52:22,2023-01-26 01:00:20,UTC-06:00,2023-01-25 06:01:48,2023-01-25 06:20:43,18,Running,7.0,173.0,135,125,7,10,83,0,0,false
2023-01-24 23:52:22,2023-01-26 01:00:20,UTC-06:00,2023-01-25 05:20:00,2023-01-25 06:00:00,40,Weightlifting,5.7,159.0,125,97,42,34,0,0,0,false
2023-01-23 23:56:57,2023-01-24 23:52:22,UTC-06:00,2023-01-24 16:09:28,2023-01-24 16:42:24,32,Stairmaster,8.8,284.0,148,125,8,24,63,5,0,false
2023-01-23 23:56:57,2023-01-24 23:52:22,UTC-06:00,2023-01-24 15:08:00,2023-01-24 16:08:00,60,Weightlifting,4.4,96.0,122,79,29,3,0,0,0,false
2023-01-22 22:24:19,2023-01-23 23:56:57,UTC-06:00,2023-01-23 20:00:00,2023-01-23 20:41:00,41,Running,7.0,232.0,139,110,14,57,17,0,0,false
2023-01-22 22:24:19,2023-01-23 23:56:57,UTC-06:00,2023-01-23 13:19:51,2023-01-23 14:14:03,54,Weightlifting,5.9,182.0,133,98,50,31,1,0,0,false
2023-01-21 01:12:41,2023-01-22 06:06:04,UTC-06:00,2023-01-21 12:33:18,2023-01-21 13:42:32,69,Soccer,17.0,820.0,183,140,13,18,10,20,39,false
2023-01-21 01:12:41,2023-01-22 06:06:04,UTC-06:00,2023-01-21 11:00:12,2023-01-21 12:11:46,71,Weightlifting,5.3,155.0,121,87,46,5,0,0,0,false
2023-01-20 01:20:12,2023-01-21 01:12:41,UTC-06:00,2023-01-20 15:28:13,2023-01-20 15:50:58,22,Stairmaster,7.0,164.0,148,117,26,21,39,9,0,false
2023-01-20 01:20:12,2023-01-21 01:12:41,UTC-06:00,2023-01-20 14:07:13,2023-01-20 15:27:35,80,Weightlifting,5.0,150.0,119,84,40,2,0,0,0,false
2023-01-19 00:47:08,2023-01-20 01:20:12,UTC-06:00,2023-01-19 16:08:00,2023-01-19 16:23:00,15,Running,5.8,113.0,133,119,8,25,62,0,0,false
2023-01-19 00:47:08,2023-01-20 01:20:12,UTC-06:00,2023-01-19 15:00:00,2023-01-19 16:07:00,67,Weightlifting,4.8,124.0,119,84,39,4,0,0,0,false
2023-01-19 00:47:08,2023-01-20 01:20:12,UTC-06:00,2023-01-19 08:12:16,2023-01-19 08:37:00,24,Swimming,7.0,183.0,150,118,16,23,47,10,0,false
2023-01-18 00:34:21,2023-01-19 00:47:08,UTC-06:00,2023-01-18 15:46:14,2023-01-18 15:55:30,9,Running,4.4,38.0,124,100,10,54,0,0,0,false
2023-01-18 00:34:21,2023-01-19 00:47:08,UTC-06:00,2023-01-18 14:38:26,2023-01-18 15:46:04,67,Weightlifting,5.0,138.0,119,85,40,5,0,0,0,false
2023-01-18 00:34:21,2023-01-19 00:47:08,UTC-06:00,2023-01-18 08:11:44,2023-01-18 08:37:08,25,Swimming,7.5,199.0,161,121,15,22,40,20,0,false
2023-01-17 00:39:12,2023-01-18 00:34:21,UTC-06:00,2023-01-17 08:15:00,2023-01-17 08:45:00,30,Running,6.0,159.0,130,107,21,56,9,0,0,false
2023-01-17 00:39:12,2023-01-18 00:34:21,UTC-06:00,2023-01-17 07:00:00,2023-01-17 08:15:00,75,Weightlifting,4.6,124.0,117,81,33,1,0,0,0,false
2023-01-15 23:23:02,2023-01-17 00:39:12,UTC-06:00,2023-01-16 19:59:14,2023-01-16 20:42:35,43,Weightlifting,4.7,85.0,119,88,56,3,0,0,0,false
2023-01-15 23:23:02,2023-01-17 00:39:12,UTC-06:00,2023-01-16 07:29:30,2023-01-16 07:58:44,29,Swimming,9.2,251.0,167,124,15,24,32,23,4,false
2023-01-15 00:42:42,2023-01-15 23:23:02,UTC-06:00,2023-01-15 10:27:04,2023-01-15 11:23:02,55,Weightlifting,4.3,87.0,113,76,23,2,0,0,0,false
2023-01-14 01:30:19,2023-01-15 00:42:42,UTC-06:00,2023-01-14 12:37:06,2023-01-14 13:34:59,57,Soccer,16.0,676.0,177,140,11,20,15,14,40,false
2023-01-14 01:30:19,2023-01-15 00:42:42,UTC-06:00,2023-01-14 11:00:00,2023-01-14 12:15:00,75,Weightlifting,5.9,201.0,124,89,47,13,0,0,0,false
2023-01-13 00:41:31,2023-01-14 01:30:19,UTC-06:00,2023-01-13 14:44:11,2023-01-13 15:47:41,63,Weightlifting,4.5,102.0,123,82,33,3,0,0,0,false
2023-01-13 00:41:31,2023-01-14 01:30:19,UTC-06:00,2023-01-13 08:35:37,2023-01-13 09:04:21,28,Swimming,8.8,252.0,165,126,13,17,41,26,1,false
2023-01-11 23:56:26,2023-01-13 00:41:31,UTC-06:00,2023-01-12 14:51:57,2023-01-12 15:09:15,17,Running,5.3,99.0,130,109,17,60,12,0,0,false
2023-01-11 23:56:26,2023-01-13 00:41:31,UTC-06:00,2023-01-12 13:48:38,2023-01-12 14:51:44,63,Weightlifting,5.4,154.0,125,90,41,19,0,0,0,false
2023-01-11 23:56:26,2023-01-13 00:41:31,UTC-06:00,2023-01-12 07:19:34,2023-01-12 07:57:47,38,Swimming,9.2,281.0,165,118,32,17,25,21,2,false
2023-01-11 00:40:02,2023-01-11 23:56:26,UTC-06:00,2023-01-11 15:31:32,2023-01-11 15:48:13,16,Running,5.3,99.0,128,110,12,74,6,0,0,false
2023-01-11 00:40:02,2023-01-11 23:56:26,UTC-06:00,2023-01-11 14:16:56,2023-01-11 15:31:21,74,Weightlifting,5.1,147.0,127,85,36,6,0,0,0,false
2023-01-11 00:40:02,2023-01-11 23:56:26,UTC-06:00,2023-01-11 07:53:59,2023-01-11 08:23:35,29,Swimming,9.8,271.0,171,126,19,8,26,41,3,false
2023-01-10 00:30:05,2023-01-11 00:40:02,UTC-06:00,2023-01-10 14:50:28,2023-01-10 15:34:38,44,Stairmaster,11.9,412.0,165,127,11,33,17,36,2,false
2023-01-10 00:30:05,2023-01-11 00:40:02,UTC-06:00,2023-01-10 13:31:59,2023-01-10 14:49:30,77,Weightlifting,4.6,121.0,115,80,31,0,0,0,0,false
2023-01-09 00:24:02,2023-01-10 00:30:05,UTC-06:00,2023-01-09 14:41:15,2023-01-09 15:17:40,36,Stairmaster,8.8,286.0,154,121,6,34,39,14,0,false
2023-01-09 00:24:02,2023-01-10 00:30:05,UTC-06:00,2023-01-09 13:25:11,2023-01-09 14:41:01,75,Weightlifting,4.0,101.0,105,76,20,0,0,0,0,false
2023-01-08 01:01:36,2023-01-09 00:24:02,UTC-06:00,2023-01-08 11:25:05,2023-01-08 11:46:07,21,Running,5.3,110.0,126,110,17,82,0,0,0,false
2023-01-08 01:01:36,2023-01-09 00:24:02,UTC-06:00,2023-01-08 10:19:10,2023-01-08 11:24:53,65,Weightlifting,4.9,134.0,125,90,41,12,0,0,0,false
2023-01-07 00:25:50,2023-01-08 01:01:36,UTC-06:00,2023-01-07 16:48:26,2023-01-07 17:59:03,70,Weightlifting,4.3,105.0,116,80,21,1,0,0,0,false
2023-01-07 00:25:50,2023-01-08 01:01:36,UTC-06:00,2023-01-07 09:29:08,2023-01-07 10:46:29,77,Soccer,15.6,661.0,178,124,44,11,3,7,29,false
2023-01-06 01:34:27,2023-01-07 00:25:50,UTC-06:00,2023-01-06 14:35:11,2023-01-06 14:55:55,20,Running,6.1,146.0,132,115,15,70,15,0,0,false
2023-01-06 01:34:27,2023-01-07 00:25:50,UTC-06:00,2023-01-06 13:24:05,2023-01-06 14:34:44,70,Weightlifting,5.3,157.0,120,81,32,8,0,0,0,false
2023-01-06 01:34:27,2023-01-07 00:25:50,UTC-06:00,2023-01-06 08:57:38,2023-01-06 09:34:44,37,Swimming,7.6,232.0,160,110,27,30,26,10,0,false
2023-01-05 00:45:55,2023-01-06 01:34:27,UTC-06:00,2023-01-05 15:33:10,2023-01-05 15:53:55,20,Running,5.8,135.0,126,110,26,73,0,0,0,false
2023-01-05 00:45:55,2023-01-06 01:34:27,UTC-06:00,2023-01-05 14:28:09,2023-01-05 15:33:00,64,Weightlifting,5.8,175.0,122,88,43,10,0,0,0,false
2023-01-05 00:45:55,2023-01-06 01:34:27,UTC-06:00,2023-01-05 08:13:04,2023-01-05 08:43:35,30,Swimming,8.6,255.0,164,120,19,21,45,12,0,false
2023-01-04 00:19:14,2023-01-05 00:45:55,UTC-06:00,2023-01-04 15:21:10,2023-01-04 15:44:40,23,Running,6.3,161.0,138,111,11,74,8,0,0,false
2023-01-04 00:19:14,2023-01-05 00:45:55,UTC-06:00,2023-01-04 13:51:39,2023-01-04 15:20:52,89,Weightlifting,4.7,142.0,113,76,13,0,0,0,0,false
2023-01-04 00:19:14,2023-01-05 00:45:55,UTC-06:00,2023-01-04 07:28:44,2023-01-04 08:03:18,34,Swimming,10.7,331.0,171,127,12,21,29,35,1,false
2023-01-03 00:11:20,2023-01-04 00:19:14,UTC-06:00,2023-01-03 15:06:52,2023-01-03 15:25:37,18,Running,5.5,115.0,134,109,24,66,9,0,0,false
2023-01-03 00:11:20,2023-01-04 00:19:14,UTC-06:00,2023-01-03 13:30:00,2023-01-03 15:05:00,95,Weightlifting,6.0,219.0,123,86,44,4,0,0,0,false
2023-01-03 00:11:20,2023-01-04 00:19:14,UTC-06:00,2023-01-03 07:31:53,2023-01-03 08:09:21,37,Swimming,11.4,360.0,169,127,14,19,19,41,4,false
2023-01-01 23:13:18,2023-01-03 00:11:20,UTC-06:00,2023-01-02 15:07:36,2023-01-02 15:26:23,18,Running,5.2,103.0,126,108,19,77,0,0,0,false
2023-01-01 23:13:18,2023-01-03 00:11:20,UTC-06:00,2023-01-02 14:13:42,2023-01-02 15:06:20,52,Weightlifting,4.6,96.0,113,83,41,2,0,0,0,false
2023-01-01 23:13:18,2023-01-03 00:11:20,UTC-06:00,2023-01-02 07:36:36,2023-01-02 08:07:09,30,Swimming,9.8,301.0,159,130,5,14,45,36,0,false
2023-01-01 02:57:55,2023-01-01 23:13:18,UTC-06:00,2023-01-01 13:15:11,2023-01-01 13:46:54,31,Swimming,8.1,232.0,165,118,17,24,33,21,0,false
2023-01-01 02:57:55,2023-01-01 23:13:18,UTC-06:00,2023-01-01 12:12:57,2023-01-01 13:09:22,56,Weightlifting,2.8,74.0,102,74,5,0,0,0,0,false
2022-12-31 02:05:53,2023-01-01 02:57:55,UTC-06:00,2022-12-31 12:59:28,2022-12-31 13:31:49,32,Swimming,9.6,302.0,168,127,10,18,39,32,1,false
2022-12-31 02:05:53,2023-01-01 02:57:55,UTC-06:00,2022-12-31 11:30:00,2022-12-31 12:50:00,80,Weightlifting,4.2,113.0,109,75,14,0,0,0,0,false
2022-12-30 00:12:35,2022-12-31 02:05:53,UTC-06:00,2022-12-30 09:13:53,2022-12-30 09:42:35,28,Swimming,10.8,308.0,165,135,4,6,25,59,2,false
2022-12-30 00:12:35,2022-12-31 02:05:53,UTC-06:00,2022-12-30 08:00:00,2022-12-30 09:13:00,73,Weightlifting,4.1,98.0,104,71,12,0,0,0,0,false
2022-12-28 22:55:35,2022-12-30 00:12:35,UTC-06:00,2022-12-29 08:41:39,2022-12-29 09:05:31,23,Swimming,7.5,197.0,160,122,7,26,49,16,0,false
2022-12-28 22:55:35,2022-12-30 00:12:35,UTC-06:00,2022-12-29 07:41:37,2022-12-29 08:39:03,57,Weightlifting,4.6,98.0,110,78,40,0,0,0,0,false
2022-12-27 23:22:02,2022-12-28 22:55:35,UTC-06:00,2022-12-28 15:45:00,2022-12-28 16:25:00,40,Swimming,5.9,147.0,155,88,13,18,8,4,0,false
2022-12-27 23:22:02,2022-12-28 22:55:35,UTC-06:00,2022-12-28 08:28:15,2022-12-28 08:53:55,25,Running,6.0,146.0,130,107,28,53,9,0,0,false
2022-12-27 23:22:02,2022-12-28 22:55:35,UTC-06:00,2022-12-28 07:24:06,2022-12-28 08:27:55,63,Weightlifting,4.0,85.0,102,71,4,0,0,0,0,false
2022-12-26 22:51:21,2022-12-27 23:22:02,UTC-06:00,2022-12-27 12:30:00,2022-12-27 15:30:00,180,Hiking,4.6,266.0,133,66,5,2,0,0,0,false
2022-12-26 22:51:21,2022-12-27 23:22:02,UTC-06:00,2022-12-27 07:05:00,2022-12-27 08:15:00,70,Weightlifting,4.7,123.0,130,77,25,3,0,0,0,false
2022-12-25 22:59:15,2022-12-26 22:51:21,UTC-06:00,2022-12-26 21:56:00,2022-12-26 22:06:00,10,Running,4.2,26.0,103,91,63,0,0,0,0,false
2022-12-25 22:59:15,2022-12-26 22:51:21,UTC-06:00,2022-12-26 20:30:00,2022-12-26 21:55:00,85,Weightlifting,4.1,116.0,101,69,7,0,0,0,0,false
2022-12-24 00:12:34,2022-12-25 02:15:14,UTC-06:00,2022-12-24 09:00:00,2022-12-24 10:22:00,82,Weightlifting,4.0,109.0,111,72,12,0,0,0,0,false
2022-12-23 00:04:24,2022-12-24 00:12:34,UTC-06:00,2022-12-23 13:48:38,2022-12-23 14:29:16,40,Stairmaster,12.8,449.0,165,138,3,20,17,59,1,false
2022-12-23 00:04:24,2022-12-24 00:12:34,UTC-06:00,2022-12-23 12:42:04,2022-12-23 13:48:26,66,Weightlifting,6.1,217.0,139,92,26,32,5,0,0,false
2022-12-22 01:04:16,2022-12-23 00:04:24,UTC-06:00,2022-12-22 14:34:08,2022-12-22 15:18:16,44,Stairmaster,10.6,364.0,161,122,26,20,33,20,0,false
2022-12-22 01:04:16,2022-12-23 00:04:24,UTC-06:00,2022-12-22 13:40:01,2022-12-22 14:32:46,52,Weightlifting,4.7,104.0,129,82,36,4,0,0,0,false
2022-12-21 01:53:56,2022-12-22 01:04:16,UTC-06:00,2022-12-21 14:50:15,2022-12-21 15:37:20,47,Stairmaster,10.9,400.0,155,123,21,15,51,11,0,false
2022-12-21 01:53:56,2022-12-22 01:04:16,UTC-06:00,2022-12-21 13:53:40,2022-12-21 14:50:02,56,Weightlifting,4.1,77.0,113,73,12,0,0,0,0,false
2022-12-18 22:40:43,2022-12-19 22:30:57,UTC-06:00,2022-12-19 13:00:00,2022-12-19 14:00:00,60,Weightlifting,4.8,119.0,121,81,40,3,0,0,0,false
2022-12-17 00:15:58,2022-12-18 01:42:42,UTC-06:00,2022-12-17 11:43:56,2022-12-17 12:57:26,73,Soccer,16.4,725.0,179,129,20,18,5,11,37,false
2022-12-17 00:15:58,2022-12-18 01:42:42,UTC-06:00,2022-12-17 10:00:00,2022-12-17 11:00:00,60,Weightlifting,4.4,99.0,121,77,16,3,0,0,0,false
2022-12-16 00:18:55,2022-12-17 00:15:58,UTC-06:00,2022-12-16 15:27:07,2022-12-16 16:01:11,34,Stairmaster,13.0,424.0,168,143,3,5,25,63,4,false
2022-12-16 00:18:55,2022-12-17 00:15:58,UTC-06:00,2022-12-16 14:19:18,2022-12-16 15:26:44,67,Weightlifting,5.0,139.0,130,84,36,8,0,0,0,false
2022-12-14 23:44:26,2022-12-16 00:18:55,UTC-06:00,2022-12-15 08:48:32,2022-12-15 09:25:51,37,Stairmaster,11.8,389.0,163,134,8,16,27,48,1,false
2022-12-14 23:44:26,2022-12-16 00:18:55,UTC-06:00,2022-12-15 07:53:00,2022-12-15 08:48:20,55,Weightlifting,5.8,174.0,138,95,48,25,3,0,0,false
2022-12-13 23:19:20,2022-12-14 23:44:26,UTC-06:00,2022-12-14 07:10:53,2022-12-14 08:16:31,65,Weightlifting,8.0,335.0,140,106,33,53,9,0,0,false
2022-12-13 00:20:15,2022-12-13 23:19:20,UTC-06:00,2022-12-13 15:07:34,2022-12-13 15:56:57,49,Stairmaster,10.0,334.0,158,112,27,20,23,14,0,false
2022-12-13 00:20:15,2022-12-13 23:19:20,UTC-06:00,2022-12-13 13:47:02,2022-12-13 15:07:25,80,Weightlifting,4.3,114.0,115,71,15,0,0,0,0,false
2022-12-11 23:10:41,2022-12-13 00:20:15,UTC-06:00,2022-12-12 14:54:38,2022-12-12 15:38:20,43,Stairmaster,11.5,412.0,159,128,10,34,31,25,0,false
2022-12-11 23:10:41,2022-12-13 00:20:15,UTC-06:00,2022-12-12 13:31:04,2022-12-12 14:54:27,83,Weightlifting,4.4,125.0,110,75,21,0,0,0,0,false
2022-12-10 23:55:05,2022-12-11 23:10:41,UTC-06:00,2022-12-11 08:36:00,2022-12-11 09:36:00,60,Weightlifting,4.0,82.0,110,70,8,0,0,0,0,false
2022-12-10 00:52:35,2022-12-10 23:55:05,UTC-06:00,2022-12-10 11:09:18,2022-12-10 12:21:39,72,Soccer,16.6,781.0,186,134,16,24,13,9,38,false
2022-12-10 00:52:35,2022-12-10 23:55:05,UTC-06:00,2022-12-10 09:43:29,2022-12-10 10:33:24,49,Weightlifting,4.8,115.0,131,80,22,10,1,0,0,false
2022-12-08 23:23:12,2022-12-10 00:52:35,UTC-06:00,2022-12-09 15:37:57,2022-12-09 16:08:29,30,Running,8.1,252.0,149,121,10,36,49,5,0,false
2022-12-08 23:23:12,2022-12-10 00:52:35,UTC-06:00,2022-12-09 14:50:01,2022-12-09 15:37:43,47,Weightlifting,4.8,102.0,131,85,33,6,1,0,0,false
2022-12-07 23:11:20,2022-12-08 23:23:12,UTC-06:00,2022-12-08 15:12:49,2022-12-08 15:56:13,43,Stairmaster,12.2,438.0,163,131,6,29,34,30,1,false
2022-12-07 23:11:20,2022-12-08 23:23:12,UTC-06:00,2022-12-08 14:09:43,2022-12-08 15:12:39,62,Weightlifting,4.6,110.0,124,76,18,5,0,0,0,false
2022-12-07 00:16:14,2022-12-07 23:11:20,UTC-06:00,2022-12-07 12:24:23,2022-12-07 13:00:09,35,High Stress Work,0.5,47.0,92,69,0,0,0,0,0,false
2022-12-07 00:16:14,2022-12-07 23:11:20,UTC-06:00,2022-12-07 08:30:45,2022-12-07 09:11:14,40,Stairmaster,10.9,385.0,156,127,5,29,45,19,0,false
2022-12-07 00:16:14,2022-12-07 23:11:20,UTC-06:00,2022-12-07 07:30:00,2022-12-07 08:30:00,60,Weightlifting,4.0,81.0,104,70,7,0,0,0,0,false
2022-12-05 23:12:26,2022-12-07 00:16:14,UTC-06:00,2022-12-06 14:47:00,2022-12-06 15:28:00,41,Stairmaster,11.4,386.0,161,127,11,32,24,33,0,false
2022-12-05 23:12:26,2022-12-07 00:16:14,UTC-06:00,2022-12-06 13:46:39,2022-12-06 14:46:00,59,Weightlifting,5.1,124.0,122,86,54,3,0,0,0,false
2022-12-04 21:30:30,2022-12-05 23:12:26,UTC-06:00,2022-12-05 14:54:21,2022-12-05 15:37:53,43,Stairmaster,7.8,241.0,152,116,37,26,24,12,0,false
2022-12-04 21:30:30,2022-12-05 23:12:26,UTC-06:00,2022-12-05 14:05:09,2022-12-05 14:53:57,48,Weightlifting,0.0,64.0,106,75,13,0,0,0,0,false
2022-12-03 22:33:48,2022-12-04 21:30:30,UTC-06:00,2022-12-04 10:50:00,2022-12-04 11:45:00,55,Weightlifting,0.0,72.0,110,73,14,0,0,0,0,false
2022-12-02 23:51:39,2022-12-03 22:33:48,UTC-06:00,2022-12-03 12:50:00,2022-12-03 15:00:00,130,Motor Racing,8.8,429.0,160,94,33,14,10,1,0,false
2022-12-02 23:51:39,2022-12-03 22:33:48,UTC-06:00,2022-12-03 08:03:10,2022-12-03 09:07:16,64,Soccer,16.1,753.0,180,140,8,16,16,34,26,false
2022-12-01 23:56:55,2022-12-02 23:51:39,UTC-06:00,2022-12-02 08:13:00,2022-12-02 08:50:00,37,Running,5.9,161.0,127,101,42,49,0,0,0,false
2022-12-01 23:56:55,2022-12-02 23:51:39,UTC-06:00,2022-12-02 07:13:39,2022-12-02 08:12:47,59,Weightlifting,4.3,96.0,122,70,9,4,0,0,0,false
2022-12-01 00:59:30,2022-12-01 23:56:55,UTC-06:00,2022-12-01 14:50:17,2022-12-01 15:39:43,49,Running,6.9,232.0,132,103,32,48,5,0,0,false
2022-12-01 00:59:30,2022-12-01 23:56:55,UTC-06:00,2022-12-01 13:51:22,2022-12-01 14:50:04,58,Weightlifting,4.8,115.0,118,83,37,4,0,0,0,false
2022-11-30 00:46:18,2022-12-01 00:59:30,UTC-06:00,2022-11-30 20:10:29,2022-11-30 20:37:53,27,Running,5.5,132.0,129,102,56,40,0,0,0,false
2022-11-30 00:46:18,2022-12-01 00:59:30,UTC-06:00,2022-11-30 11:46:07,2022-11-30 12:19:34,33,Stairmaster,6.9,205.0,153,109,34,49,15,1,0,false
2022-11-30 00:46:18,2022-12-01 00:59:30,UTC-06:00,2022-11-30 10:45:00,2022-11-30 11:45:00,60,Weightlifting,4.3,91.0,110,73,15,1,0,0,0,false
2022-11-29 00:44:31,2022-11-30 00:46:18,UTC-06:00,2022-11-29 14:40:43,2022-11-29 15:03:24,22,Stairmaster,5.7,136.0,125,109,18,79,0,0,0,false
2022-11-29 00:44:31,2022-11-30 00:46:18,UTC-06:00,2022-11-29 13:23:17,2022-11-29 14:40:34,77,Weightlifting,4.5,124.0,110,75,24,0,0,0,0,false
2022-11-27 22:46:22,2022-11-29 00:44:31,UTC-06:00,2022-11-28 14:14:30,2022-11-28 14:55:40,41,Stairmaster,5.7,156.0,131,104,41,51,2,0,0,false
2022-11-27 22:46:22,2022-11-29 00:44:31,UTC-06:00,2022-11-28 13:15:00,2022-11-28 14:14:00,59,Weightlifting,4.0,79.0,111,77,20,0,0,0,0,false
2022-11-27 00:21:35,2022-11-27 22:46:22,UTC-06:00,2022-11-27 10:00:00,2022-11-27 12:00:00,120,Hiking,6.3,284.0,143,84,21,13,5,0,0,false
2022-11-26 00:58:15,2022-11-27 00:21:35,UTC-06:00,2022-11-26 10:45:00,2022-11-26 11:15:00,30,Running,5.0,94.0,116,92,58,15,0,0,0,false
2022-11-26 00:58:15,2022-11-27 00:21:35,UTC-06:00,2022-11-26 10:00:00,2022-11-26 10:45:00,45,Weightlifting,4.3,69.0,114,77,20,0,0,0,0,false
2022-11-24 23:31:58,2022-11-26 00:58:15,UTC-06:00,2022-11-25 14:30:00,2022-11-25 15:30:00,60,Weightlifting,5.0,123.0,124,84,41,3,0,0,0,false
2022-11-24 00:40:05,2022-11-24 23:31:58,UTC-06:00,2022-11-24 15:01:12,2022-11-24 15:37:29,36,Stairmaster,9.2,289.0,157,118,19,33,24,19,0,false
2022-11-24 00:40:05,2022-11-24 23:31:58,UTC-06:00,2022-11-24 14:00:00,2022-11-24 15:00:00,60,Weightlifting,4.6,103.0,116,78,27,1,0,0,0,false
2022-11-23 00:08:14,2022-11-24 00:40:05,UTC-06:00,2022-11-23 14:45:53,2022-11-23 15:29:47,43,Stairmaster,9.0,309.0,152,114,37,29,22,9,0,false
2022-11-23 00:08:14,2022-11-24 00:40:05,UTC-06:00,2022-11-23 13:54:43,2022-11-23 14:45:24,50,Weightlifting,4.4,86.0,110,76,20,1,0,0,0,false
2022-11-22 00:19:34,2022-11-23 00:08:14,UTC-06:00,2022-11-22 18:25:19,2022-11-22 19:00:55,35,Running,5.7,151.0,132,98,46,34,0,0,0,false
2022-11-22 00:19:34,2022-11-23 00:08:14,UTC-06:00,2022-11-22 08:00:00,2022-11-22 09:07:00,67,Weightlifting,4.6,118.0,125,76,21,3,0,0,0,false
2022-11-21 00:01:36,2022-11-22 00:19:34,UTC-06:00,2022-11-21 12:00:00,2022-11-21 13:04:00,64,Weightlifting,4.3,97.0,122,75,15,1,0,0,0,false
2022-11-19 00:00:13,2022-11-20 04:33:49,UTC-06:00,2022-11-19 10:19:41,2022-11-19 11:26:15,66,Soccer,15.8,694.0,178,131,18,11,8,25,30,false
2022-11-17 23:27:40,2022-11-19 00:00:13,UTC-06:00,2022-11-18 16:10:51,2022-11-18 16:52:03,41,Stairmaster,8.9,285.0,153,113,21,30,23,10,0,false
2022-11-17 23:27:40,2022-11-19 00:00:13,UTC-06:00,2022-11-18 15:03:22,2022-11-18 16:10:41,67,Weightlifting,4.3,100.0,107,71,14,0,0,0,0,false
2022-11-16 23:21:28,2022-11-17 23:27:40,UTC-06:00,2022-11-17 14:53:59,2022-11-17 15:38:31,44,Stairmaster,9.2,323.0,153,115,37,25,27,8,0,false
2022-11-16 23:21:28,2022-11-17 23:27:40,UTC-06:00,2022-11-17 13:54:21,2022-11-17 14:53:50,59,Weightlifting,4.6,105.0,111,80,29,0,0,0,0,false
2022-11-15 23:39:00,2022-11-16 23:21:28,UTC-06:00,2022-11-16 15:05:19,2022-11-16 15:56:46,51,Stairmaster,8.5,297.0,152,106,31,22,22,3,0,false
2022-11-15 23:39:00,2022-11-16 23:21:28,UTC-06:00,2022-11-16 14:00:00,2022-11-16 15:05:00,65,Weightlifting,4.4,100.0,114,72,17,0,0,0,0,false
2022-11-14 23:44:21,2022-11-15 23:39:00,UTC-06:00,2022-11-15 10:10:15,2022-11-15 10:58:28,48,Stairmaster,10.2,386.0,150,119,19,40,31,10,0,false
2022-11-14 23:44:21,2022-11-15 23:39:00,UTC-06:00,2022-11-15 09:12:07,2022-11-15 10:10:02,57,Weightlifting,4.4,97.0,117,77,17,3,0,0,0,false
2022-11-13 23:12:57,2022-11-14 23:44:21,UTC-06:00,2022-11-14 14:49:49,2022-11-14 15:22:17,32,Stairmaster,7.3,215.0,146,118,19,32,44,3,0,false
2022-11-13 23:12:57,2022-11-14 23:44:21,UTC-06:00,2022-11-14 13:47:34,2022-11-14 14:48:15,60,Weightlifting,4.2,89.0,115,77,25,4,0,0,0,false
2022-11-12 23:46:07,2022-11-13 23:12:57,UTC-06:00,2022-11-13 10:18:37,2022-11-13 11:35:56,77,Hiking,5.9,210.0,146,98,48,28,4,0,0,false
2022-11-12 00:11:23,2022-11-12 23:46:07,UTC-06:00,2022-11-12 12:20:02,2022-11-12 13:08:26,48,Soccer,13.0,404.0,171,122,42,7,6,23,17,false
2022-11-12 00:11:23,2022-11-12 23:46:07,UTC-06:00,2022-11-12 09:59:46,2022-11-12 10:41:09,41,Weightlifting,2.8,55.0,101,71,8,0,0,0,0,false
2022-11-10 23:38:15,2022-11-12 00:11:23,UTC-06:00,2022-11-11 15:56:26,2022-11-11 16:28:12,31,Stairmaster,6.6,193.0,134,109,33,54,12,0,0,false
2022-11-10 23:38:15,2022-11-12 00:11:23,UTC-06:00,2022-11-11 14:48:21,2022-11-11 15:56:16,67,Weightlifting,4.3,97.0,102,72,13,0,0,0,0,false
2022-11-10 00:09:44,2022-11-10 23:38:15,UTC-06:00,2022-11-10 13:40:00,2022-11-10 14:46:00,66,Weightlifting,5.7,174.0,122,87,41,11,0,0,0,false
2022-11-08 23:42:09,2022-11-10 00:09:44,UTC-06:00,2022-11-09 08:30:00,2022-11-09 09:15:00,45,Stairmaster,9.4,309.0,148,111,28,19,22,14,0,false
2022-11-08 23:42:09,2022-11-10 00:09:44,UTC-06:00,2022-11-09 07:30:00,2022-11-09 08:30:00,60,Weightlifting,4.7,114.0,132,75,17,2,2,0,0,false
2022-11-07 23:08:12,2022-11-08 23:42:09,UTC-06:00,2022-11-08 15:09:42,2022-11-08 15:47:42,38,High Stress Work,0.0,50.0,80,60,0,0,0,0,0,false
2022-11-07 23:08:12,2022-11-08 23:42:09,UTC-06:00,2022-11-08 08:14:30,2022-11-08 08:57:58,43,Stairmaster,9.2,304.0,152,114,29,33,22,10,0,false
2022-11-07 23:08:12,2022-11-08 23:42:09,UTC-06:00,2022-11-08 07:19:04,2022-11-08 08:14:20,55,Weightlifting,4.0,73.0,97,69,3,0,0,0,0,false
2022-11-06 22:55:40,2022-11-07 23:08:12,UTC-06:00,2022-11-07 14:43:39,2022-11-07 15:22:23,38,Stairmaster,6.8,207.0,144,106,21,35,22,0,0,false
2022-11-06 22:55:40,2022-11-07 23:08:12,UTC-06:00,2022-11-07 13:52:43,2022-11-07 14:43:29,50,Weightlifting,4.1,71.0,109,76,16,0,0,0,0,false
2022-11-05 02:35:34,2022-11-06 05:24:52,UTC-06:00,2022-11-05 11:02:16,2022-11-05 12:11:29,69,Soccer,15.6,666.0,174,128,28,14,6,21,24,false
2022-11-04 01:07:54,2022-11-05 02:35:34,UTC-06:00,2022-11-04 19:17:09,2022-11-04 19:47:45,30,Running,6.6,193.0,130,111,17,66,12,0,0,false
2022-11-04 01:07:54,2022-11-05 02:35:34,UTC-06:00,2022-11-04 18:30:00,2022-11-04 19:16:00,46,Weightlifting,4.3,72.0,114,80,25,1,0,0,0,false
2022-11-02 22:22:48,2022-11-04 01:07:54,UTC-06:00,2022-11-03 14:33:24,2022-11-03 15:14:59,41,Stairmaster,10.4,368.0,159,125,10,40,30,20,0,false
2022-11-02 22:22:48,2022-11-04 01:07:54,UTC-06:00,2022-11-03 13:45:00,2022-11-03 14:31:00,46,Weightlifting,4.3,76.0,113,78,24,2,0,0,0,false
2022-11-02 00:19:17,2022-11-02 22:22:48,UTC-06:00,2022-11-02 14:51:00,2022-11-02 15:24:11,33,Stairmaster,8.6,270.0,155,121,12,29,43,11,0,false
2022-11-02 00:19:17,2022-11-02 22:22:48,UTC-06:00,2022-11-02 13:51:35,2022-11-02 14:50:47,59,Weightlifting,5.0,130.0,123,86,39,9,0,0,0,false
2022-11-01 00:15:18,2022-11-02 00:19:17,UTC-06:00,2022-11-01 14:30:02,2022-11-01 15:13:25,43,Stairmaster,8.6,267.0,156,111,42,17,20,10,0,false
2022-11-01 00:15:18,2022-11-02 00:19:17,UTC-06:00,2022-11-01 13:32:31,2022-11-01 14:29:20,56,Weightlifting,4.1,77.0,101,73,12,0,0,0,0,false
2022-10-30 23:11:40,2022-11-01 00:15:18,UTC-06:00,2022-10-31 14:43:59,2022-10-31 14:51:11,7,Stairmaster,3.4,11.0,104,87,46,0,0,0,0,false
2022-10-30 23:11:40,2022-11-01 00:15:18,UTC-06:00,2022-10-31 13:42:52,2022-10-31 14:43:37,60,Weightlifting,1.6,80.0,98,77,14,0,0,0,0,false
2022-10-29 00:09:45,2022-10-30 02:43:07,UTC-05:00,2022-10-29 11:04:25,2022-10-29 12:13:16,68,Soccer,15.0,656.0,174,129,18,9,9,39,15,false
2022-10-28 01:08:01,2022-10-29 00:09:45,UTC-05:00,2022-10-28 16:17:27,2022-10-28 16:52:21,34,Stairmaster,8.6,265.0,156,120,25,22,35,14,0,false
2022-10-28 01:08:01,2022-10-29 00:09:45,UTC-05:00,2022-10-28 15:33:17,2022-10-28 16:17:14,43,Weightlifting,4.3,65.0,108,78,32,0,0,0,0,false
2022-10-26 23:45:55,2022-10-28 01:08:01,UTC-05:00,2022-10-27 16:08:58,2022-10-27 16:35:54,26,Elliptical,5.4,117.0,140,99,43,28,6,0,0,false
2022-10-26 23:45:55,2022-10-28 01:08:01,UTC-05:00,2022-10-27 15:14:13,2022-10-27 16:08:47,54,Weightlifting,4.0,73.0,99,72,3,0,0,0,0,false
2022-10-25 21:47:16,2022-10-26 23:45:55,UTC-05:00,2022-10-26 19:08:31,2022-10-26 21:24:03,135,Paddle Tennis,13.0,901.0,139,112,23,61,14,0,0,false
2022-10-25 21:47:16,2022-10-26 23:45:55,UTC-05:00,2022-10-26 15:17:08,2022-10-26 15:54:08,36,Stairmaster,7.7,234.0,152,110,33,25,25,4,0,false
2022-10-25 21:47:16,2022-10-26 23:45:55,UTC-05:00,2022-10-26 14:15:13,2022-10-26 15:16:06,60,Weightlifting,4.6,104.0,116,79,29,1,0,0,0,false
2022-10-24 23:42:51,2022-10-25 21:47:16,UTC-05:00,2022-10-25 14:55:38,2022-10-25 15:33:36,37,Stairmaster,9.1,309.0,152,121,19,39,36,6,0,false
2022-10-24 23:42:51,2022-10-25 21:47:16,UTC-05:00,2022-10-25 14:24:35,2022-10-25 14:55:25,30,Weightlifting,4.6,76.0,124,87,41,12,0,0,0,false
2022-10-23 23:10:17,2022-10-24 23:42:51,UTC-05:00,2022-10-24 14:41:48,2022-10-24 15:17:28,35,Stairmaster,8.2,255.0,154,120,25,24,41,7,0,false
2022-10-23 23:10:17,2022-10-24 23:42:51,UTC-05:00,2022-10-24 13:46:04,2022-10-24 14:41:31,55,Weightlifting,4.1,76.0,118,77,27,1,0,0,0,false
2022-10-21 23:25:00,2022-10-23 00:24:08,UTC-05:00,2022-10-22 09:41:01,2022-10-22 10:46:34,65,Soccer,15.0,651.0,174,130,25,8,11,32,18,false
2022-10-19 23:22:36,2022-10-21 05:03:40,UTC-05:00,2022-10-20 14:49:22,2022-10-20 15:15:00,25,Functional Fitness,0.9,34.0,96,70,4,0,0,0,0,false
2022-10-19 23:22:36,2022-10-21 05:03:40,UTC-05:00,2022-10-20 14:34:45,2022-10-20 14:47:49,13,Spin,4.2,29.0,107,90,63,0,0,0,0,false
2022-10-19 23:22:36,2022-10-21 05:03:40,UTC-05:00,2022-10-20 08:25:37,2022-10-20 08:48:45,23,Stairmaster,5.6,122.0,138,108,45,35,17,0,0,false
2022-10-19 23:22:36,2022-10-21 05:03:40,UTC-05:00,2022-10-20 07:40:00,2022-10-20 08:21:00,41,Weightlifting,4.2,59.0,103,80,33,0,0,0,0,false
2022-10-18 23:53:16,2022-10-19 23:22:36,UTC-05:00,2022-10-19 08:54:04,2022-10-19 09:20:38,26,Running,5.7,145.0,126,107,17,75,0,0,0,false
2022-10-18 23:53:16,2022-10-19 23:22:36,UTC-05:00,2022-10-19 08:10:13,2022-10-19 08:53:16,43,Weightlifting,4.2,72.0,120,77,16,5,0,0,0,false
2022-10-18 00:44:24,2022-10-18 23:53:16,UTC-05:00,2022-10-18 19:24:07,2022-10-18 19:46:00,21,Running,5.4,118.0,126,106,46,49,0,0,0,false
2022-10-18 00:44:24,2022-10-18 23:53:16,UTC-05:00,2022-10-18 18:50:14,2022-10-18 19:22:46,32,Weightlifting,4.1,45.0,105,76,9,0,0,0,0,false
2022-10-16 22:49:37,2022-10-18 00:44:24,UTC-05:00,2022-10-17 15:02:38,2022-10-17 15:17:36,14,Running,4.7,64.0,121,105,53,44,0,0,0,false
2022-10-16 22:49:37,2022-10-18 00:44:24,UTC-05:00,2022-10-17 14:11:40,2022-10-17 15:02:19,50,Weightlifting,4.0,67.0,101,71,12,0,0,0,0,false
2022-10-14 22:56:29,2022-10-16 05:33:45,UTC-05:00,2022-10-15 17:21:26,2022-10-15 18:05:50,44,Weightlifting,4.1,63.0,105,77,17,0,0,0,0,false
2022-10-14 22:56:29,2022-10-16 05:33:45,UTC-05:00,2022-10-15 14:57:46,2022-10-15 15:29:10,31,Activity,4.8,82.0,118,92,50,9,0,0,0,false
2022-10-14 22:56:29,2022-10-16 05:33:45,UTC-05:00,2022-10-15 08:52:55,2022-10-15 09:50:18,57,Soccer,15.5,679.0,177,140,14,10,10,43,23,false
2022-10-13 23:50:56,2022-10-14 22:56:29,UTC-05:00,2022-10-14 14:55:47,2022-10-14 15:12:58,17,Running,5.3,104.0,126,110,15,80,0,0,0,false
2022-10-13 23:50:56,2022-10-14 22:56:29,UTC-05:00,2022-10-14 14:02:43,2022-10-14 14:52:57,50,Weightlifting,4.6,86.0,116,83,36,1,0,0,0,false
2022-10-12 23:14:04,2022-10-13 23:50:56,UTC-05:00,2022-10-13 15:47:11,2022-10-13 16:16:14,29,Stairmaster,8.2,253.0,151,124,2,49,42,5,0,false
2022-10-12 23:14:04,2022-10-13 23:50:56,UTC-05:00,2022-10-13 14:50:10,2022-10-13 15:46:59,56,Weightlifting,4.6,105.0,129,80,27,5,0,0,0,false
2022-10-12 00:36:03,2022-10-12 23:14:04,UTC-05:00,2022-10-12 16:02:31,2022-10-12 16:31:57,29,Stairmaster,8.0,240.0,151,121,7,33,48,5,0,false
2022-10-12 00:36:03,2022-10-12 23:14:04,UTC-05:00,2022-10-12 15:10:25,2022-10-12 16:01:47,51,Weightlifting,4.1,69.0,102,74,9,0,0,0,0,false
2022-10-10 23:40:28,2022-10-12 00:36:03,UTC-05:00,2022-10-11 15:26:41,2022-10-11 15:57:53,31,Stairmaster,7.9,250.0,145,121,8,48,41,0,0,false
2022-10-10 23:40:28,2022-10-12 00:36:03,UTC-05:00,2022-10-11 14:36:52,2022-10-11 15:26:21,49,Weightlifting,4.1,68.0,111,75,12,0,0,0,0,false
2022-10-09 22:24:56,2022-10-10 23:40:28,UTC-05:00,2022-10-10 14:53:36,2022-10-10 15:09:05,15,Running,4.4,38.0,113,95,80,9,0,0,0,false
2022-10-09 22:24:56,2022-10-10 23:40:28,UTC-05:00,2022-10-10 14:27:04,2022-10-10 14:52:08,25,Stairmaster,6.5,174.0,149,117,14,44,35,2,0,false
2022-10-09 22:24:56,2022-10-10 23:40:28,UTC-05:00,2022-10-10 13:38:38,2022-10-10 14:26:12,47,Weightlifting,4.2,68.0,111,77,25,0,0,0,0,false
2022-10-08 00:35:51,2022-10-09 03:32:28,UTC-05:00,2022-10-08 23:00:00,2022-10-09 02:00:00,180,Dance,7.7,407.0,129,87,40,2,0,0,0,false
2022-10-05 22:41:01,2022-10-07 00:22:40,UTC-05:00,2022-10-06 15:27:30,2022-10-06 15:48:17,20,Stairmaster,6.5,160.0,142,118,7,60,32,0,0,false
2022-10-05 22:41:01,2022-10-07 00:22:40,UTC-05:00,2022-10-06 14:33:41,2022-10-06 15:27:21,53,Weightlifting,4.9,114.0,113,84,45,2,0,0,0,false
2022-10-04 23:38:42,2022-10-05 22:41:01,UTC-05:00,2022-10-05 14:46:50,2022-10-05 15:21:46,34,Stairmaster,8.3,263.0,153,118,25,37,27,8,0,false
2022-10-04 23:38:42,2022-10-05 22:41:01,UTC-05:00,2022-10-05 13:55:29,2022-10-05 14:46:30,51,Weightlifting,4.2,73.0,104,80,16,0,0,0,0,false
2022-10-03 23:21:08,2022-10-04 23:38:42,UTC-05:00,2022-10-04 14:43:20,2022-10-04 15:16:44,33,Stairmaster,9.3,297.0,154,125,12,29,44,15,0,false
2022-10-03 23:21:08,2022-10-04 23:38:42,UTC-05:00,2022-10-04 13:45:20,2022-10-04 14:43:01,57,Weightlifting,5.1,124.0,117,86,51,4,0,0,0,false
2022-10-03 23:21:08,2022-10-04 23:38:42,UTC-05:00,2022-10-04 11:08:20,2022-10-04 11:42:10,33,High Stress Work,0.0,44.0,84,67,0,0,0,0,0,false
2022-10-02 22:54:24,2022-10-03 23:21:08,UTC-05:00,2022-10-03 14:51:36,2022-10-03 15:22:53,31,Stairmaster,7.0,217.0,136,114,11,71,13,0,0,false
2022-10-02 22:54:24,2022-10-03 23:21:08,UTC-05:00,2022-10-03 13:44:41,2022-10-03 14:50:06,65,Weightlifting,4.8,123.0,118,82,29,4,0,0,0,false
2022-10-01 00:36:31,2022-10-02 01:51:20,UTC-05:00,2022-10-01 11:00:35,2022-10-01 12:08:12,67,Soccer,15.6,655.0,177,128,23,12,11,16,28,false
2022-10-01 00:36:31,2022-10-02 01:51:20,UTC-05:00,2022-10-01 09:49:59,2022-10-01 10:13:57,23,Weightlifting,4.9,83.0,122,96,75,15,0,0,0,false
2022-09-29 23:58:42,2022-10-01 00:36:31,UTC-05:00,2022-09-30 14:50:44,2022-09-30 15:22:18,31,Stairmaster,7.9,239.0,154,119,20,39,32,8,0,false
2022-09-29 23:58:42,2022-10-01 00:36:31,UTC-05:00,2022-09-30 14:07:44,2022-09-30 14:50:14,42,Weightlifting,5.0,111.0,127,90,48,14,0,0,0,false
2022-09-29 01:08:56,2022-09-29 23:58:42,UTC-05:00,2022-09-29 19:20:50,2022-09-29 19:51:59,31,Stairmaster,5.6,140.0,134,106,52,37,1,0,0,false
2022-09-29 01:08:56,2022-09-29 23:58:42,UTC-05:00,2022-09-29 18:47:27,2022-09-29 19:20:23,32,Weightlifting,3.8,46.0,121,74,4,1,0,0,0,false
2022-09-27 01:29:09,2022-09-28 04:16:15,UTC-07:00,2022-09-27 10:43:21,2022-09-27 11:32:26,49,Weightlifting,2.2,65.0,123,70,5,0,0,0,0,false
2022-09-24 23:17:11,2022-09-25 23:25:40,UTC-07:00,2022-09-25 07:54:45,2022-09-25 08:33:49,39,Weightlifting,0.5,51.0,98,76,1,0,0,0,0,false
2022-09-23 22:32:41,2022-09-24 23:17:11,UTC-07:00,2022-09-24 07:32:09,2022-09-24 08:25:28,53,Weightlifting,0.0,69.0,101,70,2,0,0,0,0,false
2022-09-23 00:00:00,2022-09-23 22:32:41,UTC-07:00,2022-09-23 13:19:36,2022-09-23 13:20:24,0,Walking,0.0,1.0,78,70,0,0,0,0,0,false
